protein_accession	foldseek_rank	query	target	evalue	bits	prob	alnlen	pident	lddt	alntmscore	qtmscore	ttmscore	taxid	taxname
YP_009551593.1	1	YP_009551593.1	9dze-assembly1_h	1.750E+00	43	0.277	221	13.100	3.742E-01	4.002E-01	2.512E-01	2.734E-01	32630	synthetic construct
YP_009551593.1	2	YP_009551593.1	5dlq-assembly1_B	2.100E+00	41	0.233	318	11.600	3.922E-01	3.808E-01	3.405E-01	1.341E-01	10090	Mus musculus
YP_009551593.1	3	YP_009551593.1	6e9v-assembly1_Q	1.110E+00	41	0.233	230	15.600	3.694E-01	3.143E-01	2.181E-01	2.953E-01	32630	synthetic construct
YP_009551593.1	4	YP_009551593.1	6w2q-assembly1_A	1.672E+00	39	0.196	234	14.500	3.542E-01	3.467E-01	2.430E-01	3.365E-01	32630	synthetic construct
YP_009551593.1	5	YP_009551593.1	5cwm-assembly1_A	8.071E-01	39	0.196	242	14.000	3.574E-01	2.682E-01	2.074E-01	2.517E-01	32630	synthetic construct
YP_009551593.1	6	YP_009551593.1	8fbo-assembly1_C	1.459E+00	35	0.138	291	13.000	3.514E-01	2.711E-01	2.274E-01	2.613E-01	32630	synthetic construct
YP_009551593.1	7	YP_009551593.1	7t8n-assembly1_BBB-2	3.795E+00	34	0.126	121	14.000	3.044E-01	4.247E-01	1.742E-01	3.624E-01	83333	Escherichia coli K-12
YP_009551593.1	8	YP_009551593.1	8e0o-assembly1_C	8.611E+00	32	0.106	174	10.900	3.873E-01	4.489E-01	2.499E-01	4.303E-01	32630	synthetic construct
YP_009551593.1	9	YP_009551593.1	8f6q-assembly1_A	4.765E+00	32	0.106	215	12.000	3.689E-01	3.633E-01	2.403E-01	3.274E-01	32630	synthetic construct
YP_009551593.1	10	YP_009551593.1	7li3-assembly1_A	4.156E+00	31	0.098	149	14.000	3.526E-01	3.323E-01	2.043E-01	5.147E-02	9606	Homo sapiens
YP_009551593.1	11	YP_009551593.1	8gab-assembly2_C	7.862E+00	31	0.098	132	10.600	3.621E-01	4.435E-01	1.866E-01	4.371E-01	32630	synthetic construct
YP_009551593.1	12	YP_009551593.1	6e9z-assembly1_B	2.006E+00	31	0.098	232	14.200	3.487E-01	2.372E-01	1.726E-01	2.099E-01	32630	synthetic construct
YP_009551593.1	13	YP_009551593.1	7ju4-assembly1_n	7.512E+00	30	0.090	196	11.700	3.587E-01	4.122E-01	2.815E-01	2.803E-01	3055	Chlamydomonas reinhardtii
YP_009551593.1	14	YP_009551593.1	7z52-assembly1_B	3.464E+00	30	0.090	210	10.900	2.980E-01	3.223E-01	1.743E-01	8.589E-02	9606	Homo sapiens
YP_009551593.1	15	YP_009551593.1	6yxy-assembly1_BF	9.872E+00	29	0.082	171	12.200	3.679E-01	4.369E-01	2.438E-01	2.198E-01	5702	Trypanosoma brucei brucei
YP_009551593.1	16	YP_009551593.1	4yv6-assembly1_A	6.858E+00	29	0.082	225	8.400	3.729E-01	3.406E-01	2.271E-01	2.550E-01	1334	Streptococcus dysgalactiae
YP_009551593.1	17	YP_009551593.1	6e9t-assembly1_B	3.310E+00	29	0.082	239	17.100	3.435E-01	2.710E-01	2.174E-01	2.596E-01	32630	synthetic construct
YP_009551593.1	18	YP_009551593.1	5mjz-assembly2_B	2.407E+00	29	0.082	178	11.200	3.156E-01	2.556E-01	1.738E-01	1.614E-01	9606	Homo sapiens
YP_009551593.1	19	YP_009551593.1	7mu5-assembly2_H	8.228E+00	29	0.082	99	15.100	3.192E-01	4.487E-01	1.730E-01	4.074E-01	9606	Homo sapiens
YP_009551593.1	20	YP_009551593.1	9c47-assembly1_C	4.350E+00	28	0.076	288	14.200	3.352E-01	2.845E-01	2.514E-01	5.009E-02	9606	Homo sapiens
YP_009005751.1	1	YP_009005751.1	3n3f-assembly2_B	1.873E+00	56	0.663	47	6.300	6.597E-01	7.750E-01	1.342E-01	6.598E-01	9606	Homo sapiens
YP_009005751.1	2	YP_009005751.1	3n3f-assembly1_A	5.179E+00	45	0.326	47	6.300	6.717E-01	7.624E-01	1.317E-01	6.390E-01	9606	Homo sapiens
YP_009005751.1	3	YP_009005751.1	6x3m-assembly3_H	2.299E-01	44	0.301	140	14.200	5.599E-01	2.830E-01	1.151E-01	9.991E-02	12366	Streptococcus pyogenes phage H4489A
YP_009005751.1	4	YP_009005751.1	1yu4-assembly1_C	2.923E+00	42	0.254	43	18.600	5.554E-01	6.250E-01	1.156E-01	9.371E-02	263374	Bordetella phage BMP-1
YP_009005751.1	5	YP_009005751.1	3hon-assembly1_A	2.266E+00	40	0.214	55	3.600	5.136E-01	5.510E-01	1.088E-01	4.659E-01	9606	Homo sapiens
YP_009005751.1	6	YP_009005751.1	6x3m-assembly2_D	7.218E-01	37	0.164	134	13.400	5.547E-01	2.794E-01	1.268E-01	1.129E-01	12366	Streptococcus pyogenes phage H4489A
YP_009005751.1	7	YP_009005751.1	3eka-assembly1_A	9.308E-01	37	0.164	107	14.000	5.505E-01	3.171E-01	1.157E-01	1.057E-01	1314	Streptococcus pyogenes
YP_009005751.1	8	YP_009005751.1	1yu3-assembly1_A	4.280E+00	36	0.150	38	21.000	4.984E-01	6.185E-01	1.063E-01	8.623E-02	263375	Bordetella phage BIP-1
YP_009005751.1	9	YP_009005751.1	6x3m-assembly1_B	4.341E-01	36	0.150	113	15.900	5.124E-01	2.479E-01	1.008E-01	8.767E-02	12366	Streptococcus pyogenes phage H4489A
YP_009005751.1	10	YP_009005751.1	6x3m-assembly2_E	4.074E-01	34	0.126	140	16.400	4.512E-01	2.535E-01	1.154E-01	1.009E-01	12366	Streptococcus pyogenes phage H4489A
YP_009005751.1	11	YP_009005751.1	1yu2-assembly1_A	5.881E+00	34	0.126	43	23.200	5.399E-01	6.003E-01	1.141E-01	9.241E-02	263374	Bordetella phage BMP-1
YP_009005751.1	12	YP_009005751.1	1yu1-assembly1_A-3	3.114E+00	34	0.126	49	18.300	4.446E-01	5.297E-01	8.688E-02	7.186E-02	194699	Rauchvirus BPP1
YP_009005751.1	13	YP_009005751.1	6x3m-assembly1_C	4.626E-01	33	0.116	178	14.000	5.064E-01	2.154E-01	1.033E-01	8.698E-02	12366	Streptococcus pyogenes phage H4489A
YP_009005751.1	14	YP_009005751.1	2c3f-assembly1_A	4.930E-01	32	0.106	188	12.200	4.316E-01	2.373E-01	1.175E-01	1.106E-01	1314	Streptococcus pyogenes
YP_009005751.1	15	YP_009005751.1	2dp5-assembly1_A	1.996E+00	29	0.082	88	15.900	5.117E-01	2.875E-01	9.410E-02	8.680E-02	1314	Streptococcus pyogenes
YP_009005751.1	16	YP_009005751.1	3rmp-assembly1_C	9.177E+00	21	0.034	40	17.500	4.875E-01	3.339E-01	8.761E-02	2.425E-01	632	Yersinia pestis
YP_009005751.1	17	YP_009005751.1	3jtz-assembly1_A	7.583E+00	21	0.034	45	22.200	4.671E-01	3.082E-01	8.602E-02	2.210E-01	632	Yersinia pestis
YP_009005751.1	18	YP_009005751.1	5itd-assembly1_B	3.537E+00	19	0.024	173	9.800	5.200E-01	1.608E-01	8.465E-02	1.021E-01	9606	Homo sapiens
YP_009005751.1	19	YP_009005751.1	4jps-assembly1_B	7.583E+00	18	0.020	167	9.500	5.129E-01	1.968E-01	1.116E-01	1.372E-01	9606	Homo sapiens
YP_009005751.1	20	YP_009005751.1	6wjd-assembly1_E	8.081E+00	16	0.014	168	11.300	4.963E-01	1.786E-01	1.093E-01	9.260E-02	9606	Homo sapiens
YP_009874070.1	1	YP_009874070.1	8dgc-assembly1_H	1.481E-17	398	1.000	559	14.800	5.116E-01	5.187E-01	4.600E-01	4.593E-01	2744002	Escherichia phage PhiV-1
YP_009874070.1	2	YP_009874070.1	6z6d-assembly1_A	1.921E-11	240	1.000	514	12.800	4.283E-01	4.843E-01	4.112E-01	4.503E-01	37554	Byrnievirus HK97
YP_009874070.1	3	YP_009874070.1	4bij-assembly1_A	1.348E-09	191	1.000	499	11.600	4.487E-01	3.970E-01	3.303E-01	3.675E-01	10760	Escherichia phage T7
YP_009874070.1	4	YP_009874070.1	4bil-assembly1_A	5.696E-10	191	1.000	496	12.500	4.356E-01	3.824E-01	3.205E-01	3.546E-01	10760	Escherichia phage T7
YP_009874070.1	5	YP_009874070.1	4iee-assembly1_A	3.412E-11	218	1.000	487	9.000	4.563E-01	3.896E-01	3.200E-01	3.706E-01	10761	Lederbergvirus Sf6
YP_009874070.1	6	YP_009874070.1	4iei-assembly1_A	1.624E-12	238	1.000	484	9.500	4.447E-01	3.914E-01	3.197E-01	3.732E-01	10761	Lederbergvirus Sf6
YP_009874070.1	7	YP_009874070.1	4ife-assembly1_A	8.077E-11	201	1.000	479	9.800	4.077E-01	3.945E-01	3.161E-01	3.796E-01	10761	Lederbergvirus Sf6
YP_009874070.1	8	YP_009874070.1	3ezk-assembly1_A	7.333E-15	267	1.000	529	14.300	4.570E-01	3.546E-01	3.107E-01	3.029E-01	10665	Tequatrovirus T4
YP_009874070.1	9	YP_009874070.1	6m5r-assembly1_A	2.749E-14	239	1.000	540	14.000	4.042E-01	3.455E-01	3.091E-01	2.634E-01	10299	Human alphaherpesvirus 1 strain 17
YP_009874070.1	10	YP_009874070.1	3cpe-assembly1_A	2.774E-16	305	1.000	485	15.000	4.694E-01	3.821E-01	3.063E-01	2.986E-01	10665	Tequatrovirus T4
YP_009874070.1	11	YP_009874070.1	6m5v-assembly1_A	4.838E-12	214	1.000	523	13.300	4.188E-01	3.615E-01	3.018E-01	2.801E-01	10299	Human alphaherpesvirus 1 strain 17
YP_009874070.1	12	YP_009874070.1	4iox-assembly1_A	1.580E-06	196	1.000	229	15.700	4.965E-01	7.106E-01	2.926E-01	6.276E-01	10298	Human alphaherpesvirus 1
YP_009874070.1	13	YP_009874070.1	3n4q-assembly1_B	7.005E-05	154	1.000	220	14.000	4.925E-01	6.879E-01	2.804E-01	6.040E-01	10363	Human herpesvirus 5 strain Towne
YP_009874070.1	14	YP_009874070.1	6ey7-assembly2_B	6.644E-06	178	1.000	220	13.600	4.978E-01	6.864E-01	2.757E-01	5.830E-01	10360	Human herpesvirus 5 strain AD169
YP_009874070.1	15	YP_009874070.1	3n4p-assembly1_B	2.491E-05	153	1.000	222	13.500	4.454E-01	6.645E-01	2.738E-01	5.726E-01	10363	Human herpesvirus 5 strain Towne
YP_009874070.1	16	YP_009874070.1	6ey7-assembly1_A	4.177E-05	156	1.000	221	13.100	4.883E-01	6.658E-01	2.648E-01	5.651E-01	10360	Human herpesvirus 5 strain AD169
YP_009874070.1	17	YP_009874070.1	3c6a-assembly1_A	3.516E-05	167	1.000	203	10.800	5.214E-01	7.052E-01	2.624E-01	6.482E-01	50948	Escherichia phage RB49
YP_009874070.1	18	YP_009874070.1	6ey7-assembly3_C	3.134E-05	151	1.000	219	14.100	4.640E-01	6.347E-01	2.602E-01	5.500E-01	10360	Human herpesvirus 5 strain AD169
YP_009874070.1	19	YP_009874070.1	6ey7-assembly4_D	9.293E-04	115	1.000	219	11.800	4.512E-01	6.148E-01	2.487E-01	5.444E-01	10360	Human herpesvirus 5 strain AD169
YP_009874070.1	20	YP_009874070.1	3n4q-assembly2_D	7.858E-05	132	1.000	219	11.800	4.195E-01	6.016E-01	2.477E-01	5.348E-01	10363	Human herpesvirus 5 strain Towne
YP_009337301.1	1	YP_009337301.1	2zzq-assembly1_A	1.801E-08	306	1.000	192	16.100	6.405E-01	8.444E-01	7.351E-01	3.201E-01	31769	Hepatitis E virus (strain Myanmar)
YP_009337301.1	2	YP_009337301.1	2izw-assembly1_B	4.826E-12	459	1.000	169	15.900	7.436E-01	8.942E-01	7.264E-01	7.951E-01	119910	Ryegrass mottle virus
YP_009337301.1	3	YP_009337301.1	4y5z-assembly1_1	2.928E-11	415	1.000	193	12.400	6.994E-01	8.741E-01	7.250E-01	7.426E-01	93061	Staphylococcus aureus subsp. aureus NCTC 8325
YP_009337301.1	4	YP_009337301.1	2vq0-assembly1_C	1.266E-10	391	1.000	195	12.300	6.953E-01	8.642E-01	7.214E-01	6.706E-01	12558	Sesbania mosaic virus
YP_009337301.1	5	YP_009337301.1	1x35-assembly1_C	2.948E-10	379	1.000	195	12.300	6.935E-01	8.635E-01	7.201E-01	6.365E-01	12558	Sesbania mosaic virus
YP_009337301.1	6	YP_009337301.1	1x33-assembly1_C	9.032E-11	393	1.000	194	11.800	6.879E-01	8.624E-01	7.198E-01	6.361E-01	12558	Sesbania mosaic virus
YP_009337301.1	7	YP_009337301.1	2wlp-assembly2_B	2.948E-10	384	1.000	192	13.000	7.065E-01	8.731E-01	7.194E-01	7.406E-01	12558	Sesbania mosaic virus
YP_009337301.1	8	YP_009337301.1	6lb0-assembly1_A	3.540E-08	297	1.000	185	15.100	6.322E-01	8.556E-01	7.167E-01	4.525E-01	12461	Paslahepevirus balayani
YP_009337301.1	9	YP_009337301.1	1smv-assembly1_A	1.678E-10	384	1.000	194	12.800	6.854E-01	8.622E-01	7.156E-01	7.190E-01	12558	Sesbania mosaic virus
YP_009337301.1	10	YP_009337301.1	3hag-assembly1_A	3.963E-08	278	1.000	208	15.300	6.270E-01	7.606E-01	7.148E-01	3.201E-01	12461	Paslahepevirus balayani
YP_009337301.1	11	YP_009337301.1	2izw-assembly1_C	5.440E-11	410	1.000	170	16.400	7.154E-01	8.729E-01	7.106E-01	6.753E-01	119910	Ryegrass mottle virus
YP_009337301.1	12	YP_009337301.1	1vb2-assembly1_A	1.974E-11	414	1.000	192	13.000	6.894E-01	8.626E-01	7.097E-01	7.236E-01	12558	Sesbania mosaic virus
YP_009337301.1	13	YP_009337301.1	4sbv-assembly1_B-31	2.948E-10	366	1.000	194	13.400	6.590E-01	8.494E-01	7.078E-01	7.011E-01	12139	Southern bean mosaic virus
YP_009337301.1	14	YP_009337301.1	6lat-assembly1_A	1.368E-07	273	1.000	184	16.300	6.127E-01	8.435E-01	7.077E-01	3.247E-01	12461	Paslahepevirus balayani
YP_009337301.1	15	YP_009337301.1	1c8n-assembly1_A	2.653E-09	340	1.000	188	14.300	6.681E-01	8.523E-01	7.061E-01	7.340E-01	12054	unidentified tobacco necrosis virus
YP_009337301.1	16	YP_009337301.1	2ztn-assembly1_A	7.312E-09	313	1.000	185	14.500	6.222E-01	8.427E-01	7.060E-01	3.139E-01	12461	Paslahepevirus balayani
YP_009337301.1	17	YP_009337301.1	1smv-assembly1_C	3.300E-10	374	1.000	191	12.500	6.832E-01	8.598E-01	7.054E-01	6.306E-01	12558	Sesbania mosaic virus
YP_009337301.1	18	YP_009337301.1	4llf-assembly1_B	3.347E-08	307	1.000	176	19.300	6.771E-01	8.469E-01	7.016E-01	4.855E-01	12143	Cucumber necrosis virus
YP_009337301.1	19	YP_009337301.1	4sbv-assembly1_C	1.788E-09	341	1.000	195	12.800	6.600E-01	8.413E-01	7.011E-01	6.277E-01	12139	Southern bean mosaic virus
YP_009337301.1	20	YP_009337301.1	1c8n-assembly1_C	5.215E-09	331	1.000	186	14.500	6.678E-01	8.536E-01	7.002E-01	6.343E-01	12054	unidentified tobacco necrosis virus
YP_009874071.1	1	YP_009874071.1	7m4z-assembly1_n	6.572E+00	66	0.887	33	24.200	8.143E-01	9.276E-01	1.406E-01	3.161E-01	480119	Acinetobacter baumannii AB0057
YP_009874071.1	2	YP_009874071.1	8g7s-assembly1_n	5.388E+00	59	0.747	37	27.000	7.117E-01	7.899E-01	1.488E-01	3.226E-01	562	Escherichia coli
YP_009874071.1	3	YP_009874071.1	7uxe-assembly1_A	1.214E+00	57	0.692	110	15.400	5.724E-01	4.819E-01	2.264E-01	4.204E-01	2034346	Pseudomonas phage vB_PaeM_E217
YP_009874071.1	4	YP_009874071.1	7nww-assembly1_r	8.017E+00	57	0.692	37	27.000	7.713E-01	8.284E-01	1.501E-01	3.274E-01	562	Escherichia coli
YP_009874071.1	5	YP_009874071.1	5mdy-assembly1_s	8.425E+00	56	0.663	37	27.000	7.656E-01	8.394E-01	1.503E-01	3.291E-01	83333	Escherichia coli K-12
YP_009874071.1	6	YP_009874071.1	8rdv-assembly1_HK	6.907E+00	48	0.411	47	14.800	6.357E-01	6.480E-01	1.161E-01	2.575E-01	45610	Psychrobacter urativorans
YP_009874071.1	7	YP_009874071.1	5h1n-assembly1_B	4.642E+00	47	0.382	68	25.000	6.053E-01	5.506E-01	1.651E-01	5.134E-01	623	Shigella flexneri
YP_009874071.1	8	YP_009874071.1	7egm-assembly1_A	6.572E+00	39	0.196	105	12.300	6.369E-01	4.233E-01	1.821E-01	3.524E-01	559292	Saccharomyces cerevisiae S288C
YP_009874071.1	9	YP_009874071.1	7zcg-assembly1_B	1.155E+00	36	0.150	180	19.400	4.566E-01	2.390E-01	1.724E-01	2.364E-01	9606	Homo sapiens
YP_009874071.1	10	YP_009874071.1	5e15-assembly1_A	3.999E+00	34	0.126	123	10.500	4.389E-01	3.729E-01	2.140E-01	2.219E-01	9606	Homo sapiens
YP_009874071.1	11	YP_009874071.1	3dd7-assembly1_A	3.279E+00	33	0.116	128	12.500	4.042E-01	3.346E-01	2.089E-01	3.159E-01	10678	Punavirus P1
YP_009874071.1	12	YP_009874071.1	4znv-assembly1_A	2.558E+00	32	0.106	137	10.900	4.425E-01	2.707E-01	1.748E-01	1.702E-01	9606	Homo sapiens
YP_009874071.1	13	YP_009874071.1	5dwg-assembly1_A	2.097E+00	32	0.106	129	11.600	3.888E-01	2.781E-01	1.635E-01	1.658E-01	9606	Homo sapiens
YP_009874071.1	14	YP_009874071.1	4mc0-assembly1_A	1.556E+00	31	0.098	190	13.100	4.033E-01	2.248E-01	1.750E-01	1.516E-01	452652	Kitasatospora setae KM-6054
YP_009874071.1	15	YP_009874071.1	5krc-assembly1_A	3.999E+00	30	0.090	134	11.100	3.722E-01	3.342E-01	2.044E-01	2.016E-01	9606	Homo sapiens
YP_009874071.1	16	YP_009874071.1	4mc0-assembly2_B	1.636E+00	30	0.090	190	12.600	4.020E-01	2.182E-01	1.732E-01	1.488E-01	452652	Kitasatospora setae KM-6054
YP_009874071.1	17	YP_009874071.1	5dke-assembly1_B	2.097E+00	30	0.090	142	12.600	3.689E-01	2.634E-01	1.609E-01	1.581E-01	9606	Homo sapiens
YP_009874071.1	18	YP_009874071.1	5die-assembly1_B	2.969E+00	30	0.090	130	13.000	4.055E-01	2.751E-01	1.463E-01	1.432E-01	9606	Homo sapiens
YP_009874071.1	19	YP_009874071.1	5dxp-assembly1_A	6.907E+00	29	0.082	137	9.400	4.359E-01	3.497E-01	2.170E-01	2.224E-01	9606	Homo sapiens
YP_009874071.1	20	YP_009874071.1	3k33-assembly1_A-2	8.017E+00	29	0.082	93	16.100	4.197E-01	3.900E-01	2.070E-01	3.143E-01	10678	Punavirus P1
YP_004010297.1	1	YP_004010297.1	1k28-assembly1_A	4.059E-39	1065	1.000	607	42.300	7.364E-01	5.032E-01	4.605E-01	4.931E-01	10665	Tequatrovirus T4
YP_004010297.1	2	YP_004010297.1	2z6b-assembly1_A	5.309E-39	1033	1.000	596	44.200	7.170E-01	4.888E-01	4.571E-01	4.767E-01	10665	Tequatrovirus T4
YP_004010297.1	3	YP_004010297.1	1wth-assembly1_A	2.641E-39	891	1.000	607	44.600	6.968E-01	3.689E-01	3.431E-01	3.578E-01	10665	Tequatrovirus T4
YP_004010297.1	4	YP_004010297.1	5t04-assembly1_A	7.136E-13	535	1.000	176	36.900	7.986E-01	9.152E-01	2.746E-01	3.559E-01	10116	Rattus norvegicus
YP_004010297.1	5	YP_004010297.1	3oe0-assembly1_A-2	3.340E-14	586	1.000	173	36.900	8.037E-01	9.179E-01	2.731E-01	3.746E-01	9606	Homo sapiens
YP_004010297.1	6	YP_004010297.1	7cn7-assembly1_A	2.655E-16	701	1.000	170	51.100	8.670E-01	9.488E-01	2.715E-01	8.871E-01	10665	Tequatrovirus T4
YP_004010297.1	7	YP_004010297.1	4rws-assembly1_A	2.293E-14	584	1.000	172	36.000	7.888E-01	9.092E-01	2.715E-01	3.676E-01	9606	Homo sapiens
YP_004010297.1	8	YP_004010297.1	5cxv-assembly1_A	9.268E-14	598	1.000	167	37.700	8.409E-01	9.673E-01	2.712E-01	3.646E-01	9606	Homo sapiens
YP_004010297.1	9	YP_004010297.1	5zbh-assembly1_A	1.149E-13	583	1.000	168	36.900	8.248E-01	9.467E-01	2.704E-01	3.496E-01	9606	Homo sapiens
YP_004010297.1	10	YP_004010297.1	6xyr-assembly1_A	1.574E-14	633	1.000	166	37.900	8.492E-01	9.724E-01	2.703E-01	4.623E-01	9606	Homo sapiens
YP_004010297.1	11	YP_004010297.1	6lry-assembly1_A	1.360E-12	543	1.000	167	37.100	8.178E-01	9.593E-01	2.703E-01	3.448E-01	9606	Homo sapiens
YP_004010297.1	12	YP_004010297.1	6e67-assembly1_A	1.673E-13	576	1.000	167	38.300	8.199E-01	9.493E-01	2.691E-01	3.510E-01	9606	Homo sapiens
YP_004010297.1	13	YP_004010297.1	5glh-assembly1_A	1.966E-13	573	1.000	167	37.700	8.199E-01	9.492E-01	2.691E-01	3.548E-01	9606	Homo sapiens
YP_004010297.1	14	YP_004010297.1	6wjc-assembly1_A	4.171E-13	562	1.000	167	37.100	8.262E-01	9.467E-01	2.690E-01	3.600E-01	9606	Homo sapiens
YP_004010297.1	15	YP_004010297.1	4epi-assembly1_A-2	2.060E-14	611	1.000	167	37.100	8.270E-01	9.449E-01	2.689E-01	4.832E-01	632	Yersinia pestis
YP_004010297.1	16	YP_004010297.1	4u14-assembly1_A	3.043E-12	500	1.000	172	36.000	7.881E-01	8.852E-01	2.686E-01	3.641E-01	10116	Rattus norvegicus
YP_004010297.1	17	YP_004010297.1	4daj-assembly6_D	1.039E-12	515	1.000	174	37.300	7.944E-01	8.727E-01	2.685E-01	3.670E-01	10116	Rattus norvegicus
YP_004010297.1	18	YP_004010297.1	6xc1-assembly1_A	3.639E-17	755	1.000	165	50.900	8.880E-01	9.784E-01	2.677E-01	9.441E-01	10665	Tequatrovirus T4
YP_004010297.1	19	YP_004010297.1	6igl-assembly1_A	5.096E-15	628	1.000	167	37.700	8.181E-01	9.354E-01	2.676E-01	3.399E-01	9606	Homo sapiens
YP_004010297.1	20	YP_004010297.1	3v2y-assembly1_A	4.864E-14	603	1.000	165	38.100	8.285E-01	9.623E-01	2.676E-01	3.510E-01	9606	Homo sapiens
YP_004009814.1	1	YP_004009814.1	7ru9-assembly1_C	1.287E+00	43	0.277	230	13.900	4.513E-01	2.898E-01	1.228E-01	2.354E-01	9606	Homo sapiens
YP_004009814.1	2	YP_004009814.1	5cwn-assembly1_A	3.483E-01	43	0.277	244	14.700	3.790E-01	2.273E-01	9.522E-02	2.166E-01	32630	synthetic construct
YP_004009814.1	3	YP_004009814.1	8fbj-assembly1_A	7.840E-01	41	0.233	368	11.900	4.108E-01	2.390E-01	1.439E-01	2.349E-01	32630	synthetic construct
YP_004009814.1	4	YP_004009814.1	7v6q-assembly1_D	5.226E-01	40	0.214	232	13.300	4.180E-01	1.988E-01	1.117E-01	1.997E-01	9606	Homo sapiens
YP_004009814.1	5	YP_004009814.1	6e9t-assembly1_B	4.565E-01	40	0.214	243	13.100	4.022E-01	2.027E-01	1.007E-01	1.948E-01	32630	synthetic construct
YP_004009814.1	6	YP_004009814.1	6xr1-assembly1_A	4.565E-01	39	0.196	351	14.800	4.103E-01	1.848E-01	1.284E-01	1.414E-01	32630	synthetic construct
YP_004009814.1	7	YP_004009814.1	7v6q-assembly2_H	8.580E-01	39	0.196	246	13.400	4.292E-01	2.138E-01	9.140E-02	2.122E-01	9606	Homo sapiens
YP_004009814.1	8	YP_004009814.1	6fel-assembly1_B	1.687E+00	38	0.179	208	13.400	3.611E-01	3.104E-01	1.157E-01	2.589E-01	9606	Homo sapiens
YP_004009814.1	9	YP_004009814.1	6gkf-assembly1_A	1.687E+00	37	0.164	204	12.700	3.590E-01	2.976E-01	1.102E-01	2.467E-01	9606	Homo sapiens
YP_004009814.1	10	YP_004009814.1	9dze-assembly1_B	8.975E-01	37	0.164	313	12.100	4.390E-01	1.952E-01	1.017E-01	1.520E-01	32630	synthetic construct
YP_004009814.1	11	YP_004009814.1	9dze-assembly1_h	3.812E-01	37	0.164	260	13.000	3.830E-01	1.707E-01	7.793E-02	1.376E-01	32630	synthetic construct
YP_004009814.1	12	YP_004009814.1	8v2d-assembly1_y	1.846E+00	35	0.138	340	12.000	4.074E-01	2.458E-01	1.380E-01	2.247E-01	32630	synthetic construct
YP_004009814.1	13	YP_004009814.1	8xyv-assembly1_A	7.810E+00	35	0.138	108	18.500	4.886E-01	3.929E-01	7.661E-02	3.699E-01	32630	synthetic construct
YP_004009814.1	14	YP_004009814.1	5okf-assembly2_D	3.797E+00	34	0.126	174	12.000	3.810E-01	3.371E-01	1.231E-01	2.442E-01	9606	Homo sapiens
YP_004009814.1	15	YP_004009814.1	4y5i-assembly1_A	3.031E+00	34	0.126	202	13.300	3.759E-01	3.055E-01	1.221E-01	2.537E-01	9606	Homo sapiens
YP_004009814.1	16	YP_004009814.1	6fel-assembly1_A	2.648E+00	34	0.126	208	13.900	3.708E-01	3.049E-01	1.139E-01	2.484E-01	9606	Homo sapiens
YP_004009814.1	17	YP_004009814.1	8e0o-assembly1_A	2.897E+00	34	0.126	221	13.500	3.917E-01	2.889E-01	1.008E-01	2.863E-01	32630	synthetic construct
YP_004009814.1	18	YP_004009814.1	7v1m-assembly1_H	8.580E-01	34	0.126	236	13.900	3.686E-01	1.938E-01	9.573E-02	1.924E-01	9606	Homo sapiens
YP_004009814.1	19	YP_004009814.1	3gw4-assembly1_A	1.474E+00	34	0.126	233	15.000	3.700E-01	2.344E-01	8.211E-02	2.052E-01	243230	Deinococcus radiodurans R1 = ATCC 13939 = DSM 20539
YP_004009814.1	20	YP_004009814.1	8g9k-assembly1_A	3.630E+00	33	0.116	245	12.600	4.079E-01	2.981E-01	1.196E-01	2.933E-01	32630	synthetic construct
YP_009882250.1	1	YP_009882250.1	5iv5-assembly1_I	5.038E-47	702	1.000	620	50.600	5.818E-01	2.317E-01	2.303E-01	2.313E-01	10665	Tequatrovirus T4
YP_009882250.1	2	YP_009882250.1	5iv7-assembly1_F	3.685E-08	172	1.000	311	17.300	4.808E-01	4.130E-01	2.219E-01	3.805E-01	10665	Tequatrovirus T4
YP_009882250.1	3	YP_009882250.1	2fkk-assembly1_A	8.596E-14	412	1.000	160	58.700	6.664E-01	6.897E-01	1.914E-01	5.620E-01	10665	Tequatrovirus T4
YP_009882250.1	4	YP_009882250.1	5hx2-assembly1_G	1.955E-13	368	1.000	155	67.000	6.140E-01	6.236E-01	1.870E-01	3.115E-01	10665	Tequatrovirus T4
YP_009882250.1	5	YP_009882250.1	2fl8-assembly1_A	1.945E-21	382	1.000	613	29.600	5.682E-01	3.111E-01	1.856E-01	3.103E-01	10665	Tequatrovirus T4
YP_009882250.1	6	YP_009882250.1	5hx2-assembly1_H	4.133E-12	192	1.000	615	29.500	4.122E-01	3.046E-01	1.834E-01	3.038E-01	10665	Tequatrovirus T4
YP_009882250.1	7	YP_009882250.1	5hx2-assembly1_I	1.296E-13	217	1.000	624	29.000	4.288E-01	3.056E-01	1.826E-01	3.048E-01	10665	Tequatrovirus T4
YP_009882250.1	8	YP_009882250.1	7rej-assembly1_A	5.796E-11	223	1.000	357	11.400	5.587E-01	3.604E-01	1.802E-01	2.911E-01	1987159	Kuttervirus CBA120
YP_009882250.1	9	YP_009882250.1	7rfo-assembly1_B	9.967E-12	247	1.000	354	12.100	5.566E-01	3.959E-01	1.735E-01	3.015E-01	1987159	Kuttervirus CBA120
YP_009882250.1	10	YP_009882250.1	7rfo-assembly1_C	5.389E-10	207	1.000	352	11.900	5.283E-01	3.847E-01	1.654E-01	2.957E-01	1987159	Kuttervirus CBA120
YP_009882250.1	11	YP_009882250.1	7rfv-assembly1_A	5.796E-11	286	1.000	203	15.200	6.258E-01	5.298E-01	1.490E-01	3.614E-01	1987159	Kuttervirus CBA120
YP_009882250.1	12	YP_009882250.1	7rej-assembly2_B	2.787E-09	231	1.000	210	16.600	5.896E-01	4.861E-01	1.460E-01	3.368E-01	1987159	Kuttervirus CBA120
YP_009882250.1	13	YP_009882250.1	8es4-assembly1_F	7.366E-03	76	0.971	139	13.600	4.164E-01	4.294E-01	9.368E-02	3.494E-01	2530183	Shigella phage Buco
YP_009882250.1	14	YP_009882250.1	6qt9-assembly1_C-13	2.491E-01	72	0.949	100	12.000	5.598E-01	6.443E-01	9.963E-02	2.527E-01	326574	Haloarcula hispanica SH1 virus
YP_009882250.1	15	YP_009882250.1	6h9c-assembly1_Z	1.033E-01	69	0.923	100	13.000	4.762E-01	5.632E-01	8.972E-02	2.216E-01	662475	Haloarcula marismortui ATCC 33799
YP_009882250.1	16	YP_009882250.1	9ilp-assembly1_a	6.849E-02	60	0.772	136	13.900	4.194E-01	4.327E-01	9.721E-02	2.995E-01	2695836	Escherichia phage T5
YP_009882250.1	17	YP_009882250.1	8hqo-assembly1_R	5.416E-02	58	0.720	150	12.600	3.819E-01	4.167E-01	9.136E-02	2.869E-01	2681606	Escherichia phage DT57C
YP_009882250.1	18	YP_009882250.1	8i4m-assembly1_m	1.111E-02	57	0.692	226	11.900	3.452E-01	3.185E-01	1.073E-01	2.965E-01	2914505	Prochlorococcus phage P-SCSP1u
YP_009882250.1	19	YP_009882250.1	7y1c-assembly1_e	8.168E-02	55	0.632	125	15.200	3.916E-01	4.018E-01	8.854E-02	2.871E-01	2936516	Klebsiella phage Kp9
YP_009882250.1	20	YP_009882250.1	7y22-assembly1_g	2.089E-01	48	0.411	139	15.800	4.000E-01	3.944E-01	9.178E-02	2.907E-01	2936515	Klebsiella phage Kp7
YP_009362986.1	1	YP_009362986.1	8wql-assembly1_b2	6.026E+00	20	0.029	139	16.500	3.368E-01	2.204E-01	1.309E-01	1.733E-01	153964	Arthrospira sp. FACHB-439
YP_009362986.1	2	YP_009362986.1	9hcj-assembly1_P0	9.097E+00	18	0.020	240	10.000	3.313E-01	2.223E-01	2.017E-01	7.889E-02	44689	Dictyostelium discoideum
YP_009362986.1	3	YP_009362986.1	6kon-assembly1_F	7.795E+00	14	0.010	218	15.100	2.957E-01	1.527E-01	1.266E-01	1.521E-01	83332	Mycobacterium tuberculosis H37Rv
YP_009337908.1	1	YP_009337908.1	8k4a-assembly1_B	6.877E+00	8	0.000	119	20.100	2.090E-01	1.428E-01	9.975E-02	3.415E-02	77763	Banna virus
YP_009337908.1	2	YP_009337908.1	8k43-assembly1_B1	6.368E+00	8	0.000	117	21.300	2.211E-01	1.434E-01	9.928E-02	3.459E-02	77763	Banna virus
YP_009337908.1	3	YP_009337908.1	8k49-assembly1_B	6.877E+00	8	0.000	119	21.800	2.184E-01	1.425E-01	9.890E-02	3.435E-02	77763	Banna virus
YP_009881537.1	1	YP_009881537.1	5iv5-assembly1_I	7.507E-46	656	1.000	623	48.900	5.683E-01	2.313E-01	2.299E-01	2.309E-01	10665	Tequatrovirus T4
YP_009881537.1	2	YP_009881537.1	5iv7-assembly1_F	2.815E-08	166	1.000	313	17.200	4.715E-01	4.027E-01	2.197E-01	3.707E-01	10665	Tequatrovirus T4
YP_009881537.1	3	YP_009881537.1	2fl8-assembly1_A	4.595E-21	373	1.000	613	27.500	5.680E-01	3.254E-01	1.955E-01	3.245E-01	10665	Tequatrovirus T4
YP_009881537.1	4	YP_009881537.1	2fkk-assembly1_A	4.410E-13	350	1.000	181	51.900	6.209E-01	6.230E-01	1.950E-01	5.691E-01	10665	Tequatrovirus T4
YP_009881537.1	5	YP_009881537.1	5hx2-assembly1_G	2.256E-12	332	1.000	155	61.200	6.142E-01	6.251E-01	1.882E-01	3.149E-01	10665	Tequatrovirus T4
YP_009881537.1	6	YP_009881537.1	5hx2-assembly1_H	2.256E-12	199	1.000	614	29.900	4.424E-01	3.121E-01	1.877E-01	3.113E-01	10665	Tequatrovirus T4
YP_009881537.1	7	YP_009881537.1	7rej-assembly1_A	3.868E-11	211	1.000	368	12.200	5.253E-01	3.554E-01	1.643E-01	2.698E-01	1987159	Kuttervirus CBA120
YP_009881537.1	8	YP_009881537.1	7rfo-assembly1_C	1.018E-10	205	1.000	358	12.000	5.124E-01	3.653E-01	1.577E-01	2.785E-01	1987159	Kuttervirus CBA120
YP_009881537.1	9	YP_009881537.1	7rfv-assembly1_A	7.117E-12	291	1.000	203	15.200	6.040E-01	5.242E-01	1.533E-01	3.584E-01	1987159	Kuttervirus CBA120
YP_009881537.1	10	YP_009881537.1	7rfo-assembly1_B	1.562E-11	220	1.000	351	11.100	5.312E-01	3.581E-01	1.523E-01	2.686E-01	1987159	Kuttervirus CBA120
YP_009881537.1	11	YP_009881537.1	7rej-assembly2_B	2.372E-10	250	1.000	211	15.600	5.842E-01	5.089E-01	1.465E-01	3.424E-01	1987159	Kuttervirus CBA120
YP_009881537.1	12	YP_009881537.1	8i4m-assembly1_m	8.655E-03	84	0.991	121	14.000	4.345E-01	5.541E-01	1.050E-01	2.938E-01	2914505	Prochlorococcus phage P-SCSP1u
YP_009881537.1	13	YP_009881537.1	8es4-assembly1_F	3.081E-02	62	0.817	140	15.000	4.133E-01	4.142E-01	9.253E-02	3.443E-01	2530183	Shigella phage Buco
YP_009881537.1	14	YP_009881537.1	6h9c-assembly1_Z	1.238E-01	56	0.663	100	13.000	3.934E-01	4.881E-01	7.889E-02	1.924E-01	662475	Haloarcula marismortui ATCC 33799
YP_009881537.1	15	YP_009881537.1	6qt9-assembly1_C-13	8.064E-01	51	0.505	100	13.000	4.907E-01	5.790E-01	8.889E-02	2.267E-01	326574	Haloarcula hispanica SH1 virus
YP_009881537.1	16	YP_009881537.1	9ilp-assembly1_a	8.064E-01	47	0.382	100	11.000	4.308E-01	5.655E-01	9.628E-02	3.001E-01	2695836	Escherichia phage T5
YP_009881537.1	17	YP_009881537.1	6h82-assembly1_A	1.159E+00	42	0.254	101	13.800	4.370E-01	4.963E-01	8.374E-02	2.022E-01	1154689	Haloarcula hispanica icosahedral virus 2
YP_009881537.1	18	YP_009881537.1	7y1c-assembly1_e	3.904E-01	42	0.254	95	15.700	3.412E-01	4.403E-01	8.085E-02	2.469E-01	2936516	Klebsiella phage Kp9
YP_009881537.1	19	YP_009881537.1	5mkc-assembly1_A	2.265E-01	42	0.254	82	13.400	3.465E-01	3.821E-01	7.204E-02	1.765E-01	1313	Streptococcus pneumoniae
YP_009881537.1	20	YP_009881537.1	8ad2-assembly1_A	3.904E-01	37	0.164	112	11.600	3.129E-01	3.776E-01	9.380E-02	2.491E-01	4097	Nicotiana tabacum
YP_009875551.1	1	YP_009875551.1	7nww-assembly1_r	8.091E+00	55	0.632	39	25.600	7.803E-01	7.921E-01	1.531E-01	3.311E-01	562	Escherichia coli
YP_009875551.1	2	YP_009875551.1	8g7s-assembly1_n	7.689E+00	52	0.537	39	25.600	7.219E-01	7.579E-01	1.516E-01	3.248E-01	562	Escherichia coli
YP_009875551.1	3	YP_009875551.1	5mdy-assembly1_s	9.920E+00	51	0.505	39	25.600	7.741E-01	8.002E-01	1.532E-01	3.314E-01	83333	Escherichia coli K-12
YP_009875551.1	4	YP_009875551.1	7m4z-assembly1_n	6.944E+00	51	0.505	46	17.300	6.977E-01	7.201E-01	1.487E-01	3.199E-01	480119	Acinetobacter baumannii AB0057
YP_009875551.1	5	YP_009875551.1	5h1n-assembly1_B	3.403E+00	50	0.473	72	19.400	6.209E-01	5.351E-01	1.580E-01	4.986E-01	623	Shigella flexneri
YP_009875551.1	6	YP_009875551.1	8rdv-assembly1_HK	7.307E+00	47	0.382	47	14.800	6.615E-01	6.484E-01	1.150E-01	2.575E-01	45610	Psychrobacter urativorans
YP_009875551.1	7	YP_009875551.1	7uxe-assembly1_A	1.109E+00	44	0.301	108	18.500	5.305E-01	3.174E-01	1.295E-01	2.574E-01	2034346	Pseudomonas phage vB_PaeM_E217
YP_009875551.1	8	YP_009875551.1	7zcg-assembly1_B	1.360E+00	35	0.138	183	19.100	4.768E-01	2.389E-01	1.733E-01	2.371E-01	9606	Homo sapiens
YP_009875551.1	9	YP_009875551.1	4diu-assembly1_A	6.944E+00	33	0.116	53	13.200	4.531E-01	4.672E-01	1.271E-01	1.201E-01	32630	synthetic construct
YP_009875551.1	10	YP_009875551.1	3dd7-assembly1_A	4.620E+00	29	0.082	128	10.900	4.034E-01	3.378E-01	2.073E-01	3.174E-01	10678	Punavirus P1
YP_009875551.1	11	YP_009875551.1	7o3z-assembly1_F	8.599E-01	28	0.076	227	11.800	4.039E-01	1.531E-01	1.369E-01	1.430E-01	1111708	Synechocystis sp. PCC 6803 substr. Kazusa
YP_009875551.1	12	YP_009875551.1	3dd7-assembly2_C	6.271E+00	27	0.069	125	12.000	3.941E-01	3.418E-01	2.104E-01	3.208E-01	10678	Punavirus P1
YP_009875551.1	13	YP_009875551.1	3k33-assembly1_A-2	5.960E+00	27	0.069	138	13.000	3.998E-01	3.223E-01	2.073E-01	3.119E-01	10678	Punavirus P1
YP_009875551.1	14	YP_009875551.1	5dvv-assembly1_B	3.073E+00	27	0.069	227	10.500	3.597E-01	2.616E-01	2.053E-01	2.146E-01	9606	Homo sapiens
YP_009875551.1	15	YP_009875551.1	5dke-assembly1_B	5.115E+00	27	0.069	137	10.200	4.093E-01	2.997E-01	1.763E-01	1.732E-01	9606	Homo sapiens
YP_009875551.1	16	YP_009875551.1	5dwg-assembly1_A	4.390E+00	27	0.069	129	10.000	3.917E-01	2.797E-01	1.638E-01	1.657E-01	9606	Homo sapiens
YP_009875551.1	17	YP_009875551.1	2es4-assembly2_E	1.228E+00	27	0.069	234	14.100	4.332E-01	1.512E-01	1.376E-01	1.220E-01	337	Burkholderia glumae
YP_009875551.1	18	YP_009875551.1	3djb-assembly1_B	7.689E+00	26	0.063	193	11.300	4.306E-01	3.212E-01	2.547E-01	2.918E-01	180856	[Bacillus thuringiensis] serovar konkukian
YP_009875551.1	19	YP_009875551.1	5vtl-assembly1_A	7.689E+00	26	0.063	159	15.700	3.920E-01	3.513E-01	1.960E-01	2.127E-01	5691	Trypanosoma brucei
YP_009875551.1	20	YP_009875551.1	8vej-assembly1_A	9.920E+00	25	0.057	188	12.200	4.855E-01	2.978E-01	2.336E-01	2.261E-01	32630	synthetic construct
YP_010658686.1	1	YP_010658686.1	7uxe-assembly1_A	1.473E+00	52	0.537	109	16.500	5.733E-01	4.245E-01	2.096E-01	3.722E-01	2034346	Pseudomonas phage vB_PaeM_E217
YP_010658686.1	2	YP_010658686.1	5h1n-assembly1_B	3.240E+00	52	0.537	83	18.000	6.258E-01	5.393E-01	1.627E-01	5.100E-01	623	Shigella flexneri
YP_010658686.1	3	YP_010658686.1	8rdv-assembly1_HK	8.677E+00	45	0.326	49	16.300	6.450E-01	6.319E-01	1.154E-01	2.574E-01	45610	Psychrobacter urativorans
YP_010658686.1	4	YP_010658686.1	6s2v-assembly3_C	1.210E+00	35	0.138	226	9.700	4.579E-01	2.282E-01	1.985E-01	1.513E-01	274	Thermus thermophilus
YP_010658686.1	5	YP_010658686.1	5die-assembly1_B	2.795E+00	35	0.138	130	8.400	4.597E-01	3.114E-01	1.841E-01	1.802E-01	9606	Homo sapiens
YP_010658686.1	6	YP_010658686.1	3dd7-assembly1_A	2.660E+00	34	0.126	127	9.400	4.014E-01	3.372E-01	2.074E-01	3.166E-01	10678	Punavirus P1
YP_010658686.1	7	YP_010658686.1	4znv-assembly1_A	1.980E+00	34	0.126	135	9.600	4.334E-01	2.750E-01	1.732E-01	1.685E-01	9606	Homo sapiens
YP_010658686.1	8	YP_010658686.1	4mc0-assembly2_B	1.096E+00	33	0.116	189	14.200	4.069E-01	2.177E-01	1.729E-01	1.485E-01	452652	Kitasatospora setae KM-6054
YP_010658686.1	9	YP_010658686.1	5e15-assembly1_A	3.084E+00	33	0.116	125	12.800	4.496E-01	3.027E-01	1.699E-01	1.768E-01	9606	Homo sapiens
YP_010658686.1	10	YP_010658686.1	5dwg-assembly1_A	1.547E+00	33	0.116	129	13.900	3.930E-01	2.527E-01	1.540E-01	1.561E-01	9606	Homo sapiens
YP_010658686.1	11	YP_010658686.1	5dke-assembly1_B	1.794E+00	32	0.106	142	11.900	3.718E-01	2.612E-01	1.605E-01	1.571E-01	9606	Homo sapiens
YP_010658686.1	12	YP_010658686.1	9had-assembly1_A	8.260E+00	32	0.106	133	8.200	5.072E-01	3.932E-01	1.564E-01	2.965E-01	6954	Dermatophagoides farinae
YP_010658686.1	13	YP_010658686.1	3k33-assembly1_A-2	3.756E+00	31	0.098	137	11.600	3.992E-01	3.208E-01	2.065E-01	3.076E-01	10678	Punavirus P1
YP_010658686.1	14	YP_010658686.1	4mc0-assembly1_A	1.794E+00	31	0.098	190	13.600	4.086E-01	2.248E-01	1.741E-01	1.514E-01	452652	Kitasatospora setae KM-6054
YP_010658686.1	15	YP_010658686.1	3djb-assembly1_B	4.804E+00	30	0.090	217	11.000	4.539E-01	2.894E-01	2.511E-01	2.880E-01	180856	[Bacillus thuringiensis] serovar konkukian
YP_010658686.1	16	YP_010658686.1	5dxp-assembly1_A	5.851E+00	30	0.090	137	9.400	4.345E-01	3.406E-01	2.127E-01	2.180E-01	9606	Homo sapiens
YP_010658686.1	17	YP_010658686.1	3dd7-assembly2_C	5.570E+00	29	0.082	125	9.600	4.001E-01	3.409E-01	2.092E-01	3.209E-01	10678	Punavirus P1
YP_010658686.1	18	YP_010658686.1	5t1z-assembly1_B	3.945E+00	29	0.082	134	10.400	4.159E-01	2.849E-01	1.719E-01	1.666E-01	9606	Homo sapiens
YP_010658686.1	19	YP_010658686.1	5kce-assembly1_A	2.795E+00	29	0.082	145	13.700	3.956E-01	2.540E-01	1.557E-01	1.590E-01	9606	Homo sapiens
YP_010658686.1	20	YP_010658686.1	7o3z-assembly1_F	9.932E-01	29	0.082	224	11.600	4.080E-01	1.609E-01	1.414E-01	1.469E-01	1111708	Synechocystis sp. PCC 6803 substr. Kazusa
YP_010681280.1	1	YP_010681280.1	4gp6-assembly1_B-2	1.380E-07	373	1.000	149	27.500	7.220E-01	9.247E-01	4.225E-01	7.849E-01	203119	Acetivibrio thermocellus ATCC 27405
YP_010681280.1	2	YP_010681280.1	4gp7-assembly1_B-2	9.022E-07	331	1.000	151	28.400	6.948E-01	9.116E-01	4.221E-01	7.759E-01	203119	Acetivibrio thermocellus ATCC 27405
YP_010681280.1	3	YP_010681280.1	4jst-assembly1_B	2.924E-07	350	1.000	151	28.400	6.947E-01	9.104E-01	4.218E-01	7.750E-01	203119	Acetivibrio thermocellus ATCC 27405
YP_010681280.1	4	YP_010681280.1	4mde-assembly1_A	3.064E-07	357	1.000	148	27.700	7.131E-01	9.236E-01	4.195E-01	7.745E-01	203119	Acetivibrio thermocellus ATCC 27405
YP_010681280.1	5	YP_010681280.1	3wfp-assembly9_B	5.876E-04	151	1.000	260	13.400	5.072E-01	5.786E-01	4.021E-01	2.972E-01	224324	Aquifex aeolicus VF5
YP_010681280.1	6	YP_010681280.1	3wfp-assembly10_C	1.082E-03	168	1.000	210	15.700	5.660E-01	7.123E-01	3.953E-01	3.123E-01	224324	Aquifex aeolicus VF5
YP_010681280.1	7	YP_010681280.1	3a4l-assembly1_A	2.778E-05	196	1.000	224	21.800	5.174E-01	6.305E-01	3.854E-01	5.163E-01	2190	Methanocaldococcus jannaschii
YP_010681280.1	8	YP_010681280.1	3adb-assembly1_A	1.908E-05	186	1.000	263	20.500	4.934E-01	5.675E-01	3.852E-01	4.913E-01	243232	Methanocaldococcus jannaschii DSM 2661
YP_010681280.1	9	YP_010681280.1	3zvm-assembly1_B	5.383E-07	314	1.000	163	21.400	6.597E-01	8.165E-01	3.837E-01	3.297E-01	10090	Mus musculus
YP_010681280.1	10	YP_010681280.1	3adc-assembly1_A	1.251E-05	200	1.000	238	20.500	5.006E-01	6.185E-01	3.799E-01	4.916E-01	243232	Methanocaldococcus jannaschii DSM 2661
YP_010681280.1	11	YP_010681280.1	3zvn-assembly1_A	3.058E-06	291	1.000	158	21.500	6.663E-01	8.361E-01	3.798E-01	3.286E-01	10090	Mus musculus
YP_010681280.1	12	YP_010681280.1	3adb-assembly1_B	2.918E-06	218	1.000	232	19.800	5.068E-01	6.135E-01	3.798E-01	4.877E-01	243232	Methanocaldococcus jannaschii DSM 2661
YP_010681280.1	13	YP_010681280.1	3add-assembly1_B	1.193E-05	199	1.000	233	22.300	4.950E-01	6.159E-01	3.789E-01	5.030E-01	243232	Methanocaldococcus jannaschii DSM 2661
YP_010681280.1	14	YP_010681280.1	3a4n-assembly1_B	5.888E-05	188	1.000	224	21.400	5.245E-01	6.271E-01	3.767E-01	5.025E-01	2190	Methanocaldococcus jannaschii
YP_010681280.1	15	YP_010681280.1	1bif-assembly1_A	1.900E-03	108	1.000	392	10.700	4.345E-01	4.223E-01	3.756E-01	2.891E-01	10116	Rattus norvegicus
YP_010681280.1	16	YP_010681280.1	3wfp-assembly11_E	3.506E-04	135	1.000	356	11.700	4.590E-01	4.741E-01	3.703E-01	2.970E-01	224324	Aquifex aeolicus VF5
YP_010681280.1	17	YP_010681280.1	2rhm-assembly1_A	1.434E-03	173	1.000	159	14.400	5.787E-01	7.712E-01	3.682E-01	6.221E-01	324602	Chloroflexus aurantiacus J-10-fl
YP_010681280.1	18	YP_010681280.1	3u7e-assembly1_B	1.440E-05	249	1.000	165	20.600	6.292E-01	7.736E-01	3.680E-01	3.166E-01	10090	Mus musculus
YP_010681280.1	19	YP_010681280.1	5htk-assembly1_B	1.188E-03	145	1.000	224	16.900	5.072E-01	6.002E-01	3.675E-01	2.913E-01	9606	Homo sapiens
YP_010681280.1	20	YP_010681280.1	3u7g-assembly1_A	5.630E-06	262	1.000	162	20.300	6.110E-01	7.904E-01	3.669E-01	3.173E-01	10090	Mus musculus
YP_438172.1	1	YP_438172.1	7rdr-assembly1_A	1.912E-01	71	0.941	352	11.300	4.346E-01	4.189E-01	3.902E-01	3.072E-01	32644	unidentified
YP_438172.1	2	YP_438172.1	4rzp-assembly1_A	2.278E-01	66	0.887	267	11.200	4.046E-01	4.156E-01	3.148E-01	3.939E-01	32630	synthetic construct
YP_438172.1	3	YP_438172.1	4xri-assembly1_A	3.783E-02	66	0.887	351	12.200	3.516E-01	2.990E-01	2.843E-01	1.544E-01	759272	Thermochaetoides thermophila DSM 1495
YP_438172.1	4	YP_438172.1	8fg1-assembly1_A	4.206E-01	65	0.872	277	14.000	3.856E-01	5.057E-01	3.762E-01	4.689E-01	9606	Homo sapiens
YP_438172.1	5	YP_438172.1	3t7u-assembly2_B	6.984E-02	65	0.872	355	12.900	3.479E-01	3.460E-01	3.190E-01	3.285E-01	9606	Homo sapiens
YP_438172.1	6	YP_438172.1	3obv-assembly2_D	6.808E-01	64	0.855	262	14.100	3.762E-01	5.723E-01	4.335E-01	4.304E-01	10090	Mus musculus
YP_438172.1	7	YP_438172.1	3obv-assembly1_B	1.257E+00	59	0.747	270	13.700	3.919E-01	5.835E-01	4.380E-01	4.437E-01	10090	Mus musculus
YP_438172.1	8	YP_438172.1	4c0o-assembly1_A	5.469E-01	56	0.663	314	13.000	3.723E-01	4.257E-01	3.781E-01	1.732E-01	9606	Homo sapiens
YP_438172.1	9	YP_438172.1	8g9k-assembly1_A	6.808E-01	56	0.663	225	18.200	3.833E-01	4.375E-01	3.097E-01	4.306E-01	32630	synthetic construct
YP_438172.1	10	YP_438172.1	8g9j-assembly1_A	8.111E-01	55	0.632	263	15.200	4.136E-01	4.100E-01	2.754E-01	4.050E-01	32630	synthetic construct
YP_438172.1	11	YP_438172.1	4cba-assembly1_A	4.796E-01	53	0.569	324	12.900	3.707E-01	3.599E-01	3.154E-01	2.455E-01	9606	Homo sapiens
YP_438172.1	12	YP_438172.1	5dn7-assembly1_A	6.516E-01	53	0.569	275	13.000	3.749E-01	3.990E-01	3.034E-01	3.697E-01	10090	Mus musculus
YP_438172.1	13	YP_438172.1	6xwx-assembly1_A	1.036E-01	53	0.569	307	14.000	3.325E-01	2.586E-01	2.185E-01	1.540E-01	759272	Thermochaetoides thermophila DSM 1495
YP_438172.1	14	YP_438172.1	4xrk-assembly1_A	2.087E-01	51	0.505	325	12.900	3.401E-01	2.899E-01	2.712E-01	1.435E-01	759272	Thermochaetoides thermophila DSM 1495
YP_438172.1	15	YP_438172.1	4c0o-assembly2_B	1.372E+00	49	0.442	322	13.900	3.828E-01	4.244E-01	3.811E-01	1.771E-01	9606	Homo sapiens
YP_438172.1	16	YP_438172.1	5o01-assembly2_B	9.664E-01	48	0.411	303	10.800	3.976E-01	3.473E-01	2.893E-01	3.330E-01	48466	Prosthecobacter vanneervenii
YP_438172.1	17	YP_438172.1	1i7x-assembly1_A	3.379E-01	47	0.382	342	13.700	3.399E-01	2.791E-01	2.549E-01	1.841E-01	10090	Mus musculus
YP_438172.1	18	YP_438172.1	5dlq-assembly1_B	1.203E+00	46	0.353	309	12.900	3.824E-01	3.613E-01	2.998E-01	1.085E-01	10090	Mus musculus
YP_438172.1	19	YP_438172.1	6vad-assembly1_A	5.235E-01	46	0.353	422	10.900	3.605E-01	2.899E-01	2.678E-01	9.179E-02	9606	Homo sapiens
YP_438172.1	20	YP_438172.1	3woz-assembly1_A	4.796E-01	46	0.353	229	12.600	3.276E-01	3.104E-01	2.247E-01	2.872E-01	10090	Mus musculus
YP_010084588.1	1	YP_010084588.1	4k7k-assembly2_B	9.880E+00	22	0.040	146	16.400	4.068E-01	2.244E-01	7.248E-02	1.032E-01	83333	Escherichia coli K-12
YP_010084588.1	2	YP_010084588.1	6e8g-assembly1_T	2.841E+00	22	0.040	205	17.000	3.787E-01	1.279E-01	5.120E-02	1.254E-01	9606	Homo sapiens
YP_010084588.1	3	YP_010084588.1	7n6g-assembly1_3H	7.152E+00	21	0.034	330	15.100	3.878E-01	1.794E-01	9.699E-02	1.739E-01	3055	Chlamydomonas reinhardtii
YP_010084588.1	4	YP_010084588.1	8at2-assembly1_D	9.435E+00	21	0.034	265	13.500	4.124E-01	1.991E-01	9.419E-02	1.563E-01	8355	Xenopus laevis
YP_010084588.1	5	YP_010084588.1	7kzn-assembly1_C	1.875E+00	19	0.024	617	13.600	3.222E-01	1.015E-01	9.553E-02	6.397E-02	3055	Chlamydomonas reinhardtii
YP_010084588.1	6	YP_010084588.1	7kzm-assembly1_C	3.924E+00	16	0.014	617	13.600	3.223E-01	1.015E-01	9.553E-02	2.390E-02	3055	Chlamydomonas reinhardtii
YP_010680019.1	1	YP_010680019.1	7pu7-assembly1_A	6.525E-48	1748	1.000	1141	19.700	6.035E-01	7.925E-01	7.832E-01	7.572E-01	1773	Mycobacterium tuberculosis
YP_010680019.1	2	YP_010680019.1	5fku-assembly1_A	9.603E-41	1473	1.000	1141	19.700	5.913E-01	7.847E-01	7.718E-01	6.986E-01	83333	Escherichia coli K-12
YP_010680019.1	3	YP_010680019.1	4iqj-assembly1_C	9.767E-49	1781	1.000	1157	20.000	6.235E-01	7.711E-01	7.656E-01	6.840E-01	271	Thermus aquaticus
YP_010680019.1	4	YP_010680019.1	4iqj-assembly1_D	2.114E-47	1749	1.000	1176	20.300	6.371E-01	7.670E-01	7.617E-01	6.711E-01	271	Thermus aquaticus
YP_010680019.1	5	YP_010680019.1	4iqj-assembly1_A	8.180E-48	1748	1.000	1152	20.800	6.263E-01	7.671E-01	7.617E-01	6.830E-01	271	Thermus aquaticus
YP_010680019.1	6	YP_010680019.1	3e0d-assembly2_B	2.014E-48	1760	1.000	1163	20.700	6.251E-01	7.598E-01	7.542E-01	6.822E-01	271	Thermus aquaticus
YP_010680019.1	7	YP_010680019.1	4iqj-assembly1_B	7.473E-48	1713	1.000	1155	20.000	6.100E-01	7.549E-01	7.495E-01	6.702E-01	271	Thermus aquaticus
YP_010680019.1	8	YP_010680019.1	2hpi-assembly1_A	3.440E-50	1811	1.000	1161	20.600	6.318E-01	7.426E-01	7.373E-01	6.712E-01	271	Thermus aquaticus
YP_010680019.1	9	YP_010680019.1	5lew-assembly1_A	1.100E-40	1607	1.000	957	21.500	6.443E-01	8.598E-01	7.292E-01	8.137E-01	83332	Mycobacterium tuberculosis H37Rv
YP_010680019.1	10	YP_010680019.1	5fkw-assembly1_A	1.264E-39	1494	1.000	995	20.700	6.182E-01	8.143E-01	7.280E-01	8.052E-01	83333	Escherichia coli K-12
YP_010680019.1	11	YP_010680019.1	5fkv-assembly1_A	1.379E-40	1403	1.000	1135	19.600	5.794E-01	7.325E-01	7.272E-01	6.601E-01	83333	Escherichia coli K-12
YP_010680019.1	12	YP_010680019.1	4jom-assembly1_A	7.606E-43	1607	1.000	942	20.900	6.308E-01	7.954E-01	6.798E-01	7.629E-01	83333	Escherichia coli K-12
YP_010680019.1	13	YP_010680019.1	3f2b-assembly1_A	4.843E-30	1040	1.000	964	18.100	5.561E-01	7.434E-01	6.315E-01	6.534E-01	1462	Geobacillus kaustophilus
YP_010680019.1	14	YP_010680019.1	3f2d-assembly1_A	1.188E-31	1090	1.000	972	17.900	5.593E-01	7.359E-01	6.249E-01	6.468E-01	1462	Geobacillus kaustophilus
YP_010680019.1	15	YP_010680019.1	4gx8-assembly1_A	4.337E-10	424	1.000	277	22.700	5.949E-01	8.351E-01	2.256E-01	7.134E-01	83333	Escherichia coli K-12
YP_010680019.1	16	YP_010680019.1	4gx9-assembly1_A	2.409E-10	414	1.000	282	21.600	5.687E-01	8.007E-01	2.241E-01	6.886E-01	83333	Escherichia coli K-12
YP_010680019.1	17	YP_010680019.1	4gx9-assembly2_B	1.465E-10	434	1.000	277	23.100	5.897E-01	8.182E-01	2.200E-01	6.816E-01	83333	Escherichia coli K-12
YP_010680019.1	18	YP_010680019.1	3e0f-assembly1_A	2.819E-04	140	1.000	307	16.600	3.919E-01	5.366E-01	1.527E-01	4.562E-01	367928	Bifidobacterium adolescentis ATCC 15703
YP_010680019.1	19	YP_010680019.1	7ug9-assembly1_A	6.080E-04	143	1.000	206	16.900	3.950E-01	6.254E-01	1.371E-01	5.513E-01	562	Escherichia coli
YP_010680019.1	20	YP_010680019.1	2yb4-assembly1_A	5.092E-03	115	1.000	267	12.300	3.894E-01	5.842E-01	1.325E-01	4.207E-01	536	Chromobacterium violaceum
YP_009887186.1	1	YP_009887186.1	5iv7-assembly1_F	2.401E-08	177	1.000	302	16.500	4.921E-01	4.362E-01	2.296E-01	3.928E-01	10665	Tequatrovirus T4
YP_009887186.1	2	YP_009887186.1	5iv5-assembly1_I	2.358E-47	658	1.000	623	50.700	5.721E-01	2.164E-01	2.152E-01	2.161E-01	10665	Tequatrovirus T4
YP_009887186.1	3	YP_009887186.1	2fkk-assembly1_A	4.588E-14	408	1.000	160	60.600	6.680E-01	6.910E-01	1.930E-01	5.641E-01	10665	Tequatrovirus T4
YP_009887186.1	4	YP_009887186.1	5hx2-assembly1_H	7.385E-13	203	1.000	615	28.900	4.223E-01	3.172E-01	1.909E-01	3.164E-01	10665	Tequatrovirus T4
YP_009887186.1	5	YP_009887186.1	7rej-assembly1_A	9.845E-11	215	1.000	368	11.100	5.455E-01	3.784E-01	1.897E-01	3.091E-01	1987159	Kuttervirus CBA120
YP_009887186.1	6	YP_009887186.1	2fl8-assembly1_A	2.218E-22	392	1.000	613	30.300	5.757E-01	3.170E-01	1.891E-01	3.162E-01	10665	Tequatrovirus T4
YP_009887186.1	7	YP_009887186.1	5hx2-assembly1_G	1.006E-13	367	1.000	155	68.300	6.200E-01	6.267E-01	1.869E-01	3.132E-01	10665	Tequatrovirus T4
YP_009887186.1	8	YP_009887186.1	5hx2-assembly1_I	1.135E-13	213	1.000	624	29.300	4.299E-01	3.084E-01	1.842E-01	3.076E-01	10665	Tequatrovirus T4
YP_009887186.1	9	YP_009887186.1	7rfo-assembly1_C	8.153E-10	188	1.000	363	11.200	5.129E-01	3.589E-01	1.597E-01	2.793E-01	1987159	Kuttervirus CBA120
YP_009887186.1	10	YP_009887186.1	7rfo-assembly1_B	5.716E-11	205	1.000	362	11.800	5.135E-01	3.519E-01	1.571E-01	2.721E-01	1987159	Kuttervirus CBA120
YP_009887186.1	11	YP_009887186.1	7rfv-assembly1_A	2.454E-11	285	1.000	203	15.200	6.219E-01	5.297E-01	1.490E-01	3.614E-01	1987159	Kuttervirus CBA120
YP_009887186.1	12	YP_009887186.1	7rej-assembly2_B	1.244E-09	229	1.000	214	15.400	5.776E-01	4.878E-01	1.479E-01	3.393E-01	1987159	Kuttervirus CBA120
YP_009887186.1	13	YP_009887186.1	8es4-assembly1_F	1.265E-03	74	0.961	167	13.100	3.656E-01	3.618E-01	9.540E-02	3.509E-01	2530183	Shigella phage Buco
YP_009887186.1	14	YP_009887186.1	6h9c-assembly1_Z	8.171E-02	72	0.949	102	10.700	4.913E-01	5.840E-01	8.900E-02	2.236E-01	662475	Haloarcula marismortui ATCC 33799
YP_009887186.1	15	YP_009887186.1	6qt9-assembly1_C-13	2.424E-01	69	0.923	100	12.000	5.521E-01	6.440E-01	9.960E-02	2.526E-01	326574	Haloarcula hispanica SH1 virus
YP_009887186.1	16	YP_009887186.1	6h82-assembly1_A	3.086E-01	57	0.692	104	12.500	4.765E-01	5.451E-01	8.833E-02	2.179E-01	1154689	Haloarcula hispanica icosahedral virus 2
YP_009887186.1	17	YP_009887186.1	8i4m-assembly1_m	1.334E-02	52	0.537	219	10.900	3.310E-01	3.108E-01	1.055E-01	2.772E-01	2914505	Prochlorococcus phage P-SCSP1u
YP_009887186.1	18	YP_009887186.1	9ilp-assembly1_a	2.424E-01	52	0.537	125	15.200	4.197E-01	4.882E-01	9.625E-02	2.999E-01	2695836	Escherichia phage T5
YP_009887186.1	19	YP_009887186.1	7y1c-assembly1_e	2.755E-02	49	0.442	161	13.600	3.280E-01	3.158E-01	8.823E-02	2.787E-01	2936516	Klebsiella phage Kp9
YP_009887186.1	20	YP_009887186.1	7y22-assembly1_g	1.495E-01	48	0.411	140	16.400	3.872E-01	3.947E-01	9.155E-02	2.909E-01	2936515	Klebsiella phage Kp7
YP_009882257.1	1	YP_009882257.1	1wth-assembly1_A	6.385E-42	1011	1.000	614	43.800	7.310E-01	4.249E-01	4.027E-01	4.182E-01	10665	Tequatrovirus T4
YP_009882257.1	2	YP_009882257.1	1k28-assembly1_A	8.904E-42	1034	1.000	614	42.800	7.507E-01	4.358E-01	4.025E-01	4.273E-01	10665	Tequatrovirus T4
YP_009882257.1	3	YP_009882257.1	2z6b-assembly1_A	6.385E-42	1015	1.000	614	42.600	7.430E-01	4.222E-01	4.010E-01	4.145E-01	10665	Tequatrovirus T4
YP_009882257.1	4	YP_009882257.1	7cn7-assembly1_A	5.783E-19	799	1.000	174	53.400	8.881E-01	9.740E-01	2.834E-01	9.311E-01	10665	Tequatrovirus T4
YP_009882257.1	5	YP_009882257.1	6xc1-assembly1_A	7.218E-19	814	1.000	167	52.600	9.131E-01	9.914E-01	2.741E-01	9.679E-01	10665	Tequatrovirus T4
YP_009882257.1	6	YP_009882257.1	4phu-assembly1_A	1.587E-13	560	1.000	170	36.400	8.335E-01	9.378E-01	2.734E-01	3.723E-01	9606	Homo sapiens
YP_009882257.1	7	YP_009882257.1	7p41-assembly1_D	3.011E-14	579	1.000	175	36.000	8.225E-01	9.260E-01	2.725E-01	3.622E-01	9606	Homo sapiens
YP_009882257.1	8	YP_009882257.1	6fw2-assembly1_A	5.538E-14	569	1.000	174	35.600	8.218E-01	9.245E-01	2.723E-01	3.630E-01	9606	Homo sapiens
YP_009882257.1	9	YP_009882257.1	5kw2-assembly1_A	2.094E-13	558	1.000	168	36.300	8.314E-01	9.476E-01	2.721E-01	3.912E-01	9606	Homo sapiens
YP_009882257.1	10	YP_009882257.1	3pbl-assembly2_B	7.488E-13	542	1.000	167	37.700	8.305E-01	9.634E-01	2.721E-01	3.810E-01	9606	Homo sapiens
YP_009882257.1	11	YP_009882257.1	3pbl-assembly1_A	5.240E-14	590	1.000	166	37.300	8.434E-01	9.680E-01	2.710E-01	3.719E-01	9606	Homo sapiens
YP_009882257.1	12	YP_009882257.1	7f8x-assembly1_A	7.915E-13	541	1.000	166	36.100	8.340E-01	9.607E-01	2.708E-01	3.622E-01	9606	Homo sapiens
YP_009882257.1	13	YP_009882257.1	4pk0-assembly1_A	1.933E-14	588	1.000	171	36.200	8.217E-01	9.344E-01	2.704E-01	9.184E-01	10665	Tequatrovirus T4
YP_009882257.1	14	YP_009882257.1	175l-assembly2_B	6.540E-14	586	1.000	166	36.100	8.457E-01	9.623E-01	2.704E-01	9.566E-01	10665	Tequatrovirus T4
YP_009882257.1	15	YP_009882257.1	137l-assembly2_B	1.981E-13	567	1.000	166	36.700	8.426E-01	9.628E-01	2.703E-01	9.571E-01	10665	Tequatrovirus T4
YP_009882257.1	16	YP_009882257.1	1jqu-assembly2_B	2.919E-13	557	1.000	166	37.300	8.343E-01	9.603E-01	2.702E-01	9.547E-01	10665	Tequatrovirus T4
YP_009882257.1	17	YP_009882257.1	216l-assembly2_B	3.851E-13	556	1.000	166	36.700	8.438E-01	9.620E-01	2.702E-01	9.563E-01	10665	Tequatrovirus T4
YP_009882257.1	18	YP_009882257.1	2hum-assembly1_B	2.094E-13	567	1.000	166	36.100	8.482E-01	9.597E-01	2.700E-01	9.540E-01	10665	Tequatrovirus T4
YP_009882257.1	19	YP_009882257.1	1jqu-assembly4_D	2.534E-12	514	1.000	166	37.300	8.082E-01	9.601E-01	2.700E-01	9.544E-01	10665	Tequatrovirus T4
YP_009882257.1	20	YP_009882257.1	2hum-assembly1_A	4.807E-13	554	1.000	166	36.700	8.505E-01	9.591E-01	2.699E-01	9.535E-01	10665	Tequatrovirus T4
YP_010084498.1	1	YP_010084498.1	3cax-assembly1_A-2	2.119E+00	56	0.663	145	11.700	4.435E-01	6.315E-01	1.849E-01	2.859E-01	186497	Pyrococcus furiosus DSM 3638
YP_010084498.1	2	YP_010084498.1	8qad-assembly1_A	5.347E-01	53	0.569	154	15.500	3.627E-01	4.271E-01	1.199E-01	3.831E-01	32630	synthetic construct
YP_010084498.1	3	YP_010084498.1	1ktm-assembly1_A	2.665E+00	46	0.353	165	12.100	3.897E-01	5.448E-01	1.729E-01	5.390E-01	9031	Gallus gallus
YP_010084498.1	4	YP_010084498.1	2l6h-assembly1_A	2.790E+00	40	0.214	177	14.600	3.681E-01	4.291E-01	1.551E-01	4.251E-01	0	unclassified
YP_010084498.1	5	YP_010084498.1	7cuq-assembly1_C	6.088E+00	34	0.126	186	12.900	3.850E-01	4.306E-01	1.647E-01	4.098E-01	562	Escherichia coli
YP_010084498.1	6	YP_010084498.1	8qqk-assembly1_C	7.658E+00	33	0.116	187	9.600	3.973E-01	4.467E-01	1.689E-01	3.930E-01	469008	Escherichia coli BL21(DE3)
YP_010084498.1	7	YP_010084498.1	2l6f-assembly1_A	6.374E+00	30	0.090	174	14.900	3.537E-01	3.927E-01	1.489E-01	3.502E-01	0	unclassified
YP_010084498.1	8	YP_010084498.1	6lum-assembly1_C	9.633E+00	27	0.069	144	9.700	4.151E-01	3.444E-01	9.462E-02	3.346E-01	1445611	Mycolicibacterium smegmatis MC2 51
YP_010084498.1	9	YP_010084498.1	8e0o-assembly1_B	9.633E+00	26	0.063	207	11.500	3.526E-01	3.579E-01	1.446E-01	3.299E-01	32630	synthetic construct
YP_010084498.1	10	YP_010084498.1	8cdd-assembly1_C	1.468E+00	26	0.063	343	13.100	3.072E-01	1.700E-01	9.618E-02	1.596E-01	36329	Plasmodium falciparum 3D7
YP_010084498.1	11	YP_010084498.1	6zbg-assembly1_C	5.067E+00	24	0.051	323	11.400	3.817E-01	2.111E-01	1.215E-01	2.030E-01	5833	Plasmodium falciparum
YP_010084498.1	12	YP_010084498.1	3ja6-assembly1_I	7.658E+00	24	0.051	266	12.000	3.852E-01	2.397E-01	1.097E-01	1.898E-01	562	Escherichia coli
YP_010084498.1	13	YP_010084498.1	3zx6-assembly1_A	1.536E+00	24	0.051	290	13.100	3.274E-01	1.395E-01	7.174E-02	1.197E-01	224325	Archaeoglobus fulgidus DSM 4304
YP_010084498.1	14	YP_010084498.1	7a0g-assembly1_HHH	4.028E+00	23	0.045	349	9.100	3.285E-01	1.961E-01	1.276E-01	1.847E-01	615	Serratia marcescens
YP_010084498.1	15	YP_010084498.1	6h2f-assembly1_A	3.352E+00	22	0.040	321	11.200	3.317E-01	1.669E-01	1.154E-01	1.712E-01	1418110	Aeromonas hydrophila subsp. hydrophila AL09-71
YP_010084498.1	16	YP_010084498.1	7tut-assembly1_6	9.201E+00	22	0.040	224	12.000	3.557E-01	2.462E-01	1.153E-01	2.246E-01	9612	Canis lupus
YP_010084498.1	17	YP_010084498.1	8ugl-assembly1_4C	5.815E+00	22	0.040	270	10.300	3.825E-01	1.913E-01	1.131E-01	1.784E-01	9823	Sus scrofa
YP_010084498.1	18	YP_010084498.1	7a0g-assembly1_EEE	3.058E+00	22	0.040	355	11.200	3.225E-01	1.560E-01	9.797E-02	1.477E-01	615	Serratia marcescens
YP_010084498.1	19	YP_010084498.1	2h7v-assembly2_D	5.067E+00	22	0.040	314	10.100	3.636E-01	1.737E-01	8.698E-02	1.673E-01	633	Yersinia pseudotuberculosis
YP_010084498.1	20	YP_010084498.1	8brd-assembly1_D	6.986E+00	22	0.040	187	12.200	3.195E-01	2.484E-01	8.306E-02	1.726E-01	663	Vibrio alginolyticus
YP_007675791.1	1	YP_007675791.1	8dgc-assembly1_H	6.613E-19	409	1.000	557	14.500	5.230E-01	4.642E-01	4.041E-01	4.020E-01	2744002	Escherichia phage PhiV-1
YP_007675791.1	2	YP_007675791.1	3cpe-assembly1_A	6.265E-16	314	1.000	484	13.800	4.800E-01	4.072E-01	3.299E-01	3.216E-01	10665	Tequatrovirus T4
YP_007675791.1	3	YP_007675791.1	4bij-assembly1_A	1.512E-10	205	1.000	498	12.000	4.417E-01	3.894E-01	3.261E-01	3.612E-01	10760	Escherichia phage T7
YP_007675791.1	4	YP_007675791.1	4bil-assembly1_A	7.617E-11	204	1.000	497	12.600	4.291E-01	3.785E-01	3.215E-01	3.527E-01	10760	Escherichia phage T7
YP_007675791.1	5	YP_007675791.1	6z6d-assembly1_A	8.361E-13	238	1.000	522	12.000	4.323E-01	3.817E-01	3.211E-01	3.539E-01	37554	Byrnievirus HK97
YP_007675791.1	6	YP_007675791.1	3ezk-assembly1_A	1.476E-15	282	1.000	531	13.500	4.574E-01	3.604E-01	3.193E-01	3.107E-01	10665	Tequatrovirus T4
YP_007675791.1	7	YP_007675791.1	4ife-assembly1_A	1.073E-10	200	1.000	502	9.500	4.320E-01	3.724E-01	3.090E-01	3.687E-01	10761	Lederbergvirus Sf6
YP_007675791.1	8	YP_007675791.1	4iee-assembly1_A	1.694E-10	194	1.000	501	9.500	4.221E-01	3.694E-01	3.087E-01	3.549E-01	10761	Lederbergvirus Sf6
YP_007675791.1	9	YP_007675791.1	4iei-assembly1_A	3.110E-12	216	1.000	501	10.300	3.980E-01	3.717E-01	3.050E-01	3.527E-01	10761	Lederbergvirus Sf6
YP_007675791.1	10	YP_007675791.1	6m5r-assembly1_A	3.045E-14	227	1.000	529	13.200	3.964E-01	3.153E-01	2.791E-01	2.378E-01	10299	Human alphaherpesvirus 1 strain 17
YP_007675791.1	11	YP_007675791.1	3n4p-assembly1_B	2.741E-05	165	1.000	220	12.700	4.892E-01	6.978E-01	2.785E-01	5.873E-01	10363	Human herpesvirus 5 strain Towne
YP_007675791.1	12	YP_007675791.1	6m5v-assembly1_A	5.829E-12	197	1.000	533	12.700	3.892E-01	3.295E-01	2.784E-01	2.590E-01	10299	Human alphaherpesvirus 1 strain 17
YP_007675791.1	13	YP_007675791.1	3c6a-assembly1_A	2.589E-05	170	1.000	212	12.700	5.168E-01	6.976E-01	2.706E-01	6.633E-01	50948	Escherichia phage RB49
YP_007675791.1	14	YP_007675791.1	4iox-assembly1_A	1.577E-06	181	1.000	233	15.000	4.561E-01	6.549E-01	2.698E-01	5.731E-01	10298	Human alphaherpesvirus 1
YP_007675791.1	15	YP_007675791.1	6ey7-assembly2_B	5.538E-06	173	1.000	224	12.500	4.707E-01	6.642E-01	2.692E-01	5.654E-01	10360	Human herpesvirus 5 strain AD169
YP_007675791.1	16	YP_007675791.1	6ey7-assembly1_A	4.583E-05	149	1.000	222	12.600	4.612E-01	6.466E-01	2.643E-01	5.528E-01	10360	Human herpesvirus 5 strain AD169
YP_007675791.1	17	YP_007675791.1	6m5t-assembly1_A	2.309E-05	162	1.000	226	14.100	4.726E-01	6.845E-01	2.623E-01	5.225E-01	10299	Human alphaherpesvirus 1 strain 17
YP_007675791.1	18	YP_007675791.1	6ey7-assembly3_C	3.253E-05	151	1.000	224	9.800	4.524E-01	6.507E-01	2.605E-01	5.637E-01	10360	Human herpesvirus 5 strain AD169
YP_007675791.1	19	YP_007675791.1	3c6h-assembly2_B	4.328E-05	183	1.000	175	11.400	5.441E-01	8.183E-01	2.577E-01	6.744E-01	50948	Escherichia phage RB49
YP_007675791.1	20	YP_007675791.1	3n4q-assembly1_B	2.902E-05	145	1.000	221	12.600	4.286E-01	6.223E-01	2.555E-01	5.411E-01	10363	Human herpesvirus 5 strain Towne
NP_740662.1	1	NP_740662.1	4hbo-assembly5_E-4	1.609E-04	76	0.971	97	83.500	3.542E-01	2.874E-01	1.242E-01	2.871E-01	11043	Rubella virus strain M33
YP_010840747.1	1	YP_010840747.1	3k33-assembly1_A-2	7.670E-01	38	0.179	148	14.100	3.699E-01	3.328E-01	1.742E-01	3.157E-01	10678	Punavirus P1
YP_010840747.1	2	YP_010840747.1	3rmr-assembly3_C	4.044E-01	35	0.138	283	8.800	3.527E-01	2.351E-01	1.972E-01	2.323E-01	123356	Hyaloperonospora parasitica
YP_010840747.1	3	YP_010840747.1	3kh2-assembly2_C	1.175E+00	35	0.138	106	17.900	3.605E-01	3.305E-01	1.541E-01	2.662E-01	10678	Punavirus P1
YP_010840747.1	4	YP_010840747.1	8p94-assembly1_G	1.800E+00	35	0.138	94	13.800	3.694E-01	3.793E-01	1.476E-01	2.485E-01	9606	Homo sapiens
YP_010840747.1	5	YP_010840747.1	7yse-assembly1_C	7.205E+00	30	0.090	84	14.200	3.878E-01	5.206E-01	1.840E-01	9.704E-02	83333	Escherichia coli K-12
YP_010840747.1	6	YP_010840747.1	3rmr-assembly2_B	1.534E+00	28	0.076	274	11.300	3.560E-01	2.378E-01	1.918E-01	2.323E-01	123356	Hyaloperonospora parasitica
YP_010840747.1	7	YP_010840747.1	7eiv-assembly1_D	7.205E+00	27	0.069	130	14.600	3.744E-01	4.105E-01	1.941E-01	1.163E-01	83333	Escherichia coli K-12
YP_010840747.1	8	YP_010840747.1	2c0k-assembly2_B	6.139E+00	26	0.063	170	8.800	3.831E-01	3.550E-01	1.876E-01	3.310E-01	84525	Gasterophilus intestinalis
YP_010840747.1	9	YP_010840747.1	5cwb-assembly1_A	5.232E+00	26	0.063	149	12.000	3.912E-01	3.099E-01	1.819E-01	2.373E-01	32630	synthetic construct
YP_010840747.1	10	YP_010840747.1	8re6-assembly1_A	4.702E+00	26	0.063	174	9.700	4.137E-01	2.783E-01	1.630E-01	1.250E-01	9606	Homo sapiens
YP_010840747.1	11	YP_010840747.1	6dec-assembly1_G	8.016E+00	26	0.063	93	10.700	3.650E-01	4.248E-01	1.542E-01	3.316E-01	9913	Bos taurus
YP_010840747.1	12	YP_010840747.1	1ya0-assembly1_A	8.918E+00	26	0.063	91	13.100	3.629E-01	4.558E-01	1.403E-01	9.785E-02	9606	Homo sapiens
YP_010840747.1	13	YP_010840747.1	2qfn-assembly1_B	1.240E+00	26	0.063	149	10.700	3.457E-01	1.903E-01	1.227E-01	1.835E-01	0	unclassified
YP_010840747.1	14	YP_010840747.1	2p03-assembly1_A	1.392E-01	26	0.063	319	15.000	3.131E-01	1.090E-01	9.471E-02	9.553E-02	9606	Homo sapiens
YP_010840747.1	15	YP_010840747.1	6zj3-assembly1_SD	4.458E+00	25	0.057	112	12.500	3.144E-01	3.386E-01	1.349E-01	2.087E-01	3039	Euglena gracilis
YP_010840747.1	16	YP_010840747.1	3n24-assembly1_A	6.139E+00	25	0.057	110	8.100	3.611E-01	3.437E-01	1.250E-01	3.125E-01	208964	Pseudomonas aeruginosa PAO1
YP_010840747.1	17	YP_010840747.1	7xc7-assembly1_D	6.830E+00	24	0.051	137	15.300	3.768E-01	3.319E-01	1.560E-01	8.714E-02	237368	Candidatus Scalindua brodae
YP_010840747.1	18	YP_010840747.1	8tno-assembly1_A	3.799E+00	24	0.051	136	16.100	3.542E-01	2.554E-01	1.367E-01	1.478E-01	32630	synthetic construct
YP_010840747.1	19	YP_010840747.1	3l34-assembly3_E	7.599E+00	24	0.051	123	8.100	3.793E-01	3.291E-01	1.268E-01	2.832E-01	208964	Pseudomonas aeruginosa PAO1
YP_010840747.1	20	YP_010840747.1	2kil-assembly1_A	6.476E+00	23	0.045	102	15.600	3.828E-01	2.783E-01	1.131E-01	1.631E-01	70863	Shewanella oneidensis
NP_944295.1	1	NP_944295.1	8jov-assembly1_l	2.367E-10	404	1.000	109	39.400	7.627E-01	9.118E-01	3.397E-01	8.387E-01	2282904	Ralstonia phage GP4
NP_944295.1	2	NP_944295.1	6ov6-assembly1_B	1.142E-05	128	1.000	254	22.000	4.722E-01	3.940E-01	2.772E-01	3.395E-01	1046627	Bizionia argentinensis JUB59
NP_944295.1	3	NP_944295.1	6ov6-assembly1_C	8.573E-06	126	1.000	257	21.700	4.644E-01	3.785E-01	2.712E-01	3.271E-01	1046627	Bizionia argentinensis JUB59
NP_944295.1	4	NP_944295.1	6ov6-assembly1_A	2.722E-06	128	1.000	274	21.100	4.426E-01	3.597E-01	2.696E-01	3.126E-01	1046627	Bizionia argentinensis JUB59
NP_944295.1	5	NP_944295.1	9in6-assembly1_Q	4.238E-04	155	1.000	95	15.700	5.964E-01	7.433E-01	2.440E-01	1.869E-01	666	Vibrio cholerae
NP_944295.1	6	NP_944295.1	8apg-assembly1_C1	1.665E-02	83	0.990	84	14.200	4.366E-01	5.517E-01	1.881E-01	1.164E-01	5702	Trypanosoma brucei brucei
NP_944295.1	7	NP_944295.1	7dqe-assembly1_E	2.956E-02	83	0.990	80	13.700	4.557E-01	5.961E-01	1.831E-01	1.274E-01	768486	Enterococcus hirae ATCC 9790
NP_944295.1	8	NP_944295.1	8ap6-assembly1_C1	1.764E-02	80	0.984	82	14.600	4.235E-01	5.390E-01	1.753E-01	1.084E-01	5702	Trypanosoma brucei brucei
NP_944295.1	9	NP_944295.1	9bru-assembly1_3	4.677E-02	77	0.975	89	21.300	4.441E-01	5.811E-01	1.995E-01	1.379E-01	10090	Mus musculus
NP_944295.1	10	NP_944295.1	6xbw-assembly1_D	5.883E-02	75	0.967	90	14.400	4.396E-01	5.863E-01	1.851E-01	1.271E-01	9913	Bos taurus
NP_944295.1	11	NP_944295.1	8ap6-assembly1_A1	4.170E-02	74	0.961	80	15.000	4.296E-01	5.503E-01	1.799E-01	1.099E-01	5702	Trypanosoma brucei brucei
NP_944295.1	12	NP_944295.1	6tba-assembly1_7A	5.931E-03	73	0.956	140	18.500	3.761E-01	4.010E-01	2.137E-01	2.174E-01	272942	Rhodobacter capsulatus SB 1003
NP_944295.1	13	NP_944295.1	7uwb-assembly1_F	5.245E-02	73	0.956	85	8.200	4.366E-01	5.562E-01	1.713E-01	1.184E-01	2708	Citrus x limon
NP_944295.1	14	NP_944295.1	5ik2-assembly1_E	8.300E-02	73	0.956	89	11.200	4.487E-01	5.948E-01	1.713E-01	1.152E-01	986075	Caldalkalibacillus thermarum TA2.A1
NP_944295.1	15	NP_944295.1	2dpy-assembly2_B	3.718E-02	72	0.949	87	14.900	4.092E-01	5.309E-01	1.830E-01	1.362E-01	602	Salmonella enterica subsp. enterica serovar Typhimurium
NP_944295.1	16	NP_944295.1	7fda-assembly1_B	6.598E-02	72	0.949	85	15.200	4.351E-01	5.673E-01	1.780E-01	1.205E-01	559292	Saccharomyces cerevisiae S288C
NP_944295.1	17	NP_944295.1	8xcg-assembly1_Z	2.768E-01	70	0.933	86	17.400	5.016E-01	6.703E-01	1.988E-01	1.064E-01	2681611	Escherichia phage Lambda
NP_944295.1	18	NP_944295.1	6wm2-assembly1_F	8.300E-02	70	0.933	85	16.400	4.391E-01	5.691E-01	1.782E-01	1.238E-01	9606	Homo sapiens
NP_944295.1	19	NP_944295.1	6f5d-assembly1_C	8.790E-02	69	0.923	80	15.000	4.325E-01	5.658E-01	1.831E-01	1.130E-01	5702	Trypanosoma brucei brucei
NP_944295.1	20	NP_944295.1	6f5d-assembly1_B	8.790E-02	69	0.923	80	15.000	4.329E-01	5.654E-01	1.831E-01	1.125E-01	5702	Trypanosoma brucei brucei
YP_010681528.1	1	YP_010681528.1	5fku-assembly1_A	3.021E-41	1454	1.000	1199	20.100	5.760E-01	7.717E-01	7.423E-01	7.134E-01	83333	Escherichia coli K-12
YP_010681528.1	2	YP_010681528.1	4iqj-assembly1_A	1.275E-45	1654	1.000	1211	21.000	6.252E-01	7.579E-01	7.337E-01	6.964E-01	271	Thermus aquaticus
YP_010681528.1	3	YP_010681528.1	4iqj-assembly1_C	3.537E-47	1721	1.000	1188	20.800	6.270E-01	7.674E-01	7.327E-01	6.944E-01	271	Thermus aquaticus
YP_010681528.1	4	YP_010681528.1	4iqj-assembly1_B	1.087E-47	1715	1.000	1170	20.800	6.163E-01	7.590E-01	7.254E-01	6.869E-01	271	Thermus aquaticus
YP_010681528.1	5	YP_010681528.1	7pu7-assembly1_A	3.575E-50	1749	1.000	1216	20.800	5.920E-01	7.449E-01	7.247E-01	7.442E-01	1773	Mycobacterium tuberculosis
YP_010681528.1	6	YP_010681528.1	2hpi-assembly1_A	4.538E-49	1761	1.000	1215	21.100	6.210E-01	7.516E-01	7.239E-01	6.989E-01	271	Thermus aquaticus
YP_010681528.1	7	YP_010681528.1	3e0d-assembly2_B	5.027E-48	1714	1.000	1217	20.800	6.200E-01	7.433E-01	7.193E-01	6.919E-01	271	Thermus aquaticus
YP_010681528.1	8	YP_010681528.1	4iqj-assembly1_D	1.100E-46	1687	1.000	1165	21.200	6.244E-01	7.559E-01	7.149E-01	6.673E-01	271	Thermus aquaticus
YP_010681528.1	9	YP_010681528.1	5lew-assembly1_A	5.764E-44	1685	1.000	989	23.500	6.392E-01	8.266E-01	6.903E-01	8.172E-01	83332	Mycobacterium tuberculosis H37Rv
YP_010681528.1	10	YP_010681528.1	5fkv-assembly1_A	1.656E-42	1468	1.000	1137	20.300	5.727E-01	7.466E-01	6.881E-01	6.633E-01	83333	Escherichia coli K-12
YP_010681528.1	11	YP_010681528.1	5fkw-assembly1_A	4.977E-41	1512	1.000	984	23.100	5.952E-01	8.163E-01	6.854E-01	8.043E-01	83333	Escherichia coli K-12
YP_010681528.1	12	YP_010681528.1	4jom-assembly1_A	2.030E-44	1634	1.000	972	23.500	6.131E-01	7.942E-01	6.654E-01	7.926E-01	83333	Escherichia coli K-12
YP_010681528.1	13	YP_010681528.1	3f2d-assembly1_A	2.359E-31	1100	1.000	1016	17.400	5.826E-01	7.376E-01	5.958E-01	6.559E-01	1462	Geobacillus kaustophilus
YP_010681528.1	14	YP_010681528.1	3f2b-assembly1_A	2.828E-31	1092	1.000	1021	17.300	5.784E-01	7.360E-01	5.954E-01	6.546E-01	1462	Geobacillus kaustophilus
YP_010681528.1	15	YP_010681528.1	4gx9-assembly1_A	1.083E-08	361	1.000	299	17.000	5.697E-01	8.204E-01	2.147E-01	7.001E-01	83333	Escherichia coli K-12
YP_010681528.1	16	YP_010681528.1	4gx9-assembly2_B	3.485E-09	382	1.000	293	17.400	5.716E-01	8.326E-01	2.127E-01	6.940E-01	83333	Escherichia coli K-12
YP_010681528.1	17	YP_010681528.1	4gx8-assembly1_A	4.575E-09	379	1.000	293	17.700	5.695E-01	8.412E-01	2.108E-01	7.051E-01	83333	Escherichia coli K-12
YP_010681528.1	18	YP_010681528.1	9etk-assembly1_A	3.259E-03	99	0.999	290	12.000	3.361E-01	4.712E-01	1.160E-01	3.979E-01	666	Vibrio cholerae
YP_010681528.1	19	YP_010681528.1	3e0f-assembly1_A	1.060E-02	91	0.997	292	11.900	3.504E-01	4.723E-01	1.138E-01	3.875E-01	367928	Bifidobacterium adolescentis ATCC 15703
YP_010681528.1	20	YP_010681528.1	5m1x-assembly1_A	4.583E-01	77	0.975	89	15.700	4.730E-01	6.219E-01	6.009E-02	4.023E-01	559292	Saccharomyces cerevisiae S288C
YP_009342304.1	1	YP_009342304.1	2izw-assembly1_C	6.252E-12	444	1.000	187	16.000	7.151E-01	8.857E-01	6.294E-01	7.701E-01	119910	Ryegrass mottle virus
YP_009342304.1	2	YP_009342304.1	2vq0-assembly1_C	1.456E-11	426	1.000	208	15.800	7.044E-01	8.763E-01	6.182E-01	7.407E-01	12558	Sesbania mosaic virus
YP_009342304.1	3	YP_009342304.1	1smv-assembly1_C	1.456E-11	430	1.000	207	15.400	7.174E-01	8.779E-01	6.176E-01	7.111E-01	12558	Sesbania mosaic virus
YP_009342304.1	4	YP_009342304.1	1x35-assembly1_C	1.630E-11	426	1.000	207	16.400	7.085E-01	8.777E-01	6.175E-01	7.021E-01	12558	Sesbania mosaic virus
YP_009342304.1	5	YP_009342304.1	4sbv-assembly1_C	1.825E-11	418	1.000	210	16.100	6.949E-01	8.673E-01	6.166E-01	7.099E-01	12139	Southern bean mosaic virus
YP_009342304.1	6	YP_009342304.1	1x33-assembly1_C	3.983E-12	441	1.000	207	15.900	6.965E-01	8.731E-01	6.145E-01	6.987E-01	12558	Sesbania mosaic virus
YP_009342304.1	7	YP_009342304.1	2zah-assembly1_C	3.797E-11	420	1.000	185	19.400	7.206E-01	8.875E-01	6.109E-01	4.811E-01	11987	Melon necrotic spot virus
YP_009342304.1	8	YP_009342304.1	1c8n-assembly1_C	7.765E-13	465	1.000	202	16.300	7.052E-01	8.680E-01	6.108E-01	7.122E-01	12054	unidentified tobacco necrosis virus
YP_009342304.1	9	YP_009342304.1	6mrl-assembly1_D	1.857E-09	351	1.000	188	18.000	6.892E-01	8.584E-01	5.929E-01	4.748E-01	165432	Cucumber leaf spot virus
YP_009342304.1	10	YP_009342304.1	1smv-assembly1_A	1.725E-11	413	1.000	197	14.700	6.740E-01	8.715E-01	5.818E-01	7.517E-01	12558	Sesbania mosaic virus
YP_009342304.1	11	YP_009342304.1	4v99-assembly1_AM	2.180E-10	374	1.000	198	17.100	6.762E-01	8.461E-01	5.813E-01	6.843E-01	652599	Panicum mosaic virus strain Kansas 109S
YP_009342304.1	12	YP_009342304.1	2izw-assembly1_B	4.716E-12	438	1.000	172	15.600	6.854E-01	8.844E-01	5.784E-01	8.152E-01	119910	Ryegrass mottle virus
YP_009342304.1	13	YP_009342304.1	2tbv-assembly1_C	4.325E-09	331	1.000	183	18.500	6.639E-01	8.475E-01	5.775E-01	4.698E-01	12145	Tomato bushy stunt virus
YP_009342304.1	14	YP_009342304.1	1c8n-assembly1_A	1.301E-11	417	1.000	192	16.100	6.770E-01	8.657E-01	5.736E-01	7.674E-01	12054	unidentified tobacco necrosis virus
YP_009342304.1	15	YP_009342304.1	4sbv-assembly1_B-31	4.251E-11	401	1.000	194	15.900	6.729E-01	8.732E-01	5.735E-01	7.312E-01	12139	Southern bean mosaic virus
YP_009342304.1	16	YP_009342304.1	4llf-assembly1_D	1.057E-09	349	1.000	184	16.800	6.682E-01	8.360E-01	5.700E-01	4.639E-01	12143	Cucumber necrosis virus
YP_009342304.1	17	YP_009342304.1	6mrl-assembly1_A	8.508E-09	329	1.000	177	18.000	6.745E-01	8.712E-01	5.678E-01	4.996E-01	165432	Cucumber leaf spot virus
YP_009342304.1	18	YP_009342304.1	3zx8-assembly1_C	1.066E-08	301	1.000	180	20.000	6.057E-01	8.285E-01	5.670E-01	5.009E-01	11988	Turnip crinkle virus
YP_009342304.1	19	YP_009342304.1	2zah-assembly1_A	6.362E-10	372	1.000	170	18.200	6.908E-01	8.869E-01	5.633E-01	4.937E-01	11987	Melon necrotic spot virus
YP_009342304.1	20	YP_009342304.1	2wlp-assembly2_B	1.183E-09	349	1.000	190	15.700	6.561E-01	8.603E-01	5.533E-01	7.309E-01	12558	Sesbania mosaic virus
YP_010740217.1	1	YP_010740217.1	4gp6-assembly1_B-2	1.946E-08	358	1.000	166	27.700	6.560E-01	8.370E-01	4.046E-01	7.772E-01	203119	Acetivibrio thermocellus ATCC 27405
YP_010740217.1	2	YP_010740217.1	4gp7-assembly1_B-2	5.222E-07	301	1.000	165	28.400	6.318E-01	8.290E-01	4.005E-01	7.615E-01	203119	Acetivibrio thermocellus ATCC 27405
YP_010740217.1	3	YP_010740217.1	4jst-assembly1_B	1.223E-07	322	1.000	165	28.400	6.327E-01	8.253E-01	3.997E-01	7.595E-01	203119	Acetivibrio thermocellus ATCC 27405
YP_010740217.1	4	YP_010740217.1	4mde-assembly1_A	1.484E-07	318	1.000	169	26.000	6.377E-01	8.166E-01	3.922E-01	7.496E-01	203119	Acetivibrio thermocellus ATCC 27405
YP_010740217.1	5	YP_010740217.1	3wfp-assembly9_B	8.317E-03	115	1.000	262	14.500	4.992E-01	5.764E-01	3.856E-01	2.991E-01	224324	Aquifex aeolicus VF5
YP_010740217.1	6	YP_010740217.1	3wfo-assembly3_C	1.285E-02	119	1.000	230	16.900	5.114E-01	6.536E-01	3.825E-01	3.130E-01	224324	Aquifex aeolicus VF5
YP_010740217.1	7	YP_010740217.1	3wfr-assembly1_E	9.162E-03	124	1.000	230	15.200	5.193E-01	6.509E-01	3.788E-01	3.001E-01	32630	synthetic construct
YP_010740217.1	8	YP_010740217.1	3wfr-assembly2_F	2.734E-03	123	1.000	266	14.600	4.619E-01	5.761E-01	3.786E-01	3.002E-01	32630	synthetic construct
YP_010740217.1	9	YP_010740217.1	3wfs-assembly2_D	2.411E-02	111	1.000	230	14.700	5.096E-01	6.456E-01	3.748E-01	2.935E-01	32630	synthetic construct
YP_010740217.1	10	YP_010740217.1	3wfr-assembly4_H	1.893E-02	103	1.000	266	15.400	4.744E-01	5.755E-01	3.729E-01	2.818E-01	32630	synthetic construct
YP_010740217.1	11	YP_010740217.1	3adb-assembly1_B	2.896E-05	155	1.000	318	18.200	4.323E-01	5.063E-01	3.719E-01	4.989E-01	243232	Methanocaldococcus jannaschii DSM 2661
YP_010740217.1	12	YP_010740217.1	3zvm-assembly1_B	7.119E-06	272	1.000	165	18.100	6.602E-01	8.588E-01	3.715E-01	3.353E-01	10090	Mus musculus
YP_010740217.1	13	YP_010740217.1	4xrp-assembly1_D	1.530E-03	180	1.000	147	21.000	6.149E-01	8.369E-01	3.657E-01	3.990E-01	553178	Capnocytophaga gingivalis ATCC 33624
YP_010740217.1	14	YP_010740217.1	1gvn-assembly1_D	4.885E-03	120	1.000	234	16.200	4.711E-01	5.947E-01	3.650E-01	4.516E-01	1314	Streptococcus pyogenes
YP_010740217.1	15	YP_010740217.1	2rhm-assembly1_A	1.685E-03	152	1.000	168	15.400	5.219E-01	7.217E-01	3.588E-01	6.274E-01	324602	Chloroflexus aurantiacus J-10-fl
YP_010740217.1	16	YP_010740217.1	2rhm-assembly2_D	1.948E-03	135	1.000	212	13.200	4.917E-01	6.163E-01	3.569E-01	6.106E-01	324602	Chloroflexus aurantiacus J-10-fl
YP_010740217.1	17	YP_010740217.1	1ko1-assembly1_B	2.481E-03	145	1.000	184	14.100	5.245E-01	6.919E-01	3.566E-01	6.847E-01	562	Escherichia coli
YP_010740217.1	18	YP_010740217.1	3zvn-assembly1_A	4.264E-05	232	1.000	165	18.100	6.219E-01	8.204E-01	3.564E-01	3.236E-01	10090	Mus musculus
YP_010740217.1	19	YP_010740217.1	9d8a-assembly1_A	3.190E-05	223	1.000	166	21.000	5.865E-01	7.802E-01	3.555E-01	6.682E-01	86630	Rhizopus azygosporus
YP_010740217.1	20	YP_010740217.1	1grq-assembly1_A	2.411E-02	116	1.000	182	14.800	5.210E-01	6.963E-01	3.554E-01	6.315E-01	54571	Streptomyces venezuelae
YP_009149176.1	1	YP_009149176.1	6l6s-assembly1_A	3.157E-06	185	1.000	207	18.800	5.463E-01	7.090E-01	4.102E-01	5.724E-01	246196	Mycolicibacterium smegmatis MC2 155
YP_009149176.1	2	YP_009149176.1	4zbz-assembly1_A	6.384E-07	222	1.000	202	19.800	6.214E-01	7.557E-01	4.095E-01	6.201E-01	273063	Sulfurisphaera tokodaii str. 7
YP_009149176.1	3	YP_009149176.1	6ail-assembly1_A	3.357E-06	193	1.000	187	17.600	5.522E-01	7.716E-01	4.094E-01	5.787E-01	246196	Mycolicibacterium smegmatis MC2 155
YP_009149176.1	4	YP_009149176.1	1ui1-assembly1_A	4.992E-07	223	1.000	201	20.800	6.098E-01	7.637E-01	4.085E-01	6.279E-01	274	Thermus thermophilus
YP_009149176.1	5	YP_009149176.1	8iil-assembly1_A	2.968E-06	195	1.000	187	18.100	5.627E-01	7.575E-01	4.085E-01	5.769E-01	246196	Mycolicibacterium smegmatis MC2 155
YP_009149176.1	6	YP_009149176.1	8iii-assembly1_A	4.854E-06	187	1.000	188	18.600	5.521E-01	7.531E-01	4.050E-01	5.747E-01	246196	Mycolicibacterium smegmatis MC2 155
YP_009149176.1	7	YP_009149176.1	8iir-assembly1_A	1.148E-05	178	1.000	188	18.600	5.552E-01	7.474E-01	4.030E-01	5.687E-01	246196	Mycolicibacterium smegmatis MC2 155
YP_009149176.1	8	YP_009149176.1	6ajr-assembly1_A	4.854E-06	189	1.000	187	17.100	5.580E-01	7.582E-01	4.029E-01	5.727E-01	246196	Mycolicibacterium smegmatis MC2 155
YP_009149176.1	9	YP_009149176.1	8iin-assembly1_A	2.968E-06	192	1.000	188	18.600	5.542E-01	7.457E-01	4.024E-01	5.678E-01	246196	Mycolicibacterium smegmatis MC2 155
YP_009149176.1	10	YP_009149176.1	8iip-assembly1_A	4.854E-06	186	1.000	188	18.600	5.531E-01	7.446E-01	4.018E-01	5.669E-01	246196	Mycolicibacterium smegmatis MC2 155
YP_009149176.1	11	YP_009149176.1	8iij-assembly1_A	9.231E-07	196	1.000	207	19.300	5.430E-01	6.997E-01	4.016E-01	5.657E-01	246196	Mycolicibacterium smegmatis MC2 155
YP_009149176.1	12	YP_009149176.1	8iie-assembly1_A	1.221E-05	177	1.000	188	17.000	5.583E-01	7.427E-01	4.011E-01	5.652E-01	246196	Mycolicibacterium smegmatis MC2 155
YP_009149176.1	13	YP_009149176.1	8iit-assembly1_A	7.938E-06	181	1.000	189	17.900	5.534E-01	7.419E-01	4.000E-01	5.649E-01	246196	Mycolicibacterium smegmatis MC2 155
YP_009149176.1	14	YP_009149176.1	6ajs-assembly1_A	9.817E-07	196	1.000	190	18.400	5.243E-01	7.347E-01	3.964E-01	5.564E-01	246196	Mycolicibacterium smegmatis MC2 155
YP_009149176.1	15	YP_009149176.1	8iig-assembly1_A	1.996E-05	158	1.000	210	19.500	5.145E-01	6.821E-01	3.935E-01	5.527E-01	246196	Mycolicibacterium smegmatis MC2 155
YP_009149176.1	16	YP_009149176.1	6ajq-assembly1_A	4.854E-06	180	1.000	191	18.300	5.266E-01	7.272E-01	3.928E-01	5.489E-01	246196	Mycolicibacterium smegmatis MC2 155
YP_009149176.1	17	YP_009149176.1	8iiq-assembly1_A	6.601E-06	184	1.000	188	16.400	5.569E-01	7.480E-01	3.923E-01	5.604E-01	246196	Mycolicibacterium smegmatis MC2 155
YP_009149176.1	18	YP_009149176.1	6l6s-assembly2_B	2.183E-06	194	1.000	190	17.300	5.535E-01	7.392E-01	3.903E-01	5.849E-01	246196	Mycolicibacterium smegmatis MC2 155
YP_009149176.1	19	YP_009149176.1	6ajo-assembly1_A	2.791E-06	171	1.000	210	17.600	5.012E-01	6.518E-01	3.705E-01	5.251E-01	246196	Mycolicibacterium smegmatis MC2 155
YP_009149176.1	20	YP_009149176.1	6iod-assembly2_B	2.400E-05	151	1.000	211	18.400	4.948E-01	6.605E-01	3.612E-01	5.220E-01	246196	Mycolicibacterium smegmatis MC2 155
YP_009337270.1	1	YP_009337270.1	4hv4-assembly2_B	2.077E-02	49	0.442	156	16.000	3.364E-01	3.130E-01	1.134E-01	1.123E-01	214092	Yersinia pestis CO92
YP_009337270.1	2	YP_009337270.1	4hv4-assembly1_A	1.521E-02	47	0.382	165	15.700	3.294E-01	2.715E-01	1.038E-01	1.023E-01	214092	Yersinia pestis CO92
YP_009337270.1	3	YP_009337270.1	2f00-assembly1_B	2.835E-02	46	0.353	158	13.200	3.253E-01	3.083E-01	1.105E-01	1.059E-01	562	Escherichia coli
YP_009337270.1	4	YP_009337270.1	3l2k-assembly1_B	4.382E-02	44	0.301	182	10.400	2.782E-01	3.657E-01	1.581E-01	1.922E-01	549	Pantoea agglomerans
YP_009337270.1	5	YP_009337270.1	6cau-assembly1_A	5.621E-02	44	0.301	158	10.700	3.317E-01	3.182E-01	1.144E-01	1.591E-01	470	Acinetobacter baumannii
YP_009337270.1	6	YP_009337270.1	1dkw-assembly1_A	1.430E-01	43	0.277	123	11.300	3.249E-01	3.974E-01	1.334E-01	2.202E-01	5702	Trypanosoma brucei brucei
YP_009337270.1	7	YP_009337270.1	3rg2-assembly4_F	5.282E-02	43	0.277	119	11.700	2.530E-01	3.969E-01	8.749E-02	6.834E-02	562	Escherichia coli
YP_009337270.1	8	YP_009337270.1	5i6h-assembly1_A	1.723E-01	42	0.254	98	16.300	2.842E-01	4.515E-01	1.303E-01	4.934E-02	759272	Thermochaetoides thermophila DSM 1495
YP_009337270.1	9	YP_009337270.1	9d9k-assembly1_A	9.842E-02	42	0.254	153	10.400	3.393E-01	3.251E-01	1.133E-01	1.579E-01	208964	Pseudomonas aeruginosa PAO1
YP_009337270.1	10	YP_009337270.1	2f00-assembly1_A	3.869E-02	41	0.233	161	15.500	3.023E-01	2.820E-01	1.085E-01	1.055E-01	562	Escherichia coli
YP_009337270.1	11	YP_009337270.1	5ja1-assembly1_A	5.623E-01	40	0.214	102	9.800	3.135E-01	5.145E-01	1.268E-01	5.253E-02	83333	Escherichia coli K-12
YP_009337270.1	12	YP_009337270.1	4hhp-assembly1_A	4.383E-01	39	0.196	120	10.800	3.229E-01	4.508E-01	1.357E-01	2.218E-01	5693	Trypanosoma cruzi
YP_009337270.1	13	YP_009337270.1	8egm-assembly1_A	4.963E-02	39	0.196	211	8.000	2.994E-01	2.709E-01	1.071E-01	1.492E-01	208964	Pseudomonas aeruginosa PAO1
YP_009337270.1	14	YP_009337270.1	8ewa-assembly1_A	4.963E-02	39	0.196	157	12.700	3.003E-01	2.726E-01	1.019E-01	1.414E-01	287	Pseudomonas aeruginosa
YP_009337270.1	15	YP_009337270.1	5t3d-assembly1_A	6.777E-01	38	0.179	103	9.700	3.079E-01	5.088E-01	1.243E-01	6.029E-02	83333	Escherichia coli K-12
YP_009337270.1	16	YP_009337270.1	5bmx-assembly2_C	3.211E-01	38	0.179	131	12.200	3.243E-01	3.817E-01	1.114E-01	1.881E-01	5833	Plasmodium falciparum
YP_009337270.1	17	YP_009337270.1	8egn-assembly1_A	1.952E-01	38	0.179	136	8.000	3.181E-01	3.320E-01	1.046E-01	1.466E-01	208964	Pseudomonas aeruginosa PAO1
YP_009337270.1	18	YP_009337270.1	4z0j-assembly1_A	3.211E-01	37	0.164	130	13.000	3.257E-01	3.646E-01	1.144E-01	1.891E-01	5833	Plasmodium falciparum
YP_009337270.1	19	YP_009337270.1	8dof-assembly1_A-2	7.673E-02	37	0.164	207	7.200	2.996E-01	2.742E-01	1.076E-01	1.526E-01	287	Pseudomonas aeruginosa
YP_009337270.1	20	YP_009337270.1	5ja2-assembly1_A	2.503E-01	36	0.150	171	8.700	2.859E-01	3.607E-01	1.287E-01	5.586E-02	83333	Escherichia coli K-12
YP_010680760.1	1	YP_010680760.1	4gp6-assembly1_B-2	1.765E-07	369	1.000	149	27.500	7.206E-01	9.244E-01	4.224E-01	7.846E-01	203119	Acetivibrio thermocellus ATCC 27405
YP_010680760.1	2	YP_010680760.1	4gp7-assembly1_B-2	1.203E-06	327	1.000	151	28.400	6.944E-01	9.118E-01	4.221E-01	7.761E-01	203119	Acetivibrio thermocellus ATCC 27405
YP_010680760.1	3	YP_010680760.1	4jst-assembly1_B	3.911E-07	346	1.000	151	28.400	6.941E-01	9.104E-01	4.218E-01	7.750E-01	203119	Acetivibrio thermocellus ATCC 27405
YP_010680760.1	4	YP_010680760.1	4mde-assembly1_A	3.732E-07	354	1.000	148	27.700	7.123E-01	9.234E-01	4.194E-01	7.744E-01	203119	Acetivibrio thermocellus ATCC 27405
YP_010680760.1	5	YP_010680760.1	3wfp-assembly9_B	3.162E-04	158	1.000	260	13.800	5.055E-01	5.789E-01	4.023E-01	2.973E-01	224324	Aquifex aeolicus VF5
YP_010680760.1	6	YP_010680760.1	3wfp-assembly10_C	6.382E-04	176	1.000	210	16.100	5.634E-01	7.131E-01	3.954E-01	3.122E-01	224324	Aquifex aeolicus VF5
YP_010680760.1	7	YP_010680760.1	3wfp-assembly9_A	1.889E-04	181	1.000	206	16.000	5.288E-01	6.721E-01	3.875E-01	2.861E-01	224324	Aquifex aeolicus VF5
YP_010680760.1	8	YP_010680760.1	3a4l-assembly1_A	3.189E-05	195	1.000	224	21.800	5.166E-01	6.302E-01	3.853E-01	5.161E-01	2190	Methanocaldococcus jannaschii
YP_010680760.1	9	YP_010680760.1	3adb-assembly1_A	2.193E-05	185	1.000	263	20.900	4.931E-01	5.675E-01	3.852E-01	4.913E-01	243232	Methanocaldococcus jannaschii DSM 2661
YP_010680760.1	10	YP_010680760.1	3zvm-assembly1_B	6.247E-07	312	1.000	163	21.400	6.587E-01	8.166E-01	3.837E-01	3.297E-01	10090	Mus musculus
YP_010680760.1	11	YP_010680760.1	3zvn-assembly1_A	3.532E-06	289	1.000	158	21.500	6.641E-01	8.365E-01	3.799E-01	3.287E-01	10090	Mus musculus
YP_010680760.1	12	YP_010680760.1	3adb-assembly1_B	2.795E-06	219	1.000	232	20.200	5.061E-01	6.139E-01	3.799E-01	4.880E-01	243232	Methanocaldococcus jannaschii DSM 2661
YP_010680760.1	13	YP_010680760.1	3add-assembly1_B	1.310E-05	187	1.000	255	20.700	4.860E-01	5.575E-01	3.790E-01	5.031E-01	243232	Methanocaldococcus jannaschii DSM 2661
YP_010680760.1	14	YP_010680760.1	3a4n-assembly1_B	6.745E-05	185	1.000	224	21.400	5.161E-01	6.268E-01	3.766E-01	5.026E-01	2190	Methanocaldococcus jannaschii
YP_010680760.1	15	YP_010680760.1	3adc-assembly1_A	1.250E-05	196	1.000	238	21.000	4.852E-01	6.078E-01	3.741E-01	4.837E-01	243232	Methanocaldococcus jannaschii DSM 2661
YP_010680760.1	16	YP_010680760.1	3wfp-assembly11_E	2.388E-04	138	1.000	356	12.300	4.526E-01	4.743E-01	3.705E-01	2.971E-01	224324	Aquifex aeolicus VF5
YP_010680760.1	17	YP_010680760.1	1bif-assembly1_A	3.136E-03	100	1.000	392	11.200	4.097E-01	4.138E-01	3.690E-01	2.847E-01	10116	Rattus norvegicus
YP_010680760.1	18	YP_010680760.1	2rhm-assembly1_A	2.057E-03	168	1.000	159	14.400	5.754E-01	7.717E-01	3.687E-01	6.225E-01	324602	Chloroflexus aurantiacus J-10-fl
YP_010680760.1	19	YP_010680760.1	3qpu-assembly1_A-2	9.727E-04	175	1.000	183	16.300	5.702E-01	7.490E-01	3.680E-01	2.791E-01	9606	Homo sapiens
YP_010680760.1	20	YP_010680760.1	3u7g-assembly1_A	6.802E-06	260	1.000	162	20.300	6.097E-01	7.910E-01	3.670E-01	3.174E-01	10090	Mus musculus
YP_009177118.1	1	YP_009177118.1	8oiv-assembly1_A	5.681E-36	1305	1.000	300	51.600	8.069E-01	9.378E-01	9.137E-01	9.347E-01	10244	Monkeypox virus
YP_009177118.1	2	YP_009177118.1	4dcg-assembly1_A	7.083E-37	1340	1.000	299	51.100	8.097E-01	9.400E-01	9.099E-01	9.369E-01	10245	Orthopoxvirus vaccinia
YP_009177118.1	3	YP_009177118.1	1b42-assembly1_A	2.006E-36	1325	1.000	299	51.100	8.108E-01	9.395E-01	9.094E-01	9.364E-01	10245	Orthopoxvirus vaccinia
YP_009177118.1	4	YP_009177118.1	1vpt-assembly1_A-2	5.362E-36	1307	1.000	299	50.800	8.066E-01	9.389E-01	9.088E-01	9.358E-01	10254	Vaccinia virus WR
YP_009177118.1	5	YP_009177118.1	1jtf-assembly1_A	1.609E-35	1290	1.000	299	50.800	8.066E-01	9.384E-01	9.083E-01	9.353E-01	10245	Orthopoxvirus vaccinia
YP_009177118.1	6	YP_009177118.1	1eqa-assembly1_A-2	2.679E-36	1319	1.000	299	50.800	8.099E-01	9.381E-01	9.080E-01	9.350E-01	10245	Orthopoxvirus vaccinia
YP_009177118.1	7	YP_009177118.1	2ga9-assembly1_A	5.954E-37	1338	1.000	299	51.500	8.042E-01	9.399E-01	9.006E-01	9.368E-01	10245	Orthopoxvirus vaccinia
YP_009177118.1	8	YP_009177118.1	2gaf-assembly1_A	7.160E-36	1299	1.000	299	50.800	8.002E-01	9.412E-01	8.958E-01	9.380E-01	10245	Orthopoxvirus vaccinia
YP_009177118.1	9	YP_009177118.1	1eam-assembly1_A	8.038E-36	1302	1.000	299	50.800	8.052E-01	9.433E-01	8.948E-01	9.401E-01	10245	Orthopoxvirus vaccinia
YP_009177118.1	10	YP_009177118.1	8b07-assembly1_A	1.192E-36	1334	1.000	299	50.800	8.088E-01	9.437E-01	8.889E-01	9.405E-01	10244	Monkeypox virus
YP_009177118.1	11	YP_009177118.1	8b07-assembly2_B	5.681E-36	1320	1.000	294	52.000	8.127E-01	9.528E-01	8.882E-01	9.365E-01	10244	Monkeypox virus
YP_009177118.1	12	YP_009177118.1	8cgb-assembly1_A	1.263E-36	1325	1.000	299	50.800	8.033E-01	9.380E-01	8.867E-01	9.349E-01	10244	Monkeypox virus
YP_009177118.1	13	YP_009177118.1	8cgb-assembly2_B	4.254E-36	1328	1.000	294	52.000	8.140E-01	9.557E-01	8.847E-01	9.394E-01	10244	Monkeypox virus
YP_009177118.1	14	YP_009177118.1	8oiv-assembly1_B-2	8.125E-35	1268	1.000	294	51.300	8.041E-01	9.460E-01	8.819E-01	9.267E-01	10244	Monkeypox virus
YP_009177118.1	15	YP_009177118.1	8ces-assembly1_A	8.516E-36	1310	1.000	299	50.800	8.120E-01	9.481E-01	8.778E-01	9.448E-01	10244	Monkeypox virus
YP_009177118.1	16	YP_009177118.1	8cev-assembly1_A	5.362E-36	1311	1.000	299	50.800	8.076E-01	9.445E-01	8.774E-01	9.412E-01	10244	Monkeypox virus
YP_009177118.1	17	YP_009177118.1	8cet-assembly1_A	6.757E-36	1304	1.000	299	50.500	8.051E-01	9.425E-01	8.757E-01	9.393E-01	10244	Monkeypox virus
YP_009177118.1	18	YP_009177118.1	8ces-assembly2_B	1.073E-35	1311	1.000	294	51.300	8.128E-01	9.525E-01	8.694E-01	9.391E-01	10244	Monkeypox virus
YP_009177118.1	19	YP_009177118.1	8cev-assembly2_B	9.023E-36	1311	1.000	294	51.000	8.098E-01	9.535E-01	8.672E-01	9.369E-01	10244	Monkeypox virus
YP_009177118.1	20	YP_009177118.1	7o9k-assembly1_n	1.786E-04	136	1.000	203	13.300	4.653E-01	6.558E-01	4.202E-01	6.284E-01	9606	Homo sapiens
NP_862879.1	1	NP_862879.1	8ecn-assembly1_H	2.963E-23	747	1.000	288	30.200	7.119E-01	8.551E-01	7.792E-01	7.607E-01	2099640	Mycobacterium phage Ogopogo
NP_862879.1	2	NP_862879.1	8eck-assembly1_A	8.555E-22	663	1.000	284	22.500	6.726E-01	8.048E-01	7.392E-01	7.073E-01	1838066	Gordonia phage Cozz
NP_862879.1	3	NP_862879.1	3jb5-assembly1_G	1.024E-21	693	1.000	275	31.600	6.888E-01	8.649E-01	7.309E-01	7.898E-01	376758	Propionibacterium phage PA6
NP_862879.1	4	NP_862879.1	3jb5-assembly1_A	4.162E-22	659	1.000	280	32.500	6.535E-01	7.964E-01	7.233E-01	7.233E-01	376758	Propionibacterium phage PA6
NP_862879.1	5	NP_862879.1	8eb4-assembly1_G	1.491E-13	391	1.000	308	15.200	5.863E-01	7.618E-01	7.000E-01	6.715E-01	2591193	Gordonia phage Ziko
NP_862879.1	6	NP_862879.1	8ec8-assembly1_A	3.977E-14	414	1.000	295	11.800	6.181E-01	7.512E-01	6.898E-01	6.877E-01	1340708	Mycobacterium phage Bobi
NP_862879.1	7	NP_862879.1	9d9x-assembly1_Pa	3.070E-16	457	1.000	283	16.200	5.917E-01	7.452E-01	6.689E-01	6.630E-01	2902907	Mycobacterium phage Bxb1
NP_862879.1	8	NP_862879.1	8ecj-assembly1_A-58	4.665E-13	368	1.000	300	11.300	5.800E-01	7.264E-01	6.679E-01	6.566E-01	2015818	Mycobacterium phage Cain
NP_862879.1	9	NP_862879.1	6tsu-assembly1_U4	3.187E-12	350	1.000	296	15.500	5.704E-01	7.530E-01	6.667E-01	6.852E-01	1415160	Rhodobacter capsulatus DE442
NP_862879.1	10	NP_862879.1	8ec2-assembly1_A	1.583E-13	375	1.000	301	12.900	5.754E-01	7.164E-01	6.596E-01	6.469E-01	1034127	Mycobacterium phage Adephagia
NP_862879.1	11	NP_862879.1	6tsu-assembly1_A5	4.053E-12	339	1.000	293	13.600	5.574E-01	7.315E-01	6.566E-01	6.685E-01	1415160	Rhodobacter capsulatus DE442
NP_862879.1	12	NP_862879.1	8eb4-assembly1_A	1.172E-13	376	1.000	312	15.000	5.724E-01	7.121E-01	6.553E-01	6.142E-01	2591193	Gordonia phage Ziko
NP_862879.1	13	NP_862879.1	2fs3-assembly1_A-60	2.269E-13	380	1.000	278	14.700	5.597E-01	7.706E-01	6.495E-01	6.900E-01	37554	Byrnievirus HK97
NP_862879.1	14	NP_862879.1	6tb9-assembly1_C5	4.053E-12	328	1.000	296	12.800	5.334E-01	7.181E-01	6.472E-01	6.529E-01	1061	Rhodobacter capsulatus
NP_862879.1	15	NP_862879.1	8edu-assembly1_G	8.347E-15	391	1.000	295	14.900	5.420E-01	7.036E-01	6.441E-01	6.349E-01	1340829	Mycobacterium phage Muddy
NP_862879.1	16	NP_862879.1	8fqk-assembly1_D	1.059E-11	325	1.000	309	12.200	5.547E-01	7.196E-01	6.389E-01	7.147E-01	2681617	Escherichia phage HK97
NP_862879.1	17	NP_862879.1	8eci-assembly1_C	8.347E-15	387	1.000	299	17.000	5.346E-01	6.991E-01	6.355E-01	6.092E-01	2419949	Arthrobacter phage Bridgette
NP_862879.1	18	NP_862879.1	2fs3-assembly1_F	1.681E-13	380	1.000	280	17.100	5.631E-01	7.553E-01	6.347E-01	7.265E-01	37554	Byrnievirus HK97
NP_862879.1	19	NP_862879.1	9d9w-assembly1_Bb	1.860E-15	423	1.000	283	15.900	5.839E-01	7.058E-01	6.341E-01	4.984E-01	2902907	Mycobacterium phage Bxb1
NP_862879.1	20	NP_862879.1	7mh2-assembly1_A	1.079E-09	252	1.000	318	11.000	4.915E-01	6.780E-01	6.340E-01	6.760E-01	1221996	Bacillus thermotolerans
YP_009666927.1	1	YP_009666927.1	8imk-assembly1_s	5.705E+00	30	0.090	158	11.300	4.259E-01	3.518E-01	2.333E-01	3.066E-01	2857077	Anthocerotibacter panamensis
YP_009666927.1	2	YP_009666927.1	4u8u-assembly1_B	4.907E+00	28	0.076	138	11.500	3.688E-01	3.240E-01	1.995E-01	2.762E-01	1046353	Glossoscolex paulistus
YP_009666927.1	3	YP_009666927.1	5y6p-assembly1_b4	4.907E+00	26	0.063	155	16.700	3.792E-01	2.923E-01	1.873E-01	2.454E-01	35689	Griffithsia pacifica
YP_009666927.1	4	YP_009666927.1	1yhu-assembly1_I	6.308E+00	25	0.057	135	14.800	3.677E-01	3.148E-01	1.865E-01	2.447E-01	6426	Riftia pachyptila
YP_009666927.1	5	YP_009666927.1	6oty-assembly1_B	9.912E+00	24	0.051	156	16.000	3.646E-01	3.561E-01	2.393E-01	3.360E-01	244486	Phacoides pectinatus
YP_009666927.1	6	YP_009666927.1	8j60-assembly1_C	4.014E+00	23	0.045	173	12.700	3.651E-01	2.043E-01	1.493E-01	1.980E-01	4903	Cyberlindnera jadinii
YP_009666927.1	7	YP_009666927.1	1pvr-assembly1_B-2	9.912E+00	22	0.040	112	14.200	3.570E-01	3.142E-01	1.883E-01	1.519E-01	10678	Punavirus P1
YP_009666927.1	8	YP_009666927.1	2hof-assembly1_A-2	9.912E+00	22	0.040	111	12.600	3.594E-01	3.221E-01	1.862E-01	1.573E-01	10678	Punavirus P1
YP_009666927.1	9	YP_009666927.1	8ap6-assembly1_J	6.308E+00	22	0.040	199	10.000	3.719E-01	2.425E-01	1.781E-01	2.341E-01	5702	Trypanosoma brucei brucei
YP_009666927.1	10	YP_009666927.1	5f5p-assembly1_A	8.526E+00	21	0.034	168	13.000	3.657E-01	2.609E-01	1.898E-01	2.257E-01	9606	Homo sapiens
YP_009666927.1	11	YP_009666927.1	5crx-assembly1_B-2	9.912E+00	20	0.029	165	11.500	3.431E-01	2.741E-01	1.933E-01	1.633E-01	10678	Punavirus P1
YP_009666927.1	12	YP_009666927.1	4cqo-assembly2_A	5.999E+00	20	0.029	242	14.000	3.656E-01	1.891E-01	1.785E-01	1.052E-01	9606	Homo sapiens
YP_009666927.1	13	YP_009666927.1	7nna-assembly1_A	8.965E+00	20	0.029	197	15.200	3.975E-01	2.177E-01	1.750E-01	2.046E-01	573	Klebsiella pneumoniae
YP_009666927.1	14	YP_009666927.1	4bne-assembly1_B	6.308E+00	20	0.029	189	13.200	3.328E-01	2.277E-01	1.673E-01	1.400E-01	9031	Gallus gallus
YP_009666927.1	15	YP_009666927.1	5lqy-assembly1_C	9.912E+00	19	0.024	122	14.700	3.495E-01	2.498E-01	1.681E-01	9.153E-02	870730	Ogataea angusta
YP_009666927.1	16	YP_009666927.1	6l88-assembly2_B	9.912E+00	19	0.024	191	10.900	3.656E-01	2.201E-01	1.619E-01	1.969E-01	9606	Homo sapiens
YP_009666927.1	17	YP_009666927.1	7ula-assembly1_B	9.912E+00	19	0.024	179	12.800	3.840E-01	2.115E-01	1.607E-01	1.291E-01	303	Pseudomonas putida
YP_009666927.1	18	YP_009666927.1	2haj-assembly1_A	5.999E+00	19	0.024	148	13.500	3.392E-01	1.963E-01	1.317E-01	1.898E-01	562	Escherichia coli
YP_009666927.1	19	YP_009666927.1	3rh3-assembly1_A	5.999E+00	18	0.020	215	9.700	3.594E-01	1.607E-01	1.378E-01	1.390E-01	226186	Bacteroides thetaiotaomicron VPI-5482
YP_009666927.1	20	YP_009666927.1	8fu6-assembly1_R	4.438E+00	17	0.016	275	12.000	3.239E-01	1.402E-01	1.286E-01	1.007E-01	9606	Homo sapiens
YP_008492997.1	1	YP_008492997.1	6ey7-assembly2_B	1.161E-22	780	1.000	238	56.700	7.134E-01	8.880E-01	6.651E-01	8.628E-01	10360	Human herpesvirus 5 strain AD169
YP_008492997.1	2	YP_008492997.1	3n4p-assembly1_B	3.602E-21	724	1.000	237	57.300	6.996E-01	8.839E-01	6.632E-01	8.583E-01	10363	Human herpesvirus 5 strain Towne
YP_008492997.1	3	YP_008492997.1	6m5t-assembly1_A	4.829E-17	555	1.000	246	38.600	6.513E-01	8.325E-01	6.581E-01	7.944E-01	10299	Human alphaherpesvirus 1 strain 17
YP_008492997.1	4	YP_008492997.1	6ey7-assembly1_A	1.441E-21	742	1.000	237	56.900	7.104E-01	8.841E-01	6.576E-01	8.583E-01	10360	Human herpesvirus 5 strain AD169
YP_008492997.1	5	YP_008492997.1	6m5r-assembly1_A	5.880E-19	561	1.000	290	38.900	6.235E-01	7.307E-01	6.544E-01	3.211E-01	10299	Human alphaherpesvirus 1 strain 17
YP_008492997.1	6	YP_008492997.1	6ey7-assembly3_C	4.857E-22	760	1.000	238	55.000	7.104E-01	8.911E-01	6.499E-01	8.645E-01	10360	Human herpesvirus 5 strain AD169
YP_008492997.1	7	YP_008492997.1	3n4q-assembly2_C	1.253E-19	678	1.000	237	54.800	6.980E-01	8.939E-01	6.493E-01	8.709E-01	10363	Human herpesvirus 5 strain Towne
YP_008492997.1	8	YP_008492997.1	4iox-assembly1_A	2.724E-17	595	1.000	238	39.400	6.951E-01	8.720E-01	6.394E-01	8.357E-01	10298	Human alphaherpesvirus 1
YP_008492997.1	9	YP_008492997.1	3n4q-assembly1_B	2.413E-21	735	1.000	231	56.200	6.975E-01	9.010E-01	6.385E-01	8.508E-01	10363	Human herpesvirus 5 strain Towne
YP_008492997.1	10	YP_008492997.1	3n4p-assembly2_C	1.361E-21	746	1.000	231	55.400	7.048E-01	8.986E-01	6.313E-01	8.519E-01	10363	Human herpesvirus 5 strain Towne
YP_008492997.1	11	YP_008492997.1	6m5v-assembly1_A	5.415E-17	550	1.000	252	38.000	6.558E-01	8.142E-01	6.286E-01	3.330E-01	10299	Human alphaherpesvirus 1 strain 17
YP_008492997.1	12	YP_008492997.1	3n4q-assembly2_D	4.677E-19	646	1.000	237	53.500	6.771E-01	8.842E-01	6.264E-01	8.572E-01	10363	Human herpesvirus 5 strain Towne
YP_008492997.1	13	YP_008492997.1	3n4p-assembly2_D	6.511E-18	624	1.000	237	53.500	7.029E-01	8.900E-01	6.237E-01	8.624E-01	10363	Human herpesvirus 5 strain Towne
YP_008492997.1	14	YP_008492997.1	3n4q-assembly1_A	2.555E-21	730	1.000	231	54.100	6.918E-01	8.978E-01	6.226E-01	8.468E-01	10363	Human herpesvirus 5 strain Towne
YP_008492997.1	15	YP_008492997.1	6ey7-assembly4_D	4.736E-20	686	1.000	237	54.400	6.976E-01	8.799E-01	6.222E-01	8.528E-01	10360	Human herpesvirus 5 strain AD169
YP_008492997.1	16	YP_008492997.1	4iox-assembly3_C	4.986E-15	514	1.000	236	36.400	6.723E-01	8.681E-01	6.142E-01	8.200E-01	10298	Human alphaherpesvirus 1
YP_008492997.1	17	YP_008492997.1	4iox-assembly2_B	1.779E-15	515	1.000	236	35.500	6.534E-01	8.482E-01	5.914E-01	8.009E-01	10298	Human alphaherpesvirus 1
YP_008492997.1	18	YP_008492997.1	3cpe-assembly1_A	3.453E-04	125	1.000	271	11.000	4.450E-01	6.204E-01	4.700E-01	2.750E-01	10665	Tequatrovirus T4
YP_008492997.1	19	YP_008492997.1	8dgc-assembly1_H	8.357E-06	139	1.000	310	11.600	4.326E-01	4.890E-01	4.443E-01	2.792E-01	2744002	Escherichia phage PhiV-1
YP_008492997.1	20	YP_008492997.1	5oe8-assembly2_B	2.746E-04	132	1.000	240	8.700	4.344E-01	6.925E-01	4.368E-01	3.344E-01	749413	Deep-sea thermophilic phage D6E
YP_010681399.1	1	YP_010681399.1	4yc0-assembly1_A	2.987E-05	143	1.000	171	18.100	5.228E-01	5.930E-01	5.759E-01	4.103E-01	29497	Vibrio splendidus
YP_010681399.1	2	YP_010681399.1	4xzk-assembly1_A	9.800E-05	149	1.000	139	17.200	5.495E-01	7.222E-01	5.671E-01	4.144E-01	29497	Vibrio splendidus
YP_010681399.1	3	YP_010681399.1	4y1w-assembly1_A	2.665E-04	128	1.000	156	17.900	5.113E-01	6.559E-01	5.644E-01	4.109E-01	29497	Vibrio splendidus
YP_010681399.1	4	YP_010681399.1	6dre-assembly1_B	5.708E-03	96	0.999	163	13.400	5.129E-01	6.005E-01	5.225E-01	4.689E-01	399741	Serratia proteamaculans 568
YP_010681399.1	5	YP_010681399.1	6drh-assembly3_F	4.176E-03	92	0.997	162	14.100	4.748E-01	5.715E-01	4.987E-01	4.312E-01	399741	Serratia proteamaculans 568
YP_010681399.1	6	YP_010681399.1	6drh-assembly4_H	6.886E-03	88	0.995	162	14.100	4.779E-01	5.723E-01	4.995E-01	4.175E-01	399741	Serratia proteamaculans 568
YP_010681399.1	7	YP_010681399.1	2c8f-assembly1_E	3.966E-02	73	0.956	200	9.500	4.569E-01	5.834E-01	5.748E-01	4.487E-01	1491	Clostridium botulinum
YP_010681399.1	8	YP_010681399.1	2c8g-assembly3_C	2.405E-02	73	0.956	200	10.500	4.382E-01	5.540E-01	5.445E-01	4.139E-01	1491	Clostridium botulinum
YP_010681399.1	9	YP_010681399.1	2a5g-assembly1_B	1.385E-01	48	0.411	125	14.400	3.553E-01	4.430E-01	2.988E-01	2.497E-01	666	Vibrio cholerae
YP_010681399.1	10	YP_010681399.1	2a5f-assembly1_B	3.539E-01	47	0.382	131	12.900	3.982E-01	5.049E-01	3.413E-01	2.847E-01	666	Vibrio cholerae
YP_010681399.1	11	YP_010681399.1	8oxs-assembly2_B	1.587E+00	36	0.150	134	14.900	3.781E-01	5.029E-01	3.366E-01	2.296E-01	127906	Vibrio cholerae O1
YP_010681399.1	12	YP_010681399.1	6ro0-assembly1_A	5.208E+00	30	0.090	161	7.400	4.510E-01	5.055E-01	4.172E-01	3.051E-01	520	Bordetella pertussis
YP_010681399.1	13	YP_010681399.1	7u6z-assembly1_B	3.810E+00	30	0.090	150	9.300	4.157E-01	4.554E-01	3.775E-01	3.477E-01	520	Bordetella pertussis
YP_010681399.1	14	YP_010681399.1	7sky-assembly3_C	4.893E+00	28	0.076	158	6.900	4.045E-01	4.700E-01	3.925E-01	3.476E-01	520	Bordetella pertussis
YP_010681399.1	15	YP_010681399.1	7u6z-assembly2_A	6.283E+00	28	0.076	137	9.400	4.175E-01	5.270E-01	3.898E-01	3.581E-01	520	Bordetella pertussis
YP_010681399.1	16	YP_010681399.1	6ro0-assembly1_G	7.580E+00	27	0.069	161	7.400	4.472E-01	5.133E-01	4.253E-01	3.125E-01	520	Bordetella pertussis
YP_010681399.1	17	YP_010681399.1	7sky-assembly4_D	7.580E+00	27	0.069	146	8.200	4.209E-01	5.200E-01	3.817E-01	3.294E-01	520	Bordetella pertussis
YP_010681399.1	18	YP_010681399.1	1wfx-assembly1_A	4.317E+00	26	0.063	65	10.700	3.202E-01	4.976E-01	2.180E-01	1.880E-01	56636	Aeropyrum pernix
YP_010681399.1	19	YP_010681399.1	1bcp-assembly1_A	9.144E+00	25	0.057	166	7.800	4.294E-01	5.009E-01	4.085E-01	2.960E-01	520	Bordetella pertussis
YP_010681399.1	20	YP_010681399.1	2ane-assembly1_D	5.902E+00	23	0.045	27	25.900	2.522E-01	5.845E-01	1.346E-01	1.805E-01	562	Escherichia coli
YP_009875550.1	1	YP_009875550.1	8dgc-assembly1_H	6.497E-18	422	1.000	553	15.500	5.293E-01	5.335E-01	4.718E-01	4.703E-01	2744002	Escherichia phage PhiV-1
YP_009875550.1	2	YP_009875550.1	6z6d-assembly1_A	2.913E-12	237	1.000	545	12.800	4.109E-01	4.257E-01	3.733E-01	4.074E-01	37554	Byrnievirus HK97
YP_009875550.1	3	YP_009875550.1	3ezk-assembly1_A	6.294E-15	278	1.000	529	13.700	4.698E-01	3.631E-01	3.226E-01	3.140E-01	10665	Tequatrovirus T4
YP_009875550.1	4	YP_009875550.1	4iee-assembly1_A	4.326E-10	204	1.000	455	8.300	4.333E-01	4.192E-01	3.215E-01	3.722E-01	10761	Lederbergvirus Sf6
YP_009875550.1	5	YP_009875550.1	4iei-assembly1_A	8.812E-11	206	1.000	494	8.000	4.312E-01	3.838E-01	3.213E-01	3.728E-01	10761	Lederbergvirus Sf6
YP_009875550.1	6	YP_009875550.1	4ife-assembly1_A	7.637E-10	194	1.000	499	8.200	4.447E-01	3.875E-01	3.213E-01	3.836E-01	10761	Lederbergvirus Sf6
YP_009875550.1	7	YP_009875550.1	3cpe-assembly1_A	5.467E-16	300	1.000	526	13.800	4.779E-01	3.661E-01	3.198E-01	3.111E-01	10665	Tequatrovirus T4
YP_009875550.1	8	YP_009875550.1	6m5v-assembly1_A	6.454E-12	203	1.000	563	12.900	3.900E-01	3.472E-01	3.144E-01	2.916E-01	10299	Human alphaherpesvirus 1 strain 17
YP_009875550.1	9	YP_009875550.1	4bij-assembly1_A	3.256E-10	194	1.000	493	11.300	4.320E-01	3.726E-01	3.119E-01	3.463E-01	10760	Escherichia phage T7
YP_009875550.1	10	YP_009875550.1	4bil-assembly1_A	8.325E-11	203	1.000	493	11.100	4.328E-01	3.710E-01	3.116E-01	3.443E-01	10760	Escherichia phage T7
YP_009875550.1	11	YP_009875550.1	6m5r-assembly1_A	4.869E-14	234	1.000	594	13.200	4.080E-01	3.311E-01	3.115E-01	2.659E-01	10299	Human alphaherpesvirus 1 strain 17
YP_009875550.1	12	YP_009875550.1	5oe8-assembly2_B	5.003E-13	252	1.000	497	11.400	4.489E-01	3.956E-01	3.023E-01	3.861E-01	749413	Deep-sea thermophilic phage D6E
YP_009875550.1	13	YP_009875550.1	6ey7-assembly2_B	9.016E-06	179	1.000	221	11.300	5.012E-01	6.970E-01	2.802E-01	5.913E-01	10360	Human herpesvirus 5 strain AD169
YP_009875550.1	14	YP_009875550.1	3n4p-assembly1_B	4.685E-05	154	1.000	221	12.600	4.811E-01	6.595E-01	2.738E-01	5.736E-01	10363	Human herpesvirus 5 strain Towne
YP_009875550.1	15	YP_009875550.1	3c6a-assembly1_A	5.556E-05	168	1.000	211	12.300	5.431E-01	7.086E-01	2.724E-01	6.712E-01	50948	Escherichia phage RB49
YP_009875550.1	16	YP_009875550.1	4iox-assembly1_A	6.786E-06	176	1.000	227	14.500	4.824E-01	6.764E-01	2.716E-01	5.810E-01	10298	Human alphaherpesvirus 1
YP_009875550.1	17	YP_009875550.1	6ey7-assembly3_C	4.182E-05	158	1.000	221	9.500	4.825E-01	6.748E-01	2.712E-01	5.850E-01	10360	Human herpesvirus 5 strain AD169
YP_009875550.1	18	YP_009875550.1	3n4q-assembly1_B	8.754E-05	150	1.000	220	10.400	4.832E-01	6.720E-01	2.696E-01	5.801E-01	10363	Human herpesvirus 5 strain Towne
YP_009875550.1	19	YP_009875550.1	3c6h-assembly2_B	3.424E-04	151	1.000	209	9.000	5.474E-01	7.283E-01	2.690E-01	6.981E-01	50948	Escherichia phage RB49
YP_009875550.1	20	YP_009875550.1	6ey7-assembly1_A	2.369E-05	161	1.000	224	12.900	4.792E-01	6.592E-01	2.663E-01	5.626E-01	10360	Human herpesvirus 5 strain AD169
YP_009177240.1	1	YP_009177240.1	5v8w-assembly1_A	5.181E+00	30	0.090	64	17.100	4.461E-01	5.374E-01	1.466E-01	4.558E-01	9606	Homo sapiens
YP_009177240.1	2	YP_009177240.1	8pz3-assembly1_A	4.281E+00	28	0.076	31	16.100	3.405E-01	5.642E-01	7.072E-02	7.157E-02	28450	Burkholderia pseudomallei
YP_009177240.1	3	YP_009177240.1	8pz3-assembly1_B	4.862E+00	28	0.076	31	16.100	3.429E-01	5.613E-01	7.056E-02	7.278E-02	28450	Burkholderia pseudomallei
YP_009177240.1	4	YP_009177240.1	6uzd-assembly1_H	8.613E+00	26	0.063	53	18.800	4.016E-01	5.661E-01	1.206E-01	5.441E-02	1392	Bacillus anthracis
YP_009177240.1	5	YP_009177240.1	5kz5-assembly1_B	5.520E+00	25	0.057	101	15.800	4.337E-01	3.805E-01	1.488E-01	2.386E-01	9606	Homo sapiens
YP_009177240.1	6	YP_009177240.1	6c7y-assembly1_B	5.181E+00	23	0.045	49	22.400	3.719E-01	3.692E-01	9.471E-02	2.006E-01	9031	Gallus gallus
YP_009177240.1	7	YP_009177240.1	7qii-assembly1_B	6.269E+00	23	0.045	64	14.000	4.089E-01	3.821E-01	9.436E-02	3.103E-01	630	Yersinia enterocolitica
YP_009177240.1	8	YP_009177240.1	4hs5-assembly2_B	5.883E+00	22	0.040	100	20.000	3.669E-01	3.602E-01	1.384E-01	2.947E-01	357804	Psychromonas ingrahamii 37
YP_009177240.1	9	YP_009177240.1	6ews-assembly1_A	7.585E+00	18	0.020	50	22.000	3.793E-01	2.880E-01	7.584E-02	2.426E-01	351614	Xenorhabdus stockiae
YP_009177240.1	10	YP_009177240.1	7qoo-assembly1_P	9.178E+00	17	0.016	132	11.300	3.823E-01	2.688E-01	1.339E-01	1.577E-01	9606	Homo sapiens
YP_009177240.1	11	YP_009177240.1	7ycu-assembly1_C-2	6.680E+00	15	0.011	68	22.000	2.999E-01	2.436E-01	8.417E-02	1.770E-01	43658	Pseudoalteromonas rubra
YP_009177240.1	12	YP_009177240.1	7nvr-assembly1_a	5.520E+00	15	0.011	114	12.200	3.306E-01	1.924E-01	7.539E-02	1.257E-01	9606	Homo sapiens
YP_009177240.1	13	YP_009177240.1	3cwy-assembly1_A-2	8.083E+00	15	0.011	79	11.300	3.051E-01	2.505E-01	7.386E-02	1.481E-01	210	Helicobacter pylori
YP_009177240.1	14	YP_009177240.1	8bqs-assembly1_Dc	9.178E+00	13	0.009	117	17.900	3.551E-01	1.653E-01	8.687E-02	4.892E-02	312017	Tetrahymena thermophila SB210
YP_008433402.1	1	YP_008433402.1	4nso-assembly1_A-2	8.964E-10	513	1.000	195	36.900	6.858E-01	9.134E-01	1.572E-01	8.788E-01	243277	Vibrio cholerae O1 biovar El Tor str. N16961
YP_008433402.1	2	YP_008433402.1	4noo-assembly2_C	5.493E-10	519	1.000	195	36.900	6.838E-01	9.032E-01	1.566E-01	8.571E-01	243277	Vibrio cholerae O1 biovar El Tor str. N16961
YP_008433402.1	3	YP_008433402.1	6x2q-assembly1_A	2.245E-03	145	1.000	207	16.400	4.233E-01	6.023E-01	1.211E-01	4.791E-01	1445510	Gynuella sunshinyii YC6258
YP_008433402.1	4	YP_008433402.1	4ily-assembly1_A	1.375E-03	160	1.000	193	21.200	4.368E-01	6.575E-01	1.195E-01	4.944E-01	862751	Streptomyces sp. SirexAA-E
YP_008433402.1	5	YP_008433402.1	4ily-assembly2_B	2.155E-03	154	1.000	193	20.200	4.353E-01	6.594E-01	1.182E-01	4.670E-01	862751	Streptomyces sp. SirexAA-E
YP_008433402.1	6	YP_008433402.1	8wql-assembly1_oB	2.724E+00	29	0.082	164	13.400	2.728E-01	2.486E-01	5.400E-02	2.321E-01	153964	Arthrospira sp. FACHB-439
YP_008433402.1	7	YP_008433402.1	5y6p-assembly1_b1	5.916E+00	26	0.063	170	10.500	3.000E-01	2.598E-01	5.247E-02	2.442E-01	35689	Griffithsia pacifica
YP_008433402.1	8	YP_008433402.1	7vea-assembly1_aI	6.419E+00	25	0.057	167	11.300	2.979E-01	2.564E-01	5.324E-02	2.444E-01	197221	Thermosynechococcus vestitus BP-1
YP_008433402.1	9	YP_008433402.1	8wll-assembly1_A	8.541E+00	14	0.010	417	13.400	2.336E-01	1.290E-01	5.869E-02	1.223E-01	9606	Homo sapiens
YP_009666897.1	1	YP_009666897.1	3zl9-assembly1_B	1.114E-05	79	0.981	195	44.100	4.097E-01	1.812E-01	1.720E-01	1.743E-01	1133363	Schmallenberg virus
YP_009666897.1	2	YP_009666897.1	3zl9-assembly1_A	1.580E-05	77	0.975	198	42.900	3.940E-01	1.832E-01	1.632E-01	1.679E-01	1133363	Schmallenberg virus
YP_009666897.1	3	YP_009666897.1	3zl9-assembly1_D	2.114E-05	75	0.967	198	42.900	3.941E-01	1.822E-01	1.662E-01	1.670E-01	1133363	Schmallenberg virus
YP_009666897.1	4	YP_009666897.1	5zf6-assembly1_B	2.707E+00	31	0.098	92	9.700	3.937E-01	3.937E-01	1.600E-01	7.406E-02	9606	Homo sapiens
YP_009666897.1	5	YP_009666897.1	3u1k-assembly2_D	3.223E+00	30	0.090	92	10.800	3.933E-01	3.893E-01	1.593E-01	6.638E-02	9606	Homo sapiens
YP_009666897.1	6	YP_009666897.1	5zf6-assembly1_A	5.443E+00	27	0.069	92	10.800	4.026E-01	3.922E-01	1.596E-01	7.126E-02	9606	Homo sapiens
YP_009666897.1	7	YP_009666897.1	4ysx-assembly2_G	2.144E+00	26	0.063	159	8.800	3.714E-01	2.706E-01	1.866E-01	2.541E-01	6253	Ascaris suum
YP_009666897.1	8	YP_009666897.1	8tnm-assembly1_A	7.719E+00	23	0.045	141	11.300	4.432E-01	3.308E-01	1.998E-01	2.965E-01	32630	synthetic construct
YP_009666897.1	9	YP_009666897.1	7mqa-assembly1_LP	6.115E+00	21	0.034	182	15.900	3.698E-01	2.756E-01	1.916E-01	9.722E-02	9606	Homo sapiens
YP_009666897.1	10	YP_009666897.1	2wu2-assembly3_K	8.182E+00	21	0.034	118	13.500	4.046E-01	3.207E-01	1.796E-01	2.920E-01	562	Escherichia coli
YP_009666897.1	11	YP_009666897.1	6d6k-assembly2_B	8.672E+00	21	0.034	89	12.300	3.812E-01	3.373E-01	1.472E-01	6.860E-02	470	Acinetobacter baumannii
YP_009666897.1	12	YP_009666897.1	7p4t-assembly1_B	8.672E+00	20	0.029	84	9.500	4.128E-01	2.792E-01	1.296E-01	2.763E-01	10090	Mus musculus
YP_009666897.1	13	YP_009666897.1	5y8t-assembly2_B	9.743E+00	19	0.024	154	10.300	3.664E-01	3.002E-01	1.750E-01	2.268E-01	655816	Bacillus spizizenii str. W23
YP_009666897.1	14	YP_009666897.1	7vp8-assembly1_A	5.135E+00	19	0.024	142	14.700	3.648E-01	2.159E-01	1.448E-01	1.727E-01	2130	Ureaplasma urealyticum
YP_009666897.1	15	YP_009666897.1	8gxl-assembly1_A	8.672E+00	19	0.024	119	15.100	3.920E-01	2.701E-01	1.365E-01	2.371E-01	9606	Homo sapiens
YP_009666897.1	16	YP_009666897.1	6lum-assembly1_N	9.192E+00	18	0.020	118	11.800	3.795E-01	2.727E-01	1.684E-01	2.607E-01	1445611	Mycolicibacterium smegmatis MC2 51
YP_009666897.1	17	YP_009666897.1	7loi-assembly1_C	6.871E+00	18	0.020	150	11.300	3.122E-01	2.772E-01	1.563E-01	1.989E-01	11676	Human immunodeficiency virus 1
YP_009666897.1	18	YP_009666897.1	2cho-assembly2_B	8.672E+00	18	0.020	125	13.600	3.587E-01	2.615E-01	1.444E-01	6.859E-02	226186	Bacteroides thetaiotaomicron VPI-5482
YP_009666897.1	19	YP_009666897.1	6hd8-assembly1_B	9.192E+00	15	0.011	147	11.500	3.416E-01	2.065E-01	1.445E-01	1.450E-01	643867	Marivirga tractuosa DSM 4126
YP_009666897.1	20	YP_009666897.1	7zub-assembly1_C	9.743E+00	15	0.011	160	14.300	3.554E-01	1.905E-01	1.411E-01	1.297E-01	9606	Homo sapiens
YP_009342305.1	1	YP_009342305.1	7f0k-assembly1_B	4.925E+00	40	0.214	74	13.500	4.947E-01	7.247E-01	3.291E-01	6.690E-01	679716	Trypanosoma brucei gambiense DAL972
YP_009342305.1	2	YP_009342305.1	8t0p-assembly1_B	1.584E+00	40	0.214	101	16.800	4.489E-01	4.879E-01	2.846E-01	4.278E-01	559292	Saccharomyces cerevisiae S288C
YP_009342305.1	3	YP_009342305.1	8eja-assembly1_B	7.939E+00	34	0.126	92	10.800	5.166E-01	6.503E-01	3.804E-01	5.492E-01	32630	synthetic construct
YP_009342305.1	4	YP_009342305.1	8oqz-assembly1_C	7.046E+00	31	0.098	113	14.100	4.927E-01	5.388E-01	3.447E-01	2.635E-01	9606	Homo sapiens
YP_009342305.1	5	YP_009342305.1	4w4k-assembly1_A	4.371E+00	30	0.090	80	10.000	3.900E-01	4.730E-01	2.462E-01	4.293E-01	652616	Mycobacterium tuberculosis str. Erdman = ATCC 35801
YP_009342305.1	6	YP_009342305.1	5gar-assembly1_R	7.479E+00	29	0.082	68	19.100	4.542E-01	5.230E-01	2.509E-01	4.546E-01	274	Thermus thermophilus
YP_009342305.1	7	YP_009342305.1	4w4k-assembly2_C	4.925E+00	29	0.082	72	11.100	3.894E-01	4.915E-01	2.268E-01	4.273E-01	652616	Mycobacterium tuberculosis str. Erdman = ATCC 35801
YP_009342305.1	8	YP_009342305.1	5gar-assembly1_U	8.428E+00	26	0.063	70	20.000	4.225E-01	4.815E-01	2.399E-01	4.281E-01	274	Thermus thermophilus
YP_009342305.1	9	YP_009342305.1	8r6r-assembly1_D	9.496E+00	25	0.057	110	10.900	4.128E-01	4.874E-01	3.203E-01	5.829E-02	246196	Mycolicibacterium smegmatis MC2 155
YP_009342305.1	10	YP_009342305.1	7pp4-assembly1_d	8.946E+00	25	0.057	134	10.400	4.251E-01	4.594E-01	3.179E-01	5.437E-02	83332	Mycobacterium tuberculosis H37Rv
YP_009342305.1	11	YP_009342305.1	3zjc-assembly3_E	9.496E+00	23	0.045	122	10.600	4.102E-01	4.205E-01	2.947E-01	1.964E-01	9606	Homo sapiens
YP_009342305.1	12	YP_009342305.1	7zch-assembly1_B	8.946E+00	23	0.045	111	13.500	4.084E-01	3.850E-01	2.498E-01	2.867E-01	9606	Homo sapiens
YP_009342305.1	13	YP_009342305.1	6s1k-assembly1_K	4.640E+00	23	0.045	104	10.500	3.659E-01	3.205E-01	1.809E-01	2.978E-01	879462	Escherichia coli str. K-12 substr. MG1655star
YP_009342305.1	14	YP_009342305.1	5ip0-assembly2_E	7.479E+00	22	0.040	112	12.500	4.084E-01	3.465E-01	2.278E-01	3.389E-01	644	Aeromonas hydrophila
YP_009342305.1	15	YP_009342305.1	6mdm-assembly1_H	3.654E+00	21	0.034	144	8.300	3.345E-01	2.559E-01	2.079E-01	2.405E-01	10116	Rattus norvegicus
YP_009342305.1	16	YP_009342305.1	3g6b-assembly1_A	9.496E+00	20	0.029	127	11.800	4.222E-01	3.077E-01	2.357E-01	2.047E-01	2336	Thermotoga maritima
YP_009342305.1	17	YP_009342305.1	8u84-assembly1_C1	7.479E+00	20	0.029	136	10.200	3.779E-01	3.004E-01	2.186E-01	1.268E-01	9606	Homo sapiens
YP_009342305.1	18	YP_009342305.1	3j99-assembly1_M	5.891E+00	20	0.029	128	10.100	3.390E-01	2.853E-01	2.029E-01	2.584E-01	10116	Rattus norvegicus
YP_009342305.1	19	YP_009342305.1	5j45-assembly1_A	7.939E+00	20	0.029	101	10.800	3.814E-01	3.019E-01	1.922E-01	2.665E-01	7227	Drosophila melanogaster
YP_009342305.1	20	YP_009342305.1	4ilo-assembly1_A	7.046E+00	19	0.024	137	11.600	4.102E-01	2.412E-01	1.818E-01	1.514E-01	471472	Chlamydia trachomatis L2/434/Bu
YP_010657796.1	1	YP_010657796.1	6s3r-assembly1_A	5.185E+00	19	0.024	177	15.200	4.226E-01	1.869E-01	9.343E-02	1.644E-01	264730	Pseudomonas savastanoi pv. phaseolicola 1448A
YP_010657796.1	2	YP_010657796.1	1nek-assembly1_C	7.308E+00	19	0.024	132	12.100	4.019E-01	2.356E-01	9.249E-02	2.233E-01	562	Escherichia coli
YP_010657796.1	3	YP_010657796.1	5c6f-assembly1_A	4.897E+00	19	0.024	162	15.400	4.336E-01	1.818E-01	8.489E-02	1.584E-01	85963	Helicobacter pylori J99
YP_010657796.1	4	YP_010657796.1	6h6t-assembly2_L	4.897E+00	19	0.024	155	14.800	4.477E-01	1.625E-01	8.178E-02	1.394E-01	9606	Homo sapiens
YP_010657796.1	5	YP_010657796.1	5axs-assembly1_A	5.814E+00	19	0.024	144	12.500	4.422E-01	1.797E-01	7.993E-02	1.483E-01	9796	Equus caballus
YP_010657796.1	6	YP_010657796.1	7bl5-assembly1_8	5.185E+00	18	0.020	186	12.900	4.143E-01	1.699E-01	9.700E-02	1.684E-01	511145	Escherichia coli str. K-12 substr. MG1655
YP_010657796.1	7	YP_010657796.1	8j9l-assembly1_G-5	5.491E+00	18	0.020	163	13.400	4.121E-01	1.729E-01	8.136E-02	1.517E-01	9606	Homo sapiens
YP_010657796.1	8	YP_010657796.1	8pp2-assembly2_J	5.185E+00	18	0.020	154	14.900	4.460E-01	1.609E-01	8.119E-02	1.400E-01	9606	Homo sapiens
YP_010657796.1	9	YP_010657796.1	6m52-assembly1_A	4.368E+00	18	0.020	164	12.800	3.940E-01	1.615E-01	7.516E-02	1.374E-01	9606	Homo sapiens
YP_010657796.1	10	YP_010657796.1	8j9l-assembly1_L-2	4.625E+00	18	0.020	160	14.300	4.228E-01	1.479E-01	6.746E-02	1.278E-01	9606	Homo sapiens
YP_010657796.1	11	YP_010657796.1	8jai-assembly1_F	6.518E+00	17	0.016	165	14.500	4.337E-01	1.658E-01	8.530E-02	1.505E-01	9606	Homo sapiens
YP_010657796.1	12	YP_010657796.1	3re7-assembly1_S	6.518E+00	17	0.016	155	12.200	4.348E-01	1.579E-01	8.363E-02	1.417E-01	8400	Aquarana catesbeiana
YP_010657796.1	13	YP_010657796.1	6l55-assembly1_I-6	8.194E+00	17	0.016	158	14.500	4.575E-01	1.710E-01	8.213E-02	1.525E-01	220873	Tegillarca granosa
YP_010657796.1	14	YP_010657796.1	6l55-assembly1_C-5	8.676E+00	17	0.016	158	14.500	4.573E-01	1.707E-01	8.206E-02	1.516E-01	220873	Tegillarca granosa
YP_010657796.1	15	YP_010657796.1	5jkk-assembly1_B	8.194E+00	17	0.016	151	13.200	4.422E-01	1.752E-01	8.158E-02	1.494E-01	9606	Homo sapiens
YP_010657796.1	16	YP_010657796.1	8pp5-assembly1_F	8.194E+00	17	0.016	151	13.200	4.410E-01	1.753E-01	8.152E-02	1.492E-01	9606	Homo sapiens
YP_010657796.1	17	YP_010657796.1	8wb3-assembly1_A	7.308E+00	17	0.016	159	13.800	4.545E-01	1.692E-01	8.151E-02	1.515E-01	9606	Homo sapiens
YP_010657796.1	18	YP_010657796.1	6h6t-assembly1_A	6.518E+00	17	0.016	154	14.900	4.487E-01	1.619E-01	8.138E-02	1.391E-01	9606	Homo sapiens
YP_010657796.1	19	YP_010657796.1	8j9m-assembly1_A	7.738E+00	17	0.016	157	14.000	4.357E-01	1.724E-01	8.112E-02	1.497E-01	9606	Homo sapiens
YP_010657796.1	20	YP_010657796.1	7a6a-assembly1_A	6.902E+00	17	0.016	158	15.100	4.523E-01	1.576E-01	8.098E-02	1.396E-01	9606	Homo sapiens
YP_001994481.1	1	YP_001994481.1	2y1v-assembly3_C	6.821E-01	51	0.505	75	14.600	4.535E-01	4.738E-01	1.488E-01	8.371E-02	170187	Streptococcus pneumoniae TIGR4
YP_001994481.1	2	YP_001994481.1	3rpk-assembly2_B	8.030E-01	49	0.442	76	13.100	4.411E-01	4.717E-01	1.497E-01	8.575E-02	1313	Streptococcus pneumoniae
YP_001994481.1	3	YP_001994481.1	2x9y-assembly1_A	1.241E+00	43	0.277	83	10.800	4.252E-01	4.494E-01	1.477E-01	1.082E-01	170187	Streptococcus pneumoniae TIGR4
YP_001994481.1	4	YP_001994481.1	5dn6-assembly1_E	6.013E+00	40	0.214	47	17.000	5.219E-01	6.093E-01	1.203E-01	8.079E-02	266	Paracoccus denitrificans
YP_001994481.1	5	YP_001994481.1	7xex-assembly3_C	1.816E+00	36	0.150	91	14.200	3.894E-01	3.908E-01	1.401E-01	7.908E-02	287	Pseudomonas aeruginosa
YP_001994481.1	6	YP_001994481.1	8tf5-assembly1_A	1.175E+00	34	0.126	157	13.300	3.962E-01	3.000E-01	1.646E-01	1.415E-01	9606	Homo sapiens
YP_001994481.1	7	YP_001994481.1	6tmh-assembly1_B	8.335E+00	34	0.126	47	14.800	4.821E-01	5.789E-01	1.169E-01	7.708E-02	507601	Toxoplasma gondii GT1
YP_001994481.1	8	YP_001994481.1	2d2z-assembly2_B	5.108E+00	33	0.116	78	10.200	4.289E-01	4.828E-01	1.325E-01	1.626E-01	9606	Homo sapiens
YP_001994481.1	9	YP_001994481.1	5lqz-assembly1_F	8.335E+00	32	0.106	47	17.000	4.570E-01	5.574E-01	1.140E-01	7.690E-02	870730	Ogataea angusta
YP_001994481.1	10	YP_001994481.1	6erz-assembly2_B	6.350E+00	31	0.098	77	10.300	4.221E-01	4.717E-01	1.271E-01	1.622E-01	10090	Mus musculus
YP_001994481.1	11	YP_001994481.1	5tud-assembly2_D	2.807E+00	30	0.090	162	9.800	4.135E-01	3.138E-01	1.621E-01	1.359E-01	9606	Homo sapiens
YP_001994481.1	12	YP_001994481.1	5ik2-assembly1_C	1.918E+00	30	0.090	139	12.200	3.865E-01	2.755E-01	1.523E-01	1.098E-01	986075	Caldalkalibacillus thermarum TA2.A1
YP_001994481.1	13	YP_001994481.1	6tdu-assembly1_AF	6.013E+00	30	0.090	122	11.400	4.345E-01	4.213E-01	1.492E-01	9.927E-02	3039	Euglena gracilis
YP_001994481.1	14	YP_001994481.1	6khi-assembly1_E	5.695E+00	29	0.082	109	10.000	4.104E-01	4.058E-01	1.527E-01	3.786E-01	197221	Thermosynechococcus vestitus BP-1
YP_001994481.1	15	YP_001994481.1	8h9i-assembly1_D	7.894E+00	29	0.082	98	12.200	4.641E-01	4.430E-01	1.425E-01	9.986E-02	9606	Homo sapiens
YP_001994481.1	16	YP_001994481.1	2wy8-assembly1_Q	8.801E+00	29	0.082	67	16.400	4.276E-01	5.067E-01	1.263E-01	4.427E-01	1280	Staphylococcus aureus
YP_001994481.1	17	YP_001994481.1	7dfp-assembly1_A	1.241E+00	29	0.082	150	12.000	3.515E-01	2.507E-01	1.229E-01	1.126E-01	9606	Homo sapiens
YP_001994481.1	18	YP_001994481.1	8sji-assembly1_C	7.476E+00	28	0.076	89	16.800	4.387E-01	4.053E-01	1.531E-01	3.105E-01	32630	synthetic construct
YP_001994481.1	19	YP_001994481.1	4he8-assembly1_K	4.581E+00	28	0.076	119	15.900	3.692E-01	3.941E-01	1.476E-01	3.838E-01	300852	Thermus thermophilus HB8
YP_001994481.1	20	YP_001994481.1	8q4j-assembly1_B	4.837E+00	28	0.076	78	12.800	3.860E-01	3.678E-01	1.227E-01	1.520E-01	9606	Homo sapiens
YP_001642397.1	1	YP_001642397.1	1jfx-assembly1_A	5.149E-14	429	1.000	220	25.000	6.342E-01	8.092E-01	5.324E-01	7.190E-01	1902	Streptomyces coelicolor
YP_001642397.1	2	YP_001642397.1	6zm8-assembly1_A	1.005E-14	445	1.000	223	26.900	6.403E-01	7.892E-01	5.284E-01	7.433E-01	398408	Sodiomyces alcalophilus
YP_001642397.1	3	YP_001642397.1	4ff5-assembly1_A	5.365E-07	223	1.000	223	19.200	5.844E-01	7.769E-01	5.223E-01	6.723E-01	1313	Streptococcus pneumoniae
YP_001642397.1	4	YP_001642397.1	6zmv-assembly2_B	8.380E-15	436	1.000	220	28.600	6.205E-01	7.752E-01	5.199E-01	7.335E-01	2081540	Trichobolus zukalii
YP_001642397.1	5	YP_001642397.1	2wag-assembly1_A-2	3.147E-11	334	1.000	218	19.700	5.916E-01	7.801E-01	5.185E-01	6.982E-01	198094	Bacillus anthracis str. Ames
YP_001642397.1	6	YP_001642397.1	2x8r-assembly6_F	2.207E-14	410	1.000	218	26.600	5.861E-01	7.643E-01	5.097E-01	7.082E-01	330879	Aspergillus fumigatus Af293
YP_001642397.1	7	YP_001642397.1	4jz5-assembly1_A	9.909E-10	290	1.000	211	23.200	5.856E-01	7.568E-01	5.073E-01	7.105E-01	560178	Listeria phage P40
YP_001642397.1	8	YP_001642397.1	5jip-assembly1_B	4.271E-12	263	1.000	352	14.700	4.945E-01	5.090E-01	5.042E-01	4.839E-01	1502	Clostridium perfringens
YP_001642397.1	9	YP_001642397.1	5a6s-assembly1_A-2	1.185E-08	264	1.000	216	20.800	6.000E-01	7.453E-01	4.861E-01	5.309E-01	871584	Clostridium phage phiCTP1
YP_001642397.1	10	YP_001642397.1	4kru-assembly1_A	3.334E-10	315	1.000	204	22.000	6.227E-01	7.763E-01	4.807E-01	6.604E-01	396359	Clostridium phage phiSM101
YP_001642397.1	11	YP_001642397.1	4krt-assembly2_B	2.491E-14	311	1.000	371	18.800	5.474E-01	4.760E-01	4.731E-01	4.180E-01	396359	Clostridium phage phiSM101
YP_001642397.1	12	YP_001642397.1	1sfs-assembly1_A	1.106E-05	165	1.000	216	11.500	4.824E-01	7.173E-01	4.709E-01	6.372E-01	1422	Geobacillus stearothermophilus
YP_001642397.1	13	YP_001642397.1	3hmc-assembly1_A	6.835E-07	207	1.000	207	18.800	5.555E-01	7.205E-01	4.627E-01	6.980E-01	1392	Bacillus anthracis
YP_001642397.1	14	YP_001642397.1	2j8g-assembly1_A	6.469E-09	200	1.000	312	18.900	4.618E-01	5.322E-01	4.577E-01	4.118E-01	10747	Streptococcus phage Cp1
YP_001642397.1	15	YP_001642397.1	2ixu-assembly1_A	9.302E-09	194	1.000	316	18.900	4.544E-01	5.242E-01	4.504E-01	4.051E-01	10747	Streptococcus phage Cp1
YP_001642397.1	16	YP_001642397.1	2wwc-assembly1_A	7.714E-07	193	1.000	214	15.800	5.011E-01	7.064E-01	4.464E-01	3.208E-01	171101	Streptococcus pneumoniae R6
YP_001642397.1	17	YP_001642397.1	2ww5-assembly1_A	5.050E-07	201	1.000	214	15.400	5.120E-01	7.120E-01	4.462E-01	3.213E-01	171101	Streptococcus pneumoniae R6
YP_001642397.1	18	YP_001642397.1	2nw0-assembly2_B	8.218E-08	221	1.000	197	21.300	5.288E-01	7.057E-01	4.342E-01	6.566E-01	38018	Bacteriophage sp.
YP_001642397.1	19	YP_001642397.1	1oba-assembly1_A	1.704E-08	171	1.000	364	17.500	4.268E-01	4.545E-01	4.277E-01	3.842E-01	10747	Streptococcus phage Cp1
YP_001642397.1	20	YP_001642397.1	1r77-assembly1_A	1.704E-08	308	1.000	95	28.400	7.466E-01	8.438E-01	2.619E-01	7.343E-01	29388	Staphylococcus capitis
YP_009666887.1	1	YP_009666887.1	7vea-assembly1_aJ	3.940E+00	27	0.069	146	15.700	3.715E-01	3.163E-01	2.060E-01	2.658E-01	197221	Thermosynechococcus vestitus BP-1
YP_009666887.1	2	YP_009666887.1	7vea-assembly1_aB	2.305E+00	26	0.063	153	16.300	2.984E-01	2.830E-01	1.839E-01	2.432E-01	197221	Thermosynechococcus vestitus BP-1
YP_009666887.1	3	YP_009666887.1	5lb7-assembly1_A	3.355E+00	25	0.057	163	11.000	3.542E-01	2.734E-01	2.067E-01	2.606E-01	10090	Mus musculus
YP_009666887.1	4	YP_009666887.1	1kn1-assembly1_B	3.539E+00	24	0.051	165	16.300	3.420E-01	2.696E-01	1.826E-01	2.413E-01	2788	Pyropia yezoensis
YP_009666887.1	5	YP_009666887.1	8wql-assembly1_rB	4.385E+00	24	0.051	143	18.100	3.427E-01	2.810E-01	1.794E-01	2.387E-01	153964	Arthrospira sp. FACHB-439
YP_009666887.1	6	YP_009666887.1	6fd7-assembly1_A	3.180E+00	24	0.051	139	12.200	3.596E-01	2.385E-01	1.536E-01	2.373E-01	9606	Homo sapiens
YP_009666887.1	7	YP_009666887.1	6fbw-assembly1_A	1.279E+00	24	0.051	182	13.700	2.980E-01	1.998E-01	1.421E-01	1.472E-01	9606	Homo sapiens
YP_009666887.1	8	YP_009666887.1	3zfw-assembly2_B	6.381E+00	23	0.045	145	11.700	3.887E-01	2.753E-01	1.898E-01	1.967E-01	10090	Mus musculus
YP_009666887.1	9	YP_009666887.1	3zfw-assembly1_A	6.381E+00	23	0.045	145	11.700	3.878E-01	2.720E-01	1.895E-01	1.953E-01	10090	Mus musculus
YP_009666887.1	10	YP_009666887.1	4fr3-assembly1_A-2	3.180E+00	23	0.045	183	13.100	3.265E-01	2.462E-01	1.734E-01	1.778E-01	9606	Homo sapiens
YP_009666887.1	11	YP_009666887.1	2xcb-assembly1_A	3.940E+00	23	0.045	146	14.300	3.434E-01	2.428E-01	1.482E-01	2.300E-01	287	Pseudomonas aeruginosa
YP_009666887.1	12	YP_009666887.1	4rmp-assembly1_B	8.801E+00	22	0.040	170	13.500	3.398E-01	3.530E-01	2.390E-01	3.155E-01	865859	Phormidium rubidum A09DM
YP_009666887.1	13	YP_009666887.1	2vjt-assembly1_B	6.732E+00	22	0.040	122	17.200	3.264E-01	3.188E-01	1.846E-01	2.422E-01	33072	Gloeobacter violaceus
YP_009666887.1	14	YP_009666887.1	4f0u-assembly1_F	4.385E+00	22	0.040	153	18.300	3.191E-01	2.653E-01	1.741E-01	2.319E-01	1140	Synechococcus elongatus PCC 7942 = FACHB-805
YP_009666887.1	15	YP_009666887.1	7v1m-assembly2_G	7.103E+00	22	0.040	150	10.600	3.747E-01	2.794E-01	1.729E-01	2.033E-01	9606	Homo sapiens
YP_009666887.1	16	YP_009666887.1	4jyx-assembly1_G-2	5.434E+00	22	0.040	149	12.700	3.205E-01	2.769E-01	1.658E-01	1.295E-01	342610	Paraglaciecola sp. T6c
YP_009666887.1	17	YP_009666887.1	4jl0-assembly2_B	4.627E+00	22	0.040	145	16.500	3.398E-01	2.412E-01	1.367E-01	2.289E-01	1227568	Pseudomonas aeruginosa CHA
YP_009666887.1	18	YP_009666887.1	7vea-assembly1_aN	7.906E+00	21	0.034	166	15.600	3.496E-01	2.825E-01	1.984E-01	2.574E-01	197221	Thermosynechococcus vestitus BP-1
YP_009666887.1	19	YP_009666887.1	6yx7-assembly1_DDD	5.434E+00	21	0.034	169	13.600	3.158E-01	2.632E-01	1.863E-01	2.386E-01	2283151	Nostoc sp. WR13
YP_009666887.1	20	YP_009666887.1	2v8a-assembly1_B	8.342E+00	20	0.029	164	16.400	3.352E-01	2.804E-01	1.972E-01	2.573E-01	197221	Thermosynechococcus vestitus BP-1
YP_010681552.1	1	YP_010681552.1	4mde-assembly1_A	1.135E-06	310	1.000	156	24.300	6.451E-01	8.666E-01	4.047E-01	7.678E-01	203119	Acetivibrio thermocellus ATCC 27405
YP_010681552.1	2	YP_010681552.1	4gp6-assembly1_B-2	8.735E-08	352	1.000	156	25.600	6.509E-01	8.664E-01	4.044E-01	7.720E-01	203119	Acetivibrio thermocellus ATCC 27405
YP_010681552.1	3	YP_010681552.1	4gp7-assembly1_B-2	6.369E-06	270	1.000	164	25.000	6.193E-01	8.299E-01	3.979E-01	7.535E-01	203119	Acetivibrio thermocellus ATCC 27405
YP_010681552.1	4	YP_010681552.1	4jst-assembly1_B	8.988E-07	301	1.000	164	25.000	6.193E-01	8.295E-01	3.976E-01	7.532E-01	203119	Acetivibrio thermocellus ATCC 27405
YP_010681552.1	5	YP_010681552.1	3add-assembly1_B	1.828E-04	178	1.000	224	22.700	5.244E-01	6.468E-01	3.868E-01	5.334E-01	243232	Methanocaldococcus jannaschii DSM 2661
YP_010681552.1	6	YP_010681552.1	3wfp-assembly9_B	1.561E-03	136	1.000	263	15.200	4.832E-01	5.717E-01	3.829E-01	2.948E-01	224324	Aquifex aeolicus VF5
YP_010681552.1	7	YP_010681552.1	3adb-assembly1_A	1.095E-04	150	1.000	340	17.600	4.431E-01	5.087E-01	3.825E-01	5.050E-01	243232	Methanocaldococcus jannaschii DSM 2661
YP_010681552.1	8	YP_010681552.1	3zvn-assembly1_A	6.992E-06	270	1.000	170	17.600	6.420E-01	8.081E-01	3.804E-01	3.430E-01	10090	Mus musculus
YP_010681552.1	9	YP_010681552.1	3a4l-assembly1_A	6.255E-05	186	1.000	226	21.600	5.074E-01	6.312E-01	3.781E-01	5.268E-01	2190	Methanocaldococcus jannaschii
YP_010681552.1	10	YP_010681552.1	3adb-assembly1_B	1.776E-05	195	1.000	230	20.400	4.926E-01	6.143E-01	3.758E-01	4.984E-01	243232	Methanocaldococcus jannaschii DSM 2661
YP_010681552.1	11	YP_010681552.1	2rhm-assembly1_A	8.761E-03	136	1.000	180	16.100	5.383E-01	6.915E-01	3.713E-01	6.423E-01	324602	Chloroflexus aurantiacus J-10-fl
YP_010681552.1	12	YP_010681552.1	4xrp-assembly1_D	3.351E-04	211	1.000	143	25.800	6.192E-01	8.432E-01	3.673E-01	3.970E-01	553178	Capnocytophaga gingivalis ATCC 33624
YP_010681552.1	13	YP_010681552.1	1ko1-assembly1_B	2.488E-03	159	1.000	172	18.000	5.558E-01	7.296E-01	3.660E-01	7.016E-01	562	Escherichia coli
YP_010681552.1	14	YP_010681552.1	3a4n-assembly1_B	2.781E-04	162	1.000	228	20.100	4.940E-01	6.080E-01	3.659E-01	5.057E-01	2190	Methanocaldococcus jannaschii
YP_010681552.1	15	YP_010681552.1	3zvm-assembly1_B	4.815E-06	267	1.000	161	18.000	6.036E-01	8.024E-01	3.627E-01	3.255E-01	10090	Mus musculus
YP_010681552.1	16	YP_010681552.1	2rhm-assembly2_D	1.056E-02	132	1.000	187	14.900	5.352E-01	6.812E-01	3.626E-01	6.207E-01	324602	Chloroflexus aurantiacus J-10-fl
YP_010681552.1	17	YP_010681552.1	3adc-assembly1_A	1.319E-04	168	1.000	235	19.500	4.857E-01	5.970E-01	3.616E-01	4.827E-01	243232	Methanocaldococcus jannaschii DSM 2661
YP_010681552.1	18	YP_010681552.1	5x6k-assembly2_B	1.106E-02	128	1.000	193	20.200	4.999E-01	6.914E-01	3.616E-01	6.189E-01	8208	Notothenia coriiceps
YP_010681552.1	19	YP_010681552.1	1rpz-assembly1_A	1.236E-03	165	1.000	220	20.000	5.546E-01	7.017E-01	3.600E-01	4.208E-01	10665	Tequatrovirus T4
YP_010681552.1	20	YP_010681552.1	3u7g-assembly1_A	2.043E-05	248	1.000	163	16.500	6.159E-01	8.030E-01	3.590E-01	3.234E-01	10090	Mus musculus
YP_009336968.1	1	YP_009336968.1	1c8n-assembly1_C	1.650E-11	425	1.000	186	21.500	7.152E-01	8.828E-01	6.641E-01	6.699E-01	12054	unidentified tobacco necrosis virus
YP_009336968.1	2	YP_009336968.1	1c8n-assembly1_A	4.710E-12	439	1.000	187	21.300	7.139E-01	8.716E-01	6.610E-01	7.647E-01	12054	unidentified tobacco necrosis virus
YP_009336968.1	3	YP_009336968.1	1ng0-assembly1_C	1.082E-10	346	1.000	225	18.200	6.549E-01	7.278E-01	6.590E-01	6.673E-01	40979	Cocksfoot mottle virus
YP_009336968.1	4	YP_009336968.1	2izw-assembly1_C	1.145E-10	386	1.000	176	22.700	6.853E-01	8.696E-01	6.573E-01	6.960E-01	119910	Ryegrass mottle virus
YP_009336968.1	5	YP_009336968.1	2izw-assembly1_B	1.472E-11	419	1.000	177	22.500	7.063E-01	8.624E-01	6.566E-01	7.996E-01	119910	Ryegrass mottle virus
YP_009336968.1	6	YP_009336968.1	1f2n-assembly1_A	1.650E-11	410	1.000	184	22.200	6.912E-01	8.531E-01	6.525E-01	7.536E-01	31744	Rice yellow mottle virus
YP_009336968.1	7	YP_009336968.1	4sbv-assembly1_C	4.922E-09	328	1.000	193	17.600	6.662E-01	8.535E-01	6.504E-01	6.477E-01	12139	Southern bean mosaic virus
YP_009336968.1	8	YP_009336968.1	1opo-assembly1_C	2.072E-11	416	1.000	166	22.200	7.080E-01	8.691E-01	6.401E-01	5.340E-01	11986	Carnation mottle virus
YP_009336968.1	9	YP_009336968.1	1f2n-assembly1_C	1.849E-11	362	1.000	221	20.300	6.601E-01	7.020E-01	6.341E-01	6.590E-01	31744	Rice yellow mottle virus
YP_009336968.1	10	YP_009336968.1	4sbv-assembly1_B-31	1.765E-09	336	1.000	194	16.400	6.711E-01	8.223E-01	6.338E-01	6.968E-01	12139	Southern bean mosaic virus
YP_009336968.1	11	YP_009336968.1	4v99-assembly1_AM	3.017E-10	376	1.000	183	16.900	7.080E-01	8.535E-01	6.336E-01	6.445E-01	652599	Panicum mosaic virus strain Kansas 109S
YP_009336968.1	12	YP_009336968.1	4llf-assembly1_D	6.929E-09	329	1.000	171	21.600	6.910E-01	8.558E-01	6.330E-01	4.444E-01	12143	Cucumber necrosis virus
YP_009336968.1	13	YP_009336968.1	2tbv-assembly1_A	2.510E-07	274	1.000	172	18.000	6.693E-01	8.415E-01	6.311E-01	4.953E-01	12145	Tomato bushy stunt virus
YP_009336968.1	14	YP_009336968.1	6mrm-assembly1_A	1.978E-09	339	1.000	174	21.200	6.753E-01	8.393E-01	6.288E-01	4.852E-01	12267	Red clover necrotic mosaic virus
YP_009336968.1	15	YP_009336968.1	6mrm-assembly1_C	1.341E-07	289	1.000	168	22.000	6.843E-01	8.592E-01	6.274E-01	4.480E-01	12267	Red clover necrotic mosaic virus
YP_009336968.1	16	YP_009336968.1	1smv-assembly1_C	2.217E-09	328	1.000	196	16.300	6.527E-01	8.206E-01	6.261E-01	6.235E-01	12558	Sesbania mosaic virus
YP_009336968.1	17	YP_009336968.1	2tbv-assembly1_C	8.592E-06	225	1.000	170	17.600	6.550E-01	8.418E-01	6.236E-01	4.386E-01	12145	Tomato bushy stunt virus
YP_009336968.1	18	YP_009336968.1	1x33-assembly1_C	2.269E-10	351	1.000	194	18.500	6.334E-01	8.138E-01	6.223E-01	6.123E-01	12558	Sesbania mosaic virus
YP_009336968.1	19	YP_009336968.1	6mrl-assembly1_D	1.310E-06	252	1.000	174	18.900	6.694E-01	8.405E-01	6.223E-01	4.310E-01	165432	Cucumber leaf spot virus
YP_009336968.1	20	YP_009336968.1	2zah-assembly1_A	4.247E-10	360	1.000	174	18.900	6.844E-01	8.333E-01	6.213E-01	4.720E-01	11987	Melon necrotic spot virus
YP_950542.1	1	YP_950542.1	5oq3-assembly1_A	2.155E-05	135	1.000	438	11.400	3.887E-01	5.413E-01	4.680E-01	5.321E-01	1496	Clostridioides difficile
YP_950542.1	2	YP_950542.1	1ukp-assembly2_B	5.072E-04	114	1.000	386	12.100	3.752E-01	6.140E-01	4.519E-01	3.935E-01	3847	Glycine max
YP_950542.1	3	YP_950542.1	5e9a-assembly1_A	1.454E-03	103	1.000	376	12.200	3.987E-01	5.552E-01	4.364E-01	2.854E-01	1591056	Rahnella sp. R3
YP_950542.1	4	YP_950542.1	4uzs-assembly1_A	3.338E-03	102	1.000	328	10.300	4.109E-01	6.071E-01	4.326E-01	2.795E-01	883062	Bifidobacterium bifidum S17
YP_950542.1	5	YP_950542.1	1kwg-assembly1_A	4.654E-03	100	1.000	350	10.000	4.218E-01	6.066E-01	4.323E-01	2.949E-01	274	Thermus thermophilus
YP_950542.1	6	YP_950542.1	4uzs-assembly1_C	1.231E-03	110	1.000	324	12.000	4.032E-01	6.069E-01	4.319E-01	2.798E-01	883062	Bifidobacterium bifidum S17
YP_950542.1	7	YP_950542.1	4uzs-assembly1_B	1.717E-03	107	1.000	325	10.100	4.083E-01	6.011E-01	4.286E-01	2.802E-01	883062	Bifidobacterium bifidum S17
YP_950542.1	8	YP_950542.1	4ucf-assembly1_C	2.027E-03	101	1.000	327	11.600	3.916E-01	5.773E-01	4.099E-01	2.664E-01	883062	Bifidobacterium bifidum S17
YP_950542.1	9	YP_950542.1	4uni-assembly1_C	1.717E-03	110	1.000	290	11.000	4.093E-01	6.329E-01	3.997E-01	2.553E-01	580050	Bifidobacterium animalis subsp. lactis Bl-04
YP_950542.1	10	YP_950542.1	4uoz-assembly1_C	3.528E-03	107	1.000	272	10.600	4.204E-01	6.610E-01	3.914E-01	2.478E-01	580050	Bifidobacterium animalis subsp. lactis Bl-04
YP_950542.1	11	YP_950542.1	4ipn-assembly1_E	4.295E-04	103	1.000	369	8.600	3.747E-01	4.898E-01	3.563E-01	3.254E-01	170187	Streptococcus pneumoniae TIGR4
YP_950542.1	12	YP_950542.1	4ucf-assembly1_A	6.140E-03	101	1.000	255	12.900	4.239E-01	6.436E-01	3.550E-01	2.275E-01	883062	Bifidobacterium bifidum S17
YP_950542.1	13	YP_950542.1	6wgd-assembly1_A	9.621E-05	115	1.000	347	13.200	3.758E-01	4.890E-01	3.501E-01	3.366E-01	1402	Bacillus licheniformis
YP_950542.1	14	YP_950542.1	3p84-assembly1_A	1.674E-04	106	1.000	322	8.300	3.302E-01	5.103E-01	3.419E-01	3.851E-01	550	Enterobacter cloacae
YP_950542.1	15	YP_950542.1	9jp2-assembly1_A	2.468E-04	112	1.000	309	10.300	3.643E-01	5.467E-01	3.332E-01	3.796E-01	2528016	Novipirellula artificiosorum
YP_950542.1	16	YP_950542.1	3wen-assembly1_A	3.176E-05	114	1.000	308	13.300	3.210E-01	4.928E-01	3.317E-01	1.896E-01	161934	Beta vulgaris
YP_950542.1	17	YP_950542.1	3p8j-assembly1_A	2.468E-04	101	1.000	331	8.100	3.295E-01	4.900E-01	3.277E-01	3.683E-01	550	Enterobacter cloacae
YP_950542.1	18	YP_950542.1	3vmn-assembly1_A	2.209E-04	116	1.000	276	11.200	3.729E-01	5.639E-01	3.124E-01	2.185E-01	1309	Streptococcus mutans
YP_950542.1	19	YP_950542.1	2aam-assembly1_A	2.090E-04	109	1.000	302	10.200	3.516E-01	5.230E-01	3.064E-01	4.201E-01	2336	Thermotoga maritima
YP_950542.1	20	YP_950542.1	4uoq-assembly1_C	2.530E-03	98	0.999	327	11.000	3.934E-01	5.550E-01	3.986E-01	2.601E-01	580050	Bifidobacterium animalis subsp. lactis Bl-04
YP_010679883.1	1	YP_010679883.1	4ldz-assembly1_B	1.665E+00	77	0.975	49	16.300	8.215E-01	8.951E-01	2.536E-01	2.444E-01	224308	Bacillus subtilis subsp. subtilis str. 168
YP_010679883.1	2	YP_010679883.1	3c57-assembly1_A	1.251E+00	75	0.967	46	17.300	7.465E-01	8.493E-01	2.374E-01	7.642E-01	1773	Mycobacterium tuberculosis
YP_010679883.1	3	YP_010679883.1	7r3g-assembly1_B	2.785E+00	73	0.956	43	20.900	8.736E-01	9.452E-01	2.309E-01	1.778E-01	208964	Pseudomonas aeruginosa PAO1
YP_010679883.1	4	YP_010679883.1	5vxn-assembly2_C	2.346E+00	72	0.949	37	8.100	8.290E-01	8.947E-01	1.965E-01	1.757E-01	83333	Escherichia coli K-12
YP_010679883.1	5	YP_010679883.1	5vxn-assembly1_A	2.346E+00	71	0.941	37	8.100	8.203E-01	8.782E-01	1.956E-01	1.766E-01	83333	Escherichia coli K-12
YP_010679883.1	6	YP_010679883.1	2lvs-assembly1_A	1.598E-01	69	0.923	95	21.000	6.483E-01	4.359E-01	2.224E-01	3.600E-01	415426	Hyperthermus butylicus DSM 5456
YP_010679883.1	7	YP_010679883.1	2r0q-assembly1_F	3.925E+00	66	0.887	34	20.500	8.394E-01	9.366E-01	1.847E-01	1.751E-01	1280	Staphylococcus aureus
YP_010679883.1	8	YP_010679883.1	7ve5-assembly1_B	3.925E+00	65	0.872	43	16.200	8.307E-01	9.100E-01	2.287E-01	6.034E-01	1280	Staphylococcus aureus
YP_010679883.1	9	YP_010679883.1	7bhy-assembly1_B	3.123E+00	65	0.872	45	20.000	8.106E-01	8.499E-01	2.246E-01	7.087E-01	224308	Bacillus subtilis subsp. subtilis str. 168
YP_010679883.1	10	YP_010679883.1	1h0m-assembly1_A	4.934E+00	62	0.817	39	15.300	8.402E-01	9.218E-01	2.104E-01	1.663E-01	358	Agrobacterium tumefaciens
YP_010679883.1	11	YP_010679883.1	4y13-assembly1_A	5.857E+00	61	0.795	40	25.000	8.665E-01	9.313E-01	2.141E-01	1.596E-01	83334	Escherichia coli O157:H7
YP_010679883.1	12	YP_010679883.1	1h0m-assembly2_D	3.925E+00	61	0.795	41	17.000	8.021E-01	8.405E-01	2.071E-01	1.652E-01	358	Agrobacterium tumefaciens
YP_010679883.1	13	YP_010679883.1	3clo-assembly1_B	6.953E+00	59	0.747	40	20.000	8.753E-01	9.417E-01	2.146E-01	1.514E-01	226186	Bacteroides thetaiotaomicron VPI-5482
YP_010679883.1	14	YP_010679883.1	1h0m-assembly2_C	5.857E+00	59	0.747	39	15.300	8.392E-01	9.204E-01	2.104E-01	1.677E-01	358	Agrobacterium tumefaciens
YP_010679883.1	15	YP_010679883.1	1p4w-assembly1_A	5.224E+00	58	0.720	41	7.300	8.186E-01	8.661E-01	2.153E-01	4.334E-01	552	Erwinia amylovora
YP_010679883.1	16	YP_010679883.1	3clo-assembly2_C-2	6.953E+00	58	0.720	40	20.000	8.695E-01	9.371E-01	2.143E-01	1.518E-01	226186	Bacteroides thetaiotaomicron VPI-5482
YP_010679883.1	17	YP_010679883.1	5cy2-assembly2_F	7.795E+00	57	0.692	37	16.200	8.470E-01	9.885E-01	2.030E-01	2.041E-01	562	Escherichia coli
YP_010679883.1	18	YP_010679883.1	3ulq-assembly1_B	6.201E+00	56	0.663	41	12.100	8.157E-01	8.824E-01	2.096E-01	6.180E-01	1423	Bacillus subtilis
YP_010679883.1	19	YP_010679883.1	6pax-assembly1_A	5.619E-01	55	0.632	119	13.400	6.413E-01	4.015E-01	2.174E-01	2.933E-01	9606	Homo sapiens
YP_010679883.1	20	YP_010679883.1	7vim-assembly1_A	2.346E+00	54	0.601	76	17.100	6.544E-01	6.425E-01	2.199E-01	5.953E-01	1263550	Edwardsiella piscicida
YP_008433375.1	1	YP_008433375.1	6v40-assembly1_A	3.307E-10	468	1.000	182	37.300	7.468E-01	8.548E-01	7.260E-01	7.740E-01	90370	Salmonella enterica subsp. enterica serovar Typhi
YP_008433375.1	2	YP_008433375.1	6v3z-assembly1_B-2	2.741E-10	462	1.000	179	39.600	7.463E-01	8.217E-01	6.884E-01	7.887E-01	149539	Salmonella enterica subsp. enterica serovar Enteritidis
YP_008433375.1	3	YP_008433375.1	7dnp-assembly1_A	1.106E-06	284	1.000	190	27.300	5.912E-01	8.031E-01	6.192E-01	7.233E-01	262698	Brucella abortus bv. 1 str. 9-941
YP_008433375.1	4	YP_008433375.1	2ikb-assembly2_B	7.194E-05	228	1.000	191	27.700	6.115E-01	8.107E-01	6.108E-01	7.922E-01	122586	Neisseria meningitidis MC58
YP_008433375.1	5	YP_008433375.1	2ikb-assembly1_C	3.894E-04	196	1.000	194	26.800	5.955E-01	7.798E-01	6.070E-01	7.507E-01	122586	Neisseria meningitidis MC58
YP_008433375.1	6	YP_008433375.1	2is5-assembly1_A	2.116E-04	203	1.000	179	27.300	5.704E-01	8.030E-01	5.761E-01	7.233E-01	491	Neisseria meningitidis serogroup B
YP_008433375.1	7	YP_008433375.1	2ikb-assembly2_D	6.865E-05	218	1.000	179	28.400	5.740E-01	7.844E-01	5.747E-01	7.079E-01	122586	Neisseria meningitidis MC58
YP_008433375.1	8	YP_008433375.1	2ikb-assembly1_A	2.334E-05	232	1.000	179	28.400	5.716E-01	7.802E-01	5.736E-01	7.067E-01	122586	Neisseria meningitidis MC58
YP_008433375.1	9	YP_008433375.1	2is5-assembly1_D	1.047E-04	211	1.000	192	22.300	5.715E-01	7.853E-01	5.696E-01	7.712E-01	491	Neisseria meningitidis serogroup B
YP_008433375.1	10	YP_008433375.1	2is5-assembly1_B	1.047E-04	204	1.000	184	23.900	5.532E-01	7.558E-01	5.464E-01	7.288E-01	491	Neisseria meningitidis serogroup B
YP_008433375.1	11	YP_008433375.1	2is5-assembly1_C	1.824E-02	126	1.000	161	21.100	5.265E-01	7.147E-01	4.564E-01	6.718E-01	491	Neisseria meningitidis serogroup B
YP_008433375.1	12	YP_008433375.1	4noo-assembly2_C	2.633E+00	49	0.442	222	7.200	4.275E-01	5.622E-01	5.095E-01	5.244E-01	243277	Vibrio cholerae O1 biovar El Tor str. N16961
YP_008433375.1	13	YP_008433375.1	5f3q-assembly1_B	3.489E+00	35	0.138	181	12.100	4.064E-01	3.424E-01	2.953E-01	3.294E-01	5759	Entamoeba histolytica
YP_008433375.1	14	YP_008433375.1	7vvm-assembly1_R	1.500E+00	32	0.106	234	11.500	3.202E-01	2.696E-01	2.610E-01	1.839E-01	9606	Homo sapiens
YP_008433375.1	15	YP_008433375.1	3odu-assembly1_B	6.728E+00	28	0.076	234	11.900	3.741E-01	3.342E-01	3.048E-01	1.601E-01	9606	Homo sapiens
YP_008433375.1	16	YP_008433375.1	4z9g-assembly3_C	4.845E+00	28	0.076	241	16.100	3.400E-01	3.109E-01	2.965E-01	1.731E-01	9606	Homo sapiens
YP_008433375.1	17	YP_008433375.1	8oyy-assembly2_B	5.078E+00	28	0.076	226	11.000	3.690E-01	2.951E-01	2.847E-01	2.619E-01	32630	synthetic construct
YP_008433375.1	18	YP_008433375.1	9jr2-assembly1_R	3.489E+00	28	0.076	228	9.600	3.354E-01	2.783E-01	2.597E-01	1.794E-01	9606	Homo sapiens
YP_008433375.1	19	YP_008433375.1	7vvl-assembly1_R	5.577E+00	25	0.057	231	10.300	3.419E-01	2.785E-01	2.725E-01	1.926E-01	9606	Homo sapiens
YP_008433375.1	20	YP_008433375.1	7vvk-assembly1_R	6.728E+00	25	0.057	194	12.300	3.474E-01	3.037E-01	2.584E-01	1.846E-01	9606	Homo sapiens
YP_009666899.1	1	YP_009666899.1	6z1p-assembly1_BS	2.548E+00	23	0.045	156	8.300	3.503E-01	2.165E-01	1.451E-01	9.364E-02	312017	Tetrahymena thermophila SB210
YP_009337337.1	1	YP_009337337.1	2izw-assembly1_B	1.208E-12	475	1.000	170	21.100	7.379E-01	8.991E-01	7.076E-01	8.044E-01	119910	Ryegrass mottle virus
YP_009337337.1	2	YP_009337337.1	4sbv-assembly1_B-31	1.874E-10	380	1.000	195	16.400	6.833E-01	8.665E-01	7.016E-01	7.213E-01	12139	Southern bean mosaic virus
YP_009337337.1	3	YP_009337337.1	2zzq-assembly1_A	1.199E-07	283	1.000	186	14.500	6.478E-01	8.574E-01	6.962E-01	3.126E-01	31769	Hepatitis E virus (strain Myanmar)
YP_009337337.1	4	YP_009337337.1	2izw-assembly1_C	4.707E-12	445	1.000	169	20.700	7.170E-01	8.841E-01	6.936E-01	6.842E-01	119910	Ryegrass mottle virus
YP_009337337.1	5	YP_009337337.1	1x33-assembly1_C	1.581E-10	387	1.000	196	14.200	7.012E-01	8.628E-01	6.935E-01	6.356E-01	12558	Sesbania mosaic virus
YP_009337337.1	6	YP_009337337.1	4y5z-assembly1_1	1.005E-10	393	1.000	192	14.000	6.943E-01	8.714E-01	6.920E-01	7.357E-01	93061	Staphylococcus aureus subsp. aureus NCTC 8325
YP_009337337.1	7	YP_009337337.1	2ztn-assembly1_A	2.453E-08	302	1.000	185	15.100	6.382E-01	8.565E-01	6.915E-01	3.172E-01	12461	Paslahepevirus balayani
YP_009337337.1	8	YP_009337337.1	3hag-assembly1_A	1.269E-07	283	1.000	184	14.100	6.493E-01	8.560E-01	6.899E-01	3.185E-01	12461	Paslahepevirus balayani
YP_009337337.1	9	YP_009337337.1	2vq0-assembly1_C	1.494E-10	383	1.000	197	14.200	6.895E-01	8.579E-01	6.894E-01	6.652E-01	12558	Sesbania mosaic virus
YP_009337337.1	10	YP_009337337.1	1x35-assembly1_C	1.983E-10	378	1.000	196	14.200	6.884E-01	8.524E-01	6.862E-01	6.289E-01	12558	Sesbania mosaic virus
YP_009337337.1	11	YP_009337337.1	6lb0-assembly1_A	6.075E-08	284	1.000	185	15.600	6.169E-01	8.467E-01	6.847E-01	4.489E-01	12461	Paslahepevirus balayani
YP_009337337.1	12	YP_009337337.1	6lat-assembly1_A	7.201E-08	282	1.000	185	15.600	6.196E-01	8.454E-01	6.836E-01	3.239E-01	12461	Paslahepevirus balayani
YP_009337337.1	13	YP_009337337.1	2wlp-assembly1_A	5.089E-11	396	1.000	191	14.100	6.875E-01	8.515E-01	6.766E-01	7.372E-01	12558	Sesbania mosaic virus
YP_009337337.1	14	YP_009337337.1	6mrl-assembly1_A	6.804E-08	293	1.000	178	17.400	6.656E-01	8.460E-01	6.751E-01	4.784E-01	165432	Cucumber leaf spot virus
YP_009337337.1	15	YP_009337337.1	1smv-assembly1_C	1.086E-09	346	1.000	196	14.700	6.694E-01	8.341E-01	6.710E-01	6.231E-01	12558	Sesbania mosaic virus
YP_009337337.1	16	YP_009337337.1	4sbv-assembly1_C	1.287E-09	338	1.000	194	16.400	6.478E-01	8.321E-01	6.696E-01	6.223E-01	12139	Southern bean mosaic virus
YP_009337337.1	17	YP_009337337.1	2wlp-assembly2_B	4.385E-10	360	1.000	194	14.400	6.712E-01	8.390E-01	6.669E-01	7.123E-01	12558	Sesbania mosaic virus
YP_009337337.1	18	YP_009337337.1	1c8n-assembly1_A	2.318E-08	306	1.000	191	15.100	6.721E-01	8.316E-01	6.642E-01	7.167E-01	12054	unidentified tobacco necrosis virus
YP_009337337.1	19	YP_009337337.1	6jjc-assembly1_C	3.571E-09	295	1.000	218	16.900	6.278E-01	7.110E-01	6.642E-01	6.341E-01	222557	Macrobrachium rosenbergii nodavirus
YP_009337337.1	20	YP_009337337.1	1smv-assembly1_A	6.901E-10	349	1.000	194	13.900	6.576E-01	8.336E-01	6.627E-01	6.910E-01	12558	Sesbania mosaic virus
YP_007010922.1	1	YP_007010922.1	4zc3-assembly1_A	1.269E-01	106	1.000	57	36.800	6.989E-01	8.565E-01	1.718E-01	8.160E-01	10773	Bacillus phage SF6
YP_007010922.1	2	YP_007010922.1	2cmp-assembly1_A	1.985E-01	97	0.999	54	33.300	6.753E-01	8.327E-01	1.624E-01	7.796E-01	10773	Bacillus phage SF6
YP_007010922.1	3	YP_007010922.1	7joq-assembly1_H	2.220E-01	68	0.912	81	25.900	4.773E-01	6.070E-01	1.944E-01	4.639E-01	2079543	Pseudomonas phage NV1
YP_007010922.1	4	YP_007010922.1	7joq-assembly5_l	4.344E-01	67	0.900	82	28.000	5.307E-01	6.437E-01	2.024E-01	4.894E-01	2079543	Pseudomonas phage NV1
YP_007010922.1	5	YP_007010922.1	1i1g-assembly1_A	2.080E+00	66	0.887	51	29.400	7.112E-01	7.979E-01	1.507E-01	3.054E-01	2261	Pyrococcus furiosus
YP_007010922.1	6	YP_007010922.1	7egc-assembly1_R	1.967E+00	63	0.837	47	27.600	6.754E-01	7.527E-01	1.342E-01	1.590E-01	9606	Homo sapiens
YP_007010922.1	7	YP_007010922.1	7ena-assembly1_BA	1.759E+00	63	0.837	48	29.100	6.553E-01	7.350E-01	1.327E-01	1.544E-01	9606	Homo sapiens
YP_007010922.1	8	YP_007010922.1	4dnc-assembly3_B	2.602E+00	63	0.837	37	13.500	6.613E-01	8.597E-01	1.208E-01	1.345E-01	9606	Homo sapiens
YP_007010922.1	9	YP_007010922.1	5iya-assembly1_M	2.326E+00	60	0.772	47	27.600	6.601E-01	7.397E-01	1.333E-01	1.520E-01	9606	Homo sapiens
YP_007010922.1	10	YP_007010922.1	3p7n-assembly2_B	9.505E-01	59	0.747	55	23.600	5.687E-01	5.924E-01	1.258E-01	1.857E-01	314225	Erythrobacter litoralis HTCC2594
YP_007010922.1	11	YP_007010922.1	7ega-assembly1_R	2.910E+00	57	0.692	47	27.600	6.601E-01	7.394E-01	1.333E-01	1.571E-01	9606	Homo sapiens
YP_007010922.1	12	YP_007010922.1	6jqs-assembly1_A	3.254E+00	57	0.692	45	26.600	6.664E-01	7.668E-01	1.263E-01	5.042E-01	1231057	Paenisporosarcina sp. TG-14
YP_007010922.1	13	YP_007010922.1	7fby-assembly1_A	3.442E+00	53	0.569	53	20.700	6.596E-01	6.836E-01	1.452E-01	2.685E-01	70601	Pyrococcus horikoshii OT3
YP_007010922.1	14	YP_007010922.1	3iwf-assembly3_B	2.752E+00	53	0.569	58	13.700	6.051E-01	6.758E-01	1.422E-01	4.089E-01	176280	Staphylococcus epidermidis ATCC 12228
YP_007010922.1	15	YP_007010922.1	4a12-assembly1_B	2.602E+00	53	0.569	56	14.200	6.321E-01	6.327E-01	1.388E-01	2.091E-01	1280	Staphylococcus aureus
YP_007010922.1	16	YP_007010922.1	2dbb-assembly1_B	4.070E+00	52	0.537	48	12.500	6.420E-01	7.478E-01	1.325E-01	2.558E-01	70601	Pyrococcus horikoshii OT3
YP_007010922.1	17	YP_007010922.1	1ku7-assembly1_A	2.460E+00	52	0.537	50	28.000	6.140E-01	6.196E-01	1.277E-01	4.340E-01	271	Thermus aquaticus
YP_007010922.1	18	YP_007010922.1	2ao9-assembly1_F	4.305E+00	51	0.505	50	16.000	6.533E-01	7.279E-01	1.426E-01	3.539E-01	226900	Bacillus cereus ATCC 14579
YP_007010922.1	19	YP_007010922.1	7r3e-assembly1_B	2.602E+00	51	0.505	50	18.000	5.886E-01	6.315E-01	1.248E-01	7.251E-02	208964	Pseudomonas aeruginosa PAO1
YP_007010922.1	20	YP_007010922.1	4hob-assembly1_A	4.305E+00	50	0.473	48	12.500	6.418E-01	6.947E-01	1.411E-01	5.600E-01	180230	Cyprinid herpesvirus 3
YP_007675790.1	1	YP_007675790.1	7m4z-assembly1_n	5.600E+00	67	0.900	32	18.700	8.182E-01	9.537E-01	1.374E-01	3.108E-01	480119	Acinetobacter baumannii AB0057
YP_007675790.1	2	YP_007675790.1	7nww-assembly1_r	6.541E+00	58	0.720	37	27.000	7.686E-01	8.388E-01	1.514E-01	3.319E-01	562	Escherichia coli
YP_007675790.1	3	YP_007675790.1	8g7s-assembly1_n	5.600E+00	57	0.692	37	27.000	7.056E-01	8.010E-01	1.500E-01	3.265E-01	562	Escherichia coli
YP_007675790.1	4	YP_007675790.1	5mdy-assembly1_s	7.255E+00	56	0.663	37	27.000	7.571E-01	8.473E-01	1.514E-01	3.327E-01	83333	Escherichia coli K-12
YP_007675790.1	5	YP_007675790.1	7ac7-assembly1_s	8.046E+00	53	0.569	37	27.000	7.324E-01	8.259E-01	1.514E-01	3.315E-01	83333	Escherichia coli K-12
YP_007675790.1	6	YP_007675790.1	5h1n-assembly1_B	3.169E+00	50	0.473	83	20.400	6.125E-01	5.408E-01	1.628E-01	5.114E-01	623	Shigella flexneri
YP_007675790.1	7	YP_007675790.1	8rdv-assembly1_HK	5.050E+00	49	0.442	47	14.800	6.270E-01	6.500E-01	1.165E-01	2.578E-01	45610	Psychrobacter urativorans
YP_007675790.1	8	YP_007675790.1	7uxe-assembly1_A	1.015E+00	42	0.254	115	18.200	4.747E-01	3.133E-01	1.502E-01	2.701E-01	2034346	Pseudomonas phage vB_PaeM_E217
YP_007675790.1	9	YP_007675790.1	8rdw-assembly1_HK	8.923E+00	41	0.233	47	14.800	6.092E-01	6.418E-01	1.147E-01	2.566E-01	45610	Psychrobacter urativorans
YP_007675790.1	10	YP_007675790.1	6s2v-assembly3_C	2.095E+00	34	0.126	222	11.200	4.797E-01	2.688E-01	2.340E-01	1.762E-01	274	Thermus thermophilus
YP_007675790.1	11	YP_007675790.1	6m7f-assembly2_C	1.248E+00	31	0.098	204	10.200	3.873E-01	2.362E-01	1.832E-01	1.595E-01	443255	Streptomyces clavuligerus
YP_007675790.1	12	YP_007675790.1	8vej-assembly1_A	5.898E+00	30	0.090	185	10.200	5.125E-01	3.171E-01	2.486E-01	2.402E-01	32630	synthetic construct
YP_007675790.1	13	YP_007675790.1	3mno-assembly1_A	3.702E+00	29	0.082	150	9.300	4.764E-01	2.552E-01	1.603E-01	1.460E-01	10090	Mus musculus
YP_007675790.1	14	YP_007675790.1	3djb-assembly1_B	5.898E+00	28	0.076	193	10.800	4.202E-01	3.511E-01	2.828E-01	3.233E-01	180856	[Bacillus thuringiensis] serovar konkukian
YP_007675790.1	15	YP_007675790.1	4mc0-assembly1_A	2.206E+00	28	0.076	190	12.600	3.999E-01	2.233E-01	1.739E-01	1.510E-01	452652	Kitasatospora setae KM-6054
YP_007675790.1	16	YP_007675790.1	8p6v-assembly1_I	6.541E+00	26	0.063	229	8.700	4.515E-01	2.843E-01	2.523E-01	2.165E-01	9606	Homo sapiens
YP_007675790.1	17	YP_007675790.1	4mc0-assembly2_B	2.858E+00	26	0.063	190	12.600	4.009E-01	2.170E-01	1.720E-01	1.483E-01	452652	Kitasatospora setae KM-6054
YP_007675790.1	18	YP_007675790.1	3dd7-assembly1_A	8.046E+00	25	0.057	128	12.500	3.869E-01	3.393E-01	2.101E-01	3.193E-01	10678	Punavirus P1
YP_007675790.1	19	YP_007675790.1	6m7f-assembly1_A	3.009E+00	25	0.057	208	11.000	3.667E-01	2.356E-01	1.813E-01	1.506E-01	443255	Streptomyces clavuligerus
YP_007675790.1	20	YP_007675790.1	3caz-assembly1_A	1.617E+00	25	0.057	189	11.600	3.425E-01	1.868E-01	1.447E-01	1.579E-01	130081	Galdieria sulphuraria
YP_010840271.1	1	YP_010840271.1	1hyw-assembly1_A	2.386E+00	53	0.569	48	14.500	5.839E-01	5.533E-01	1.602E-01	4.847E-01	10710	Lambdavirus lambda
YP_010840271.1	2	YP_010840271.1	2l6q-assembly1_A	5.121E+00	52	0.537	42	14.200	6.045E-01	7.432E-01	1.599E-01	5.318E-01	10710	Lambdavirus lambda
YP_010840271.1	3	YP_010840271.1	2zdi-assembly1_B-2	1.169E+00	51	0.505	109	12.800	4.909E-01	4.560E-01	2.303E-01	4.460E-01	53953	Pyrococcus horikoshii
YP_010840271.1	4	YP_010840271.1	2l6r-assembly1_A	4.867E+00	51	0.505	44	13.600	5.951E-01	6.870E-01	1.628E-01	5.177E-01	10710	Lambdavirus lambda
YP_010840271.1	5	YP_010840271.1	4l80-assembly1_E	1.295E+00	46	0.353	77	20.700	4.437E-01	4.317E-01	1.559E-01	1.170E-01	1108	Chloroflexus aurantiacus
YP_010840271.1	6	YP_010840271.1	4l80-assembly1_A	1.946E+00	42	0.254	60	21.600	4.530E-01	4.139E-01	1.375E-01	1.028E-01	1108	Chloroflexus aurantiacus
YP_010840271.1	7	YP_010840271.1	6kin-assembly1_B	2.267E+00	40	0.214	77	20.700	4.307E-01	4.155E-01	1.580E-01	1.184E-01	383372	Roseiflexus castenholzii DSM 13941
YP_010840271.1	8	YP_010840271.1	2zqm-assembly1_A	3.238E+00	39	0.196	108	13.800	4.847E-01	4.251E-01	2.208E-01	3.949E-01	79679	Thermococcus sp. JCM 11816
YP_010840271.1	9	YP_010840271.1	6arl-assembly1_C	5.967E+00	39	0.196	47	12.700	4.411E-01	6.080E-01	1.058E-01	6.393E-02	330879	Aspergillus fumigatus Af293
YP_010840271.1	10	YP_010840271.1	1fxk-assembly1_C-2	5.121E+00	37	0.164	122	18.000	4.761E-01	4.844E-01	2.315E-01	3.782E-01	145262	Methanothermobacter thermautotrophicus
YP_010840271.1	11	YP_010840271.1	6kin-assembly1_E	3.407E+00	37	0.164	77	22.000	4.301E-01	4.364E-01	1.629E-01	1.209E-01	383372	Roseiflexus castenholzii DSM 13941
YP_010840271.1	12	YP_010840271.1	6kin-assembly1_F	3.585E+00	37	0.164	80	20.000	4.359E-01	4.247E-01	1.514E-01	1.147E-01	383372	Roseiflexus castenholzii DSM 13941
YP_010840271.1	13	YP_010840271.1	8gqk-assembly1_A	3.407E+00	37	0.164	73	10.900	4.224E-01	4.445E-01	1.207E-01	7.833E-02	208964	Pseudomonas aeruginosa PAO1
YP_010840271.1	14	YP_010840271.1	1m3k-assembly1_A	5.121E+00	37	0.164	53	16.900	4.195E-01	5.231E-01	1.144E-01	7.190E-02	350	Zoogloea ramigera
YP_010840271.1	15	YP_010840271.1	2wl5-assembly1_A	4.625E+00	37	0.164	53	16.900	4.197E-01	5.181E-01	1.142E-01	7.191E-02	350	Zoogloea ramigera
YP_010840271.1	16	YP_010840271.1	7ldt-assembly1_D	5.389E+00	36	0.150	53	16.900	4.156E-01	5.153E-01	1.142E-01	7.245E-02	350	Zoogloea ramigera
YP_010840271.1	17	YP_010840271.1	4n45-assembly1_A	5.389E+00	36	0.150	53	15.000	4.141E-01	5.185E-01	1.137E-01	7.104E-02	863638	Clostridium acetobutylicum EA 2018
YP_010840271.1	18	YP_010840271.1	6nr8-assembly1_1	4.867E+00	35	0.138	108	12.000	4.587E-01	4.260E-01	2.178E-01	4.037E-01	9606	Homo sapiens
YP_010840271.1	19	YP_010840271.1	7ldv-assembly1_C	6.278E+00	35	0.138	53	16.900	4.250E-01	5.289E-01	1.151E-01	7.234E-02	350	Zoogloea ramigera
YP_010840271.1	20	YP_010840271.1	7lca-assembly1_D	5.967E+00	35	0.138	53	16.900	4.204E-01	5.185E-01	1.146E-01	7.259E-02	350	Zoogloea ramigera
YP_003347329.1	1	YP_003347329.1	4tql-assembly2_B	4.467E-03	61	0.795	246	13.000	3.497E-01	2.218E-01	1.686E-01	2.103E-01	32630	synthetic construct
YP_003347329.1	2	YP_003347329.1	4tql-assembly1_A	8.541E-03	57	0.692	245	11.000	3.488E-01	2.196E-01	1.659E-01	2.120E-01	32630	synthetic construct
YP_003347329.1	3	YP_003347329.1	7tvb-assembly1_A	6.935E-02	50	0.473	279	15.000	3.448E-01	2.652E-01	2.164E-01	1.298E-01	9606	Homo sapiens
YP_003347329.1	4	YP_003347329.1	6mbz-assembly2_B	8.391E-01	47	0.382	214	12.600	3.948E-01	4.095E-01	2.672E-01	1.702E-01	9606	Homo sapiens
YP_003347329.1	5	YP_003347329.1	4uos-assembly1_A	3.095E-01	47	0.382	226	8.400	3.597E-01	3.288E-01	2.280E-01	3.217E-01	32630	synthetic construct
YP_003347329.1	6	YP_003347329.1	5sv0-assembly1_B	6.598E-02	47	0.382	252	13.000	3.277E-01	2.458E-01	1.942E-01	2.376E-01	536056	Escherichia coli DH1
YP_003347329.1	7	YP_003347329.1	2j69-assembly2_B	4.175E-01	45	0.326	276	10.100	3.689E-01	3.274E-01	2.935E-01	1.655E-01	272131	Nostoc punctiforme
YP_003347329.1	8	YP_003347329.1	2wcd-assembly1_A	5.142E-02	45	0.326	248	14.100	3.194E-01	2.127E-01	1.607E-01	1.679E-01	83333	Escherichia coli K-12
YP_003347329.1	9	YP_003347329.1	8gl3-assembly1_A	2.536E-01	44	0.301	238	13.400	3.806E-01	2.654E-01	1.812E-01	2.609E-01	32630	synthetic construct
YP_003347329.1	10	YP_003347329.1	7sqc-assembly1_1K	2.295E-01	43	0.277	251	13.500	3.422E-01	2.656E-01	2.119E-01	1.886E-01	3055	Chlamydomonas reinhardtii
YP_003347329.1	11	YP_003347329.1	7sqc-assembly1_1Y	2.412E-01	42	0.254	253	10.200	3.387E-01	2.699E-01	2.016E-01	2.262E-01	3055	Chlamydomonas reinhardtii
YP_003347329.1	12	YP_003347329.1	2j68-assembly1_A	2.945E-01	40	0.214	297	11.700	2.996E-01	2.847E-01	2.313E-01	1.182E-01	272131	Nostoc punctiforme
YP_003347329.1	13	YP_003347329.1	7sqc-assembly1_1W	3.972E-01	40	0.214	250	11.200	3.332E-01	2.881E-01	2.191E-01	2.428E-01	3055	Chlamydomonas reinhardtii
YP_003347329.1	14	YP_003347329.1	7n6g-assembly1_3U	4.175E-01	40	0.214	248	13.700	3.738E-01	2.598E-01	2.137E-01	1.854E-01	3055	Chlamydomonas reinhardtii
YP_003347329.1	15	YP_003347329.1	7sqc-assembly1_1F	8.821E-01	39	0.196	247	12.900	3.688E-01	3.144E-01	2.442E-01	3.109E-01	3055	Chlamydomonas reinhardtii
YP_003347329.1	16	YP_003347329.1	6mrt-assembly1_A	5.681E-02	39	0.196	251	11.100	2.996E-01	1.774E-01	1.445E-01	1.492E-01	83333	Escherichia coli K-12
YP_003347329.1	17	YP_003347329.1	4phq-assembly2_B	2.412E-01	38	0.179	286	12.900	3.047E-01	2.452E-01	2.068E-01	2.193E-01	83333	Escherichia coli K-12
YP_003347329.1	18	YP_003347329.1	1few-assembly1_A	1.190E+00	37	0.164	214	12.600	3.539E-01	3.209E-01	1.946E-01	2.920E-01	9606	Homo sapiens
YP_003347329.1	19	YP_003347329.1	4tx5-assembly1_B	1.190E+00	37	0.164	218	11.400	3.400E-01	3.371E-01	1.830E-01	3.025E-01	9606	Homo sapiens
YP_003347329.1	20	YP_003347329.1	1y1u-assembly2_C-2	4.613E-01	37	0.164	227	15.800	3.362E-01	2.493E-01	1.706E-01	1.092E-01	10090	Mus musculus
YP_007678074.1	1	YP_007678074.1	3zqq-assembly1_C	9.259E-06	149	1.000	159	24.500	5.746E-01	4.281E-01	1.870E-01	3.654E-01	10773	Bacillus phage SF6
YP_007678074.1	2	YP_007678074.1	3zqq-assembly1_A	1.219E-04	131	1.000	158	24.600	5.875E-01	4.487E-01	1.761E-01	3.808E-01	10773	Bacillus phage SF6
YP_007678074.1	3	YP_007678074.1	4zc3-assembly1_A	2.660E-02	136	1.000	56	42.800	7.801E-01	9.099E-01	1.727E-01	8.504E-01	10773	Bacillus phage SF6
YP_007678074.1	4	YP_007678074.1	2cmp-assembly1_A	1.781E-02	139	1.000	55	43.600	7.638E-01	8.971E-01	1.677E-01	8.374E-01	10773	Bacillus phage SF6
YP_007678074.1	5	YP_007678074.1	7joq-assembly1_H	1.114E-01	77	0.975	80	20.000	5.319E-01	6.021E-01	1.856E-01	4.448E-01	2079543	Pseudomonas phage NV1
YP_007678074.1	6	YP_007678074.1	7fby-assembly1_A	2.756E+00	65	0.872	45	28.800	7.731E-01	8.409E-01	1.346E-01	2.584E-01	70601	Pyrococcus horikoshii OT3
YP_007678074.1	7	YP_007678074.1	7joq-assembly1_C	2.950E-01	64	0.855	82	21.900	5.038E-01	5.783E-01	1.898E-01	4.380E-01	2079543	Pseudomonas phage NV1
YP_007678074.1	8	YP_007678074.1	7joq-assembly9_kk	3.124E-01	62	0.817	82	21.900	4.905E-01	5.608E-01	1.880E-01	4.300E-01	2079543	Pseudomonas phage NV1
YP_007678074.1	9	YP_007678074.1	2ia0-assembly1_A	3.669E+00	62	0.817	42	26.100	7.477E-01	8.962E-01	1.324E-01	2.514E-01	2261	Pyrococcus furiosus
YP_007678074.1	10	YP_007678074.1	7joq-assembly3_X	8.274E-01	60	0.772	71	25.300	5.336E-01	6.620E-01	1.878E-01	4.656E-01	2079543	Pseudomonas phage NV1
YP_007678074.1	11	YP_007678074.1	7joq-assembly1_D	5.232E-01	59	0.747	80	21.200	4.887E-01	6.056E-01	1.767E-01	4.280E-01	2079543	Pseudomonas phage NV1
YP_007678074.1	12	YP_007678074.1	7joq-assembly5_l	9.826E-01	57	0.692	73	24.600	5.358E-01	6.242E-01	1.830E-01	4.405E-01	2079543	Pseudomonas phage NV1
YP_007678074.1	13	YP_007678074.1	6w7t-assembly1_B	8.762E-01	55	0.632	82	19.500	5.080E-01	5.876E-01	1.891E-01	4.309E-01	188350	Bruynoghevirus PaP3
YP_007678074.1	14	YP_007678074.1	2wte-assembly1_B	2.069E+00	55	0.632	72	20.800	6.798E-01	6.134E-01	1.401E-01	1.956E-01	273057	Saccharolobus solfataricus P2
YP_007678074.1	15	YP_007678074.1	4dnc-assembly3_B	4.615E+00	54	0.601	38	10.500	6.711E-01	8.588E-01	1.228E-01	1.375E-01	9606	Homo sapiens
YP_007678074.1	16	YP_007678074.1	2cfx-assembly1_C	1.554E+00	54	0.601	67	13.400	6.241E-01	5.853E-01	1.186E-01	2.481E-01	1423	Bacillus subtilis
YP_007678074.1	17	YP_007678074.1	6eo3-assembly1_A	3.886E+00	53	0.569	43	30.200	6.770E-01	7.427E-01	1.212E-01	1.750E-01	90371	Salmonella enterica subsp. enterica serovar Typhimurium
YP_007678074.1	18	YP_007678074.1	6eo3-assembly1_B	3.090E+00	53	0.569	44	29.500	6.502E-01	7.167E-01	1.204E-01	1.789E-01	90371	Salmonella enterica subsp. enterica serovar Typhimurium
YP_007678074.1	19	YP_007678074.1	6wxq-assembly1_B	4.358E+00	52	0.537	47	25.500	6.954E-01	7.336E-01	1.348E-01	1.872E-01	2287	Saccharolobus solfataricus
YP_007678074.1	20	YP_007678074.1	5ffx-assembly2_D	4.358E+00	52	0.537	42	14.200	6.699E-01	7.639E-01	1.277E-01	2.672E-01	1280	Staphylococcus aureus
YP_009336785.1	1	YP_009336785.1	6mrl-assembly1_D	6.827E-14	355	1.000	387	19.600	5.316E-01	5.738E-01	3.952E-01	5.334E-01	165432	Cucumber leaf spot virus
YP_009336785.1	2	YP_009336785.1	4llf-assembly1_D	7.703E-15	410	1.000	353	20.600	5.891E-01	6.145E-01	3.880E-01	5.350E-01	12143	Cucumber necrosis virus
YP_009336785.1	3	YP_009336785.1	2tbv-assembly1_C	2.450E-12	332	1.000	378	18.500	5.645E-01	5.858E-01	3.806E-01	5.215E-01	12145	Tomato bushy stunt virus
YP_009336785.1	4	YP_009336785.1	2zah-assembly1_C	1.274E-14	433	1.000	286	23.400	6.033E-01	6.875E-01	3.802E-01	5.132E-01	11987	Melon necrotic spot virus
YP_009336785.1	5	YP_009336785.1	2vq0-assembly1_C	4.325E-13	487	1.000	208	21.600	7.184E-01	8.897E-01	3.705E-01	7.664E-01	12558	Sesbania mosaic virus
YP_009336785.1	6	YP_009336785.1	2izw-assembly1_C	3.065E-12	452	1.000	187	18.100	6.967E-01	8.871E-01	3.684E-01	7.748E-01	119910	Ryegrass mottle virus
YP_009336785.1	7	YP_009336785.1	4v99-assembly1_AM	4.837E-13	482	1.000	199	22.600	7.179E-01	8.762E-01	3.661E-01	7.415E-01	652599	Panicum mosaic virus strain Kansas 109S
YP_009336785.1	8	YP_009336785.1	1x35-assembly1_C	2.472E-13	499	1.000	206	22.300	7.269E-01	8.916E-01	3.642E-01	7.169E-01	12558	Sesbania mosaic virus
YP_009336785.1	9	YP_009336785.1	1x33-assembly1_C	8.539E-14	511	1.000	206	22.300	7.208E-01	8.883E-01	3.636E-01	7.148E-01	12558	Sesbania mosaic virus
YP_009336785.1	10	YP_009336785.1	2zzq-assembly1_A	3.156E-09	255	1.000	274	16.700	5.192E-01	6.177E-01	3.624E-01	3.420E-01	31769	Hepatitis E virus (strain Myanmar)
YP_009336785.1	11	YP_009336785.1	1smv-assembly1_C	1.580E-13	502	1.000	206	22.800	7.227E-01	8.849E-01	3.620E-01	7.211E-01	12558	Sesbania mosaic virus
YP_009336785.1	12	YP_009336785.1	4llf-assembly1_B	1.686E-14	386	1.000	333	21.600	5.603E-01	5.978E-01	3.590E-01	5.452E-01	12143	Cucumber necrosis virus
YP_009336785.1	13	YP_009336785.1	1c8n-assembly1_C	1.976E-13	500	1.000	199	20.600	7.313E-01	8.802E-01	3.588E-01	7.231E-01	12054	unidentified tobacco necrosis virus
YP_009336785.1	14	YP_009336785.1	4sbv-assembly1_C	9.466E-13	461	1.000	212	21.600	7.004E-01	8.570E-01	3.586E-01	7.108E-01	12139	Southern bean mosaic virus
YP_009336785.1	15	YP_009336785.1	2tbv-assembly1_A	1.001E-12	342	1.000	364	17.800	5.679E-01	5.826E-01	3.583E-01	5.554E-01	12145	Tomato bushy stunt virus
YP_009336785.1	16	YP_009336785.1	6mrm-assembly1_A	7.156E-13	338	1.000	341	17.000	5.425E-01	5.851E-01	3.562E-01	5.410E-01	12267	Red clover necrotic mosaic virus
YP_009336785.1	17	YP_009336785.1	2izw-assembly1_B	6.342E-12	439	1.000	178	18.500	6.860E-01	8.934E-01	3.538E-01	8.606E-01	119910	Ryegrass mottle virus
YP_009336785.1	18	YP_009336785.1	6mrm-assembly1_C	2.172E-11	297	1.000	333	17.100	5.308E-01	5.736E-01	3.525E-01	4.946E-01	12267	Red clover necrotic mosaic virus
YP_009336785.1	19	YP_009336785.1	1opo-assembly1_C	1.372E-16	450	1.000	326	18.000	5.783E-01	6.185E-01	3.513E-01	5.764E-01	11986	Carnation mottle virus
YP_009336785.1	20	YP_009336785.1	6mrl-assembly1_A	3.458E-13	388	1.000	263	24.700	5.872E-01	6.817E-01	3.507E-01	5.266E-01	165432	Cucumber leaf spot virus
NP_570774.1	1	NP_570774.1	6m5v-assembly1_A	1.741E-09	257	1.000	297	26.200	5.625E-01	5.710E-01	4.930E-01	2.948E-01	10299	Human alphaherpesvirus 1 strain 17
NP_570774.1	2	NP_570774.1	6m5r-assembly1_A	2.064E-09	247	1.000	297	27.200	5.350E-01	5.596E-01	4.834E-01	2.656E-01	10299	Human alphaherpesvirus 1 strain 17
NP_570774.1	3	NP_570774.1	4znj-assembly1_A	9.333E-03	103	1.000	123	15.400	4.517E-01	7.104E-01	2.276E-01	2.907E-01	466052	Oshimavirus P7426
NP_570774.1	4	NP_570774.1	4zni-assembly1_A	1.107E-02	99	0.999	123	13.800	4.503E-01	6.873E-01	2.182E-01	2.784E-01	466052	Oshimavirus P7426
NP_570774.1	5	NP_570774.1	6z6d-assembly1_A	3.074E-02	91	0.997	175	14.200	4.871E-01	6.567E-01	2.999E-01	2.148E-01	37554	Byrnievirus HK97
NP_570774.1	6	NP_570774.1	2o0k-assembly1_A	1.344E-01	81	0.986	100	17.000	4.913E-01	7.418E-01	2.377E-01	2.191E-01	10665	Tequatrovirus T4
NP_570774.1	7	NP_570774.1	3cpe-assembly1_A	3.334E-01	77	0.975	83	18.000	5.232E-01	8.008E-01	2.096E-01	1.265E-01	10665	Tequatrovirus T4
NP_570774.1	8	NP_570774.1	3ezk-assembly1_A	3.334E-01	75	0.967	91	17.500	5.165E-01	7.787E-01	2.253E-01	1.367E-01	10665	Tequatrovirus T4
NP_570774.1	9	NP_570774.1	5oee-assembly6_F	6.587E-01	58	0.720	80	10.000	4.477E-01	6.661E-01	1.975E-01	1.660E-01	702552	Deep-sea thermophilic phage D6E
NP_570774.1	10	NP_570774.1	4nb1-assembly1_B	7.379E-01	49	0.442	63	12.600	3.758E-01	5.880E-01	1.347E-01	3.100E-01	158879	Staphylococcus aureus subsp. aureus N315
NP_570774.1	11	NP_570774.1	5oe8-assembly2_B	1.302E+00	47	0.382	91	13.100	4.288E-01	5.932E-01	2.043E-01	1.692E-01	749413	Deep-sea thermophilic phage D6E
NP_570774.1	12	NP_570774.1	5vb0-assembly2_C	5.556E-01	47	0.382	68	13.200	3.473E-01	5.337E-01	1.404E-01	2.774E-01	562	Escherichia coli
NP_570774.1	13	NP_570774.1	4bij-assembly1_A	2.722E+00	46	0.353	104	12.500	4.640E-01	7.028E-01	2.419E-01	1.717E-01	10760	Escherichia phage T7
NP_570774.1	14	NP_570774.1	4bil-assembly1_A	2.722E+00	46	0.353	104	12.500	4.640E-01	7.028E-01	2.419E-01	1.711E-01	10760	Escherichia phage T7
NP_570774.1	15	NP_570774.1	4nb0-assembly1_B	8.266E-01	46	0.353	72	12.500	3.723E-01	5.531E-01	1.482E-01	3.344E-01	158879	Staphylococcus aureus subsp. aureus N315
NP_570774.1	16	NP_570774.1	3dms-assembly1_A	1.162E+00	45	0.326	115	11.300	3.981E-01	5.425E-01	2.244E-01	1.837E-01	28450	Burkholderia pseudomallei
NP_570774.1	17	NP_570774.1	1gro-assembly1_A-2	8.749E-01	45	0.326	124	10.400	3.763E-01	5.309E-01	2.230E-01	1.821E-01	562	Escherichia coli
NP_570774.1	18	NP_570774.1	3rhe-assembly1_A	1.378E+00	43	0.277	55	12.700	3.493E-01	6.099E-01	1.236E-01	3.113E-01	272624	Legionella pneumophila subsp. pneumophila str. Philadelphia 1
NP_570774.1	19	NP_570774.1	1xqa-assembly1_A	3.952E-01	43	0.277	58	15.500	3.301E-01	4.275E-01	1.085E-01	2.435E-01	226900	Bacillus cereus ATCC 14579
NP_570774.1	20	NP_570774.1	4nb2-assembly1_B	1.162E+00	42	0.254	62	11.200	3.444E-01	5.568E-01	1.302E-01	2.966E-01	158879	Staphylococcus aureus subsp. aureus N315
YP_010839920.1	1	YP_010839920.1	8e12-assembly1_B	2.312E-01	61	0.795	203	10.300	5.024E-01	3.874E-01	2.674E-01	3.623E-01	32630	synthetic construct
YP_010839920.1	2	YP_010839920.1	8e12-assembly1_A	7.838E-01	50	0.473	202	10.800	4.942E-01	3.863E-01	2.705E-01	3.646E-01	32630	synthetic construct
YP_010839920.1	3	YP_010839920.1	3ge4-assembly1_C	7.349E+00	47	0.382	48	16.600	4.907E-01	8.858E-01	1.961E-01	2.838E-01	29459	Brucella melitensis
YP_010839920.1	4	YP_010839920.1	8e0m-assembly3_H	1.861E+00	41	0.233	203	12.300	4.661E-01	3.738E-01	2.560E-01	3.530E-01	32630	synthetic construct
YP_010839920.1	5	YP_010839920.1	8gaq-assembly1_I	6.395E-01	41	0.233	168	11.900	4.064E-01	2.889E-01	2.074E-01	2.859E-01	32630	synthetic construct
YP_010839920.1	6	YP_010839920.1	8e0m-assembly4_J	2.942E+00	39	0.196	198	13.100	4.807E-01	4.019E-01	2.690E-01	3.556E-01	32630	synthetic construct
YP_010839920.1	7	YP_010839920.1	6xr2-assembly1_C	2.942E+00	39	0.196	142	14.700	4.304E-01	4.546E-01	2.540E-01	3.329E-01	32630	synthetic construct
YP_010839920.1	8	YP_010839920.1	2cf7-assembly1_I	9.007E+00	37	0.164	62	12.900	4.416E-01	7.047E-01	1.801E-01	2.672E-01	1307	Streptococcus suis
YP_010839920.1	9	YP_010839920.1	8e12-assembly1_C	2.525E+00	35	0.138	205	13.600	4.393E-01	3.363E-01	2.360E-01	3.281E-01	32630	synthetic construct
YP_010839920.1	10	YP_010839920.1	8xjg-assembly1_A	2.060E+00	35	0.138	155	14.800	3.737E-01	3.576E-01	2.157E-01	3.019E-01	670	Vibrio parahaemolyticus
YP_010839920.1	11	YP_010839920.1	6e9t-assembly1_B	4.200E+00	34	0.126	172	11.600	4.662E-01	3.735E-01	2.611E-01	2.694E-01	32630	synthetic construct
YP_010839920.1	12	YP_010839920.1	8e0n-assembly1_A	2.400E+00	34	0.126	188	17.000	3.908E-01	3.445E-01	2.107E-01	2.798E-01	32630	synthetic construct
YP_010839920.1	13	YP_010839920.1	2v5d-assembly1_A	5.416E+00	34	0.126	101	12.800	4.367E-01	4.422E-01	1.915E-01	7.935E-02	1502	Clostridium perfringens
YP_010839920.1	14	YP_010839920.1	8e0m-assembly1_A	5.416E+00	33	0.116	203	13.300	4.636E-01	3.951E-01	2.819E-01	3.819E-01	32630	synthetic construct
YP_010839920.1	15	YP_010839920.1	8e0o-assembly1_B	3.991E+00	33	0.116	203	14.700	4.480E-01	3.503E-01	2.758E-01	3.119E-01	32630	synthetic construct
YP_010839920.1	16	YP_010839920.1	8e0m-assembly4_K	3.605E+00	33	0.116	206	11.100	4.351E-01	3.487E-01	2.589E-01	3.380E-01	32630	synthetic construct
YP_010839920.1	17	YP_010839920.1	8e0m-assembly2_D	3.257E+00	32	0.106	190	14.200	4.104E-01	3.414E-01	2.498E-01	3.330E-01	32630	synthetic construct
YP_010839920.1	18	YP_010839920.1	8e0m-assembly1_B	2.281E+00	32	0.106	217	16.100	4.061E-01	2.834E-01	2.097E-01	2.805E-01	32630	synthetic construct
YP_010839920.1	19	YP_010839920.1	8amz-assembly1_P	3.793E+00	32	0.106	149	10.000	4.531E-01	3.171E-01	1.961E-01	1.267E-01	3562	Spinacia oleracea
YP_010839920.1	20	YP_010839920.1	6ypi-assembly1_A	6.638E+00	32	0.106	95	11.500	4.404E-01	4.504E-01	1.612E-01	4.300E-01	32630	synthetic construct
YP_009512927.1	1	YP_009512927.1	3wfo-assembly3_C	6.505E+00	32	0.106	89	6.700	4.512E-01	5.007E-01	2.247E-01	1.366E-01	224324	Aquifex aeolicus VF5
YP_009512927.1	2	YP_009512927.1	8foh-assembly1_B	9.084E+00	28	0.076	94	10.600	4.363E-01	4.752E-01	2.143E-01	1.318E-01	4932	Saccharomyces cerevisiae
YP_009512927.1	3	YP_009512927.1	7vkv-assembly1_X	5.505E+00	28	0.076	89	11.200	4.107E-01	3.990E-01	1.818E-01	3.479E-01	266834	Sinorhizobium meliloti 1021
YP_009512927.1	4	YP_009512927.1	8to2-assembly1_D	2.823E+00	27	0.069	158	14.500	3.669E-01	3.023E-01	2.111E-01	2.618E-01	1148	Synechocystis sp. PCC 6803
YP_009512927.1	5	YP_009512927.1	8wql-assembly1_XF	4.659E+00	26	0.063	154	11.600	3.798E-01	3.423E-01	2.288E-01	3.001E-01	153964	Arthrospira sp. FACHB-439
YP_009512927.1	6	YP_009512927.1	7sc7-assembly1_BU	2.526E+00	26	0.063	159	10.000	3.778E-01	2.578E-01	1.912E-01	2.264E-01	1111708	Synechocystis sp. PCC 6803 substr. Kazusa
YP_009512927.1	7	YP_009512927.1	4mu5-assembly1_A	6.877E+00	25	0.057	127	15.700	3.634E-01	4.060E-01	2.368E-01	3.288E-01	10090	Mus musculus
YP_009512927.1	8	YP_009512927.1	7vea-assembly1_aE	3.729E+00	25	0.057	159	14.400	3.577E-01	3.019E-01	2.137E-01	2.752E-01	197221	Thermosynechococcus vestitus BP-1
YP_009512927.1	9	YP_009512927.1	7eyd-assembly1_A8	6.153E+00	23	0.045	157	14.600	3.764E-01	3.054E-01	2.154E-01	2.835E-01	103690	Nostoc sp. PCC 7120 = FACHB-418
YP_009512927.1	10	YP_009512927.1	4rvq-assembly1_A	7.271E+00	23	0.045	87	5.700	3.689E-01	3.456E-01	1.627E-01	2.562E-01	209285	Thermochaetoides thermophila
YP_009512927.1	11	YP_009512927.1	7thv-assembly1_E	7.271E+00	22	0.040	195	10.700	3.661E-01	3.268E-01	2.253E-01	1.679E-01	4932	Saccharomyces cerevisiae
YP_009512927.1	12	YP_009512927.1	8imi-assembly1_B	8.127E+00	22	0.040	155	10.300	3.876E-01	3.073E-01	2.112E-01	2.652E-01	2857077	Anthocerotibacter panamensis
YP_009512927.1	13	YP_009512927.1	5oql-assembly1_U	3.527E+00	21	0.034	229	10.400	3.296E-01	2.213E-01	1.602E-01	1.068E-01	759272	Thermochaetoides thermophila DSM 1495
YP_009512927.1	14	YP_009512927.1	1swx-assembly1_A	3.156E+00	21	0.034	137	6.500	3.448E-01	2.137E-01	1.298E-01	1.453E-01	9606	Homo sapiens
YP_009512927.1	15	YP_009512927.1	5y6p-assembly1_I1	7.271E+00	20	0.029	230	10.800	3.498E-01	2.887E-01	2.169E-01	2.832E-01	35689	Griffithsia pacifica
YP_009512927.1	16	YP_009512927.1	3sjr-assembly1_B	7.687E+00	20	0.029	145	13.100	3.577E-01	2.660E-01	1.592E-01	2.624E-01	536	Chromobacterium violaceum
YP_009512927.1	17	YP_009512927.1	7xyw-assembly1_A	5.505E+00	20	0.029	131	15.200	3.204E-01	2.507E-01	1.204E-01	1.191E-01	9606	Homo sapiens
YP_009512927.1	18	YP_009512927.1	8imj-assembly1_C	7.271E+00	19	0.024	201	10.400	3.494E-01	2.590E-01	1.944E-01	2.509E-01	2857077	Anthocerotibacter panamensis
YP_009512927.1	19	YP_009512927.1	3tul-assembly5_A	2.985E+00	19	0.024	154	14.200	3.018E-01	1.915E-01	1.362E-01	1.863E-01	90371	Salmonella enterica subsp. enterica serovar Typhimurium
YP_009512927.1	20	YP_009512927.1	2mqw-assembly1_A	6.505E+00	19	0.024	93	12.900	3.446E-01	2.466E-01	1.338E-01	1.707E-01	559292	Saccharomyces cerevisiae S288C
YP_010681710.1	1	YP_010681710.1	4gp6-assembly1_B-2	3.961E-08	351	1.000	166	27.700	6.557E-01	8.367E-01	4.046E-01	7.769E-01	203119	Acetivibrio thermocellus ATCC 27405
YP_010681710.1	2	YP_010681710.1	4mde-assembly1_A	2.322E-07	324	1.000	165	26.600	6.515E-01	8.408E-01	4.037E-01	7.719E-01	203119	Acetivibrio thermocellus ATCC 27405
YP_010681710.1	3	YP_010681710.1	4gp7-assembly1_B-2	6.040E-07	304	1.000	164	28.000	6.359E-01	8.339E-01	3.983E-01	7.612E-01	203119	Acetivibrio thermocellus ATCC 27405
YP_010681710.1	4	YP_010681710.1	4jst-assembly1_B	1.743E-07	322	1.000	164	28.000	6.365E-01	8.313E-01	3.975E-01	7.591E-01	203119	Acetivibrio thermocellus ATCC 27405
YP_010681710.1	5	YP_010681710.1	3wfp-assembly9_B	6.132E-03	120	1.000	262	14.500	4.964E-01	5.784E-01	3.859E-01	2.991E-01	224324	Aquifex aeolicus VF5
YP_010681710.1	6	YP_010681710.1	3wfr-assembly2_F	1.769E-03	130	1.000	266	13.500	4.879E-01	5.559E-01	3.788E-01	3.000E-01	32630	synthetic construct
YP_010681710.1	7	YP_010681710.1	1grq-assembly1_A	3.955E-02	118	1.000	179	13.400	5.495E-01	7.403E-01	3.745E-01	6.699E-01	54571	Streptomyces venezuelae
YP_010681710.1	8	YP_010681710.1	3adb-assembly1_B	1.287E-05	174	1.000	267	20.500	4.666E-01	5.198E-01	3.685E-01	4.931E-01	243232	Methanocaldococcus jannaschii DSM 2661
YP_010681710.1	9	YP_010681710.1	1gvn-assembly1_D	7.077E-03	118	1.000	252	16.600	4.786E-01	5.925E-01	3.670E-01	4.523E-01	1314	Streptococcus pyogenes
YP_010681710.1	10	YP_010681710.1	4xrp-assembly1_D	6.802E-04	194	1.000	147	21.000	6.161E-01	8.373E-01	3.660E-01	3.994E-01	553178	Capnocytophaga gingivalis ATCC 33624
YP_010681710.1	11	YP_010681710.1	3zvm-assembly1_B	1.115E-05	263	1.000	163	17.700	6.416E-01	8.494E-01	3.657E-01	3.310E-01	10090	Mus musculus
YP_010681710.1	12	YP_010681710.1	2rhm-assembly1_A	8.639E-04	164	1.000	168	16.000	5.249E-01	7.258E-01	3.603E-01	6.308E-01	324602	Chloroflexus aurantiacus J-10-fl
YP_010681710.1	13	YP_010681710.1	3zvn-assembly1_A	4.679E-05	234	1.000	166	18.000	6.238E-01	8.223E-01	3.584E-01	3.261E-01	10090	Mus musculus
YP_010681710.1	14	YP_010681710.1	3a4n-assembly1_B	4.641E-04	148	1.000	212	25.400	4.669E-01	6.090E-01	3.578E-01	4.960E-01	2190	Methanocaldococcus jannaschii
YP_010681710.1	15	YP_010681710.1	2rhm-assembly2_D	9.061E-04	160	1.000	177	15.800	5.195E-01	7.062E-01	3.577E-01	6.117E-01	324602	Chloroflexus aurantiacus J-10-fl
YP_010681710.1	16	YP_010681710.1	3a4l-assembly1_A	2.636E-05	174	1.000	231	21.200	4.618E-01	5.746E-01	3.571E-01	4.967E-01	2190	Methanocaldococcus jannaschii
YP_010681710.1	17	YP_010681710.1	3adb-assembly1_A	2.076E-05	164	1.000	268	22.300	4.540E-01	5.010E-01	3.571E-01	4.713E-01	243232	Methanocaldococcus jannaschii DSM 2661
YP_010681710.1	18	YP_010681710.1	5htk-assembly1_B	2.357E-03	149	1.000	189	15.800	5.182E-01	7.144E-01	3.563E-01	2.953E-01	9606	Homo sapiens
YP_010681710.1	19	YP_010681710.1	3wfp-assembly9_A	2.357E-03	134	1.000	234	17.000	4.876E-01	6.136E-01	3.563E-01	2.750E-01	224324	Aquifex aeolicus VF5
YP_010681710.1	20	YP_010681710.1	3adc-assembly1_A	2.743E-04	134	1.000	272	22.700	4.368E-01	4.950E-01	3.551E-01	4.768E-01	243232	Methanocaldococcus jannaschii DSM 2661
YP_010658685.1	1	YP_010658685.1	8dgc-assembly1_H	5.071E-17	390	1.000	556	14.300	5.199E-01	5.262E-01	4.679E-01	4.671E-01	2744002	Escherichia phage PhiV-1
YP_010658685.1	2	YP_010658685.1	6z6d-assembly1_A	1.194E-11	250	1.000	512	12.800	4.470E-01	4.927E-01	4.181E-01	4.576E-01	37554	Byrnievirus HK97
YP_010658685.1	3	YP_010658685.1	4bij-assembly1_A	1.625E-09	185	1.000	500	12.000	4.445E-01	3.857E-01	3.211E-01	3.571E-01	10760	Escherichia phage T7
YP_010658685.1	4	YP_010658685.1	4iee-assembly1_A	1.595E-11	219	1.000	489	8.900	4.466E-01	3.868E-01	3.192E-01	3.685E-01	10761	Lederbergvirus Sf6
YP_010658685.1	5	YP_010658685.1	4ife-assembly1_A	3.191E-11	214	1.000	479	9.100	4.431E-01	3.904E-01	3.188E-01	3.807E-01	10761	Lederbergvirus Sf6
YP_010658685.1	6	YP_010658685.1	4bil-assembly1_A	8.606E-10	186	1.000	497	12.200	4.308E-01	3.816E-01	3.182E-01	3.528E-01	10760	Escherichia phage T7
YP_010658685.1	7	YP_010658685.1	4iei-assembly1_A	7.895E-13	240	1.000	486	9.600	4.433E-01	3.873E-01	3.174E-01	3.694E-01	10761	Lederbergvirus Sf6
YP_010658685.1	8	YP_010658685.1	3cpe-assembly1_A	8.130E-16	302	1.000	485	14.000	4.813E-01	3.897E-01	3.113E-01	3.034E-01	10665	Tequatrovirus T4
YP_010658685.1	9	YP_010658685.1	6m5v-assembly1_A	8.862E-13	224	1.000	528	15.100	4.144E-01	3.640E-01	3.087E-01	2.867E-01	10299	Human alphaherpesvirus 1 strain 17
YP_010658685.1	10	YP_010658685.1	6m5r-assembly1_A	7.311E-15	243	1.000	537	15.000	4.022E-01	3.383E-01	3.027E-01	2.584E-01	10299	Human alphaherpesvirus 1 strain 17
YP_010658685.1	11	YP_010658685.1	3n4p-assembly1_B	5.313E-06	177	1.000	224	13.800	4.811E-01	6.915E-01	2.811E-01	5.936E-01	10363	Human herpesvirus 5 strain Towne
YP_010658685.1	12	YP_010658685.1	6m5t-assembly1_A	3.980E-06	189	1.000	221	16.700	4.997E-01	7.330E-01	2.797E-01	5.611E-01	10299	Human alphaherpesvirus 1 strain 17
YP_010658685.1	13	YP_010658685.1	4iox-assembly1_A	4.425E-07	196	1.000	228	18.800	4.651E-01	6.735E-01	2.794E-01	5.914E-01	10298	Human alphaherpesvirus 1
YP_010658685.1	14	YP_010658685.1	3n4q-assembly1_B	2.681E-05	159	1.000	224	14.200	4.834E-01	6.746E-01	2.729E-01	5.921E-01	10363	Human herpesvirus 5 strain Towne
YP_010658685.1	15	YP_010658685.1	6ey7-assembly2_B	2.506E-06	187	1.000	224	14.700	4.981E-01	6.815E-01	2.725E-01	5.796E-01	10360	Human herpesvirus 5 strain AD169
YP_010658685.1	16	YP_010658685.1	6ey7-assembly1_A	1.063E-05	169	1.000	224	14.700	4.929E-01	6.669E-01	2.639E-01	5.675E-01	10360	Human herpesvirus 5 strain AD169
YP_010658685.1	17	YP_010658685.1	3c6a-assembly1_A	3.792E-05	167	1.000	203	10.800	5.290E-01	7.039E-01	2.621E-01	6.470E-01	50948	Escherichia phage RB49
YP_010658685.1	18	YP_010658685.1	6ey7-assembly3_C	1.193E-05	165	1.000	223	14.300	4.858E-01	6.517E-01	2.596E-01	5.635E-01	10360	Human herpesvirus 5 strain AD169
YP_010658685.1	19	YP_010658685.1	4iox-assembly3_C	8.437E-06	161	1.000	232	16.300	4.688E-01	6.218E-01	2.564E-01	5.549E-01	10298	Human alphaherpesvirus 1
YP_010658685.1	20	YP_010658685.1	3n4q-assembly1_A	3.188E-05	151	1.000	219	10.500	4.718E-01	6.321E-01	2.531E-01	5.539E-01	10363	Human herpesvirus 5 strain Towne
YP_009043771.1	1	YP_009043771.1	7uxe-assembly1_A	4.532E-01	54	0.601	113	19.400	5.427E-01	3.356E-01	1.477E-01	2.873E-01	2034346	Pseudomonas phage vB_PaeM_E217
YP_009043771.1	2	YP_009043771.1	5h1n-assembly1_B	3.576E+00	50	0.473	72	19.400	6.180E-01	5.353E-01	1.588E-01	4.988E-01	623	Shigella flexneri
YP_009043771.1	3	YP_009043771.1	8g7s-assembly1_n	9.314E+00	50	0.473	39	25.600	7.177E-01	7.591E-01	1.523E-01	3.253E-01	562	Escherichia coli
YP_009043771.1	4	YP_009043771.1	7nww-assembly1_r	9.314E+00	49	0.442	44	25.000	7.316E-01	7.109E-01	1.578E-01	3.305E-01	562	Escherichia coli
YP_009043771.1	5	YP_009043771.1	8rdv-assembly1_HK	8.856E+00	47	0.382	46	19.500	6.770E-01	7.140E-01	1.463E-01	3.177E-01	45610	Psychrobacter urativorans
YP_009043771.1	6	YP_009043771.1	3tuf-assembly1_A	8.007E+00	46	0.353	57	19.200	6.720E-01	6.418E-01	1.834E-01	3.414E-01	1423	Bacillus subtilis
YP_009043771.1	7	YP_009043771.1	7egm-assembly1_A	7.240E+00	41	0.233	94	10.600	6.733E-01	4.761E-01	1.752E-01	3.488E-01	559292	Saccharomyces cerevisiae S288C
YP_009043771.1	8	YP_009043771.1	3dd7-assembly1_A	2.780E+00	34	0.126	129	13.900	4.074E-01	3.381E-01	2.100E-01	3.183E-01	10678	Punavirus P1
YP_009043771.1	9	YP_009043771.1	7zcg-assembly1_B	1.766E+00	33	0.116	179	16.700	4.743E-01	2.383E-01	1.735E-01	2.359E-01	9606	Homo sapiens
YP_009043771.1	10	YP_009043771.1	4mc0-assembly1_A	1.241E+00	32	0.106	190	14.200	4.046E-01	2.247E-01	1.749E-01	1.516E-01	452652	Kitasatospora setae KM-6054
YP_009043771.1	11	YP_009043771.1	3k33-assembly1_A-2	3.761E+00	31	0.098	127	14.100	4.043E-01	3.377E-01	2.110E-01	3.185E-01	10678	Punavirus P1
YP_009043771.1	12	YP_009043771.1	4diu-assembly1_A	8.856E+00	31	0.098	53	11.300	4.532E-01	4.694E-01	1.279E-01	1.204E-01	32630	synthetic construct
YP_009043771.1	13	YP_009043771.1	3n24-assembly4_H	9.314E+00	30	0.090	100	11.000	6.170E-01	3.271E-01	1.463E-01	2.595E-01	208964	Pseudomonas aeruginosa PAO1
YP_009043771.1	14	YP_009043771.1	3djb-assembly1_B	5.627E+00	29	0.082	215	13.000	4.487E-01	3.261E-01	2.812E-01	3.245E-01	180856	[Bacillus thuringiensis] serovar konkukian
YP_009043771.1	15	YP_009043771.1	3dd7-assembly2_C	5.627E+00	29	0.082	127	14.100	4.086E-01	3.432E-01	2.111E-01	3.239E-01	10678	Punavirus P1
YP_009043771.1	16	YP_009043771.1	4mc0-assembly2_B	2.272E+00	28	0.076	191	13.600	4.025E-01	2.182E-01	1.726E-01	1.487E-01	452652	Kitasatospora setae KM-6054
YP_009043771.1	17	YP_009043771.1	6m7f-assembly2_C	2.513E+00	27	0.069	205	9.700	3.798E-01	2.262E-01	1.770E-01	1.537E-01	443255	Streptomyces clavuligerus
YP_009043771.1	18	YP_009043771.1	4znv-assembly1_A	6.224E+00	26	0.063	136	11.000	4.398E-01	2.763E-01	1.741E-01	1.692E-01	9606	Homo sapiens
YP_009043771.1	19	YP_009043771.1	6x94-assembly1_A	5.627E+00	26	0.063	125	14.400	4.152E-01	2.867E-01	1.545E-01	1.012E-01	192952	Methanosarcina mazei Go1
YP_009043771.1	20	YP_009043771.1	3qne-assembly1_A	4.159E+00	26	0.063	134	10.400	4.038E-01	2.375E-01	1.514E-01	9.679E-02	5476	Candida albicans
NP_690779.1	1	NP_690779.1	3hmb-assembly3_C	1.150E-26	997	1.000	154	81.800	8.824E-01	9.903E-01	5.052E-01	9.776E-01	1423	Bacillus subtilis
NP_690779.1	2	NP_690779.1	3rdr-assembly1_A	1.562E-26	991	1.000	153	81.600	8.820E-01	9.892E-01	5.015E-01	9.764E-01	1423	Bacillus subtilis
NP_690779.1	3	NP_690779.1	2l47-assembly1_A	5.681E-14	482	1.000	165	39.300	7.480E-01	8.956E-01	4.809E-01	8.542E-01	347962	Bacillus phage Gamma
NP_690779.1	4	NP_690779.1	2ar3-assembly1_C	4.489E-16	568	1.000	161	39.100	7.906E-01	9.133E-01	4.754E-01	8.909E-01	1392	Bacillus anthracis
NP_690779.1	5	NP_690779.1	1yb0-assembly1_B	2.654E-15	544	1.000	160	40.000	7.912E-01	9.147E-01	4.727E-01	8.759E-01	1392	Bacillus anthracis
NP_690779.1	6	NP_690779.1	8c4d-assembly1_A	3.296E-09	286	1.000	193	20.700	6.297E-01	7.736E-01	4.405E-01	6.956E-01	1352	Enterococcus faecium
NP_690779.1	7	NP_690779.1	4ivv-assembly1_A	3.151E-06	201	1.000	180	17.700	5.855E-01	7.755E-01	4.258E-01	6.988E-01	170187	Streptococcus pneumoniae TIGR4
NP_690779.1	8	NP_690779.1	4ols-assembly4_D	4.595E-08	258	1.000	193	20.200	6.318E-01	7.802E-01	4.234E-01	6.640E-01	760530	Staphylococcus phage G15
NP_690779.1	9	NP_690779.1	4knl-assembly2_B	4.321E-08	261	1.000	178	19.600	6.303E-01	7.963E-01	4.199E-01	6.006E-01	93061	Staphylococcus aureus subsp. aureus NCTC 8325
NP_690779.1	10	NP_690779.1	4x36-assembly1_A-2	5.815E-06	191	1.000	180	18.300	5.736E-01	7.657E-01	4.187E-01	3.967E-01	170187	Streptococcus pneumoniae TIGR4
NP_690779.1	11	NP_690779.1	5ctv-assembly1_A	1.141E-05	180	1.000	180	17.700	5.670E-01	7.423E-01	4.008E-01	6.532E-01	170187	Streptococcus pneumoniae TIGR4
NP_690779.1	12	NP_690779.1	6ssc-assembly1_A	1.083E-07	238	1.000	158	19.600	5.908E-01	7.694E-01	4.002E-01	7.557E-01	36845	Clostridium intestinale
NP_690779.1	13	NP_690779.1	2y28-assembly3_C	5.470E-06	173	1.000	177	20.900	5.188E-01	6.903E-01	3.796E-01	6.018E-01	546	Citrobacter freundii
NP_690779.1	14	NP_690779.1	7f5i-assembly1_A	5.330E-07	199	1.000	166	20.400	5.282E-01	7.020E-01	3.749E-01	6.815E-01	195102	Clostridium perfringens str. 13
NP_690779.1	15	NP_690779.1	3lat-assembly2_B	7.975E-08	251	1.000	151	20.500	6.159E-01	7.973E-01	3.748E-01	5.314E-01	1282	Staphylococcus epidermidis
NP_690779.1	16	NP_690779.1	5xz3-assembly4_D	1.407E-04	146	1.000	161	17.300	5.342E-01	7.177E-01	3.682E-01	6.224E-01	7460	Apis mellifera
NP_690779.1	17	NP_690779.1	3d2y-assembly1_A	6.345E-05	161	1.000	160	21.200	5.612E-01	7.414E-01	3.547E-01	4.091E-01	511145	Escherichia coli str. K-12 substr. MG1655
NP_690779.1	18	NP_690779.1	7nsx-assembly1_AAA	5.613E-05	154	1.000	164	17.000	5.413E-01	6.961E-01	3.505E-01	5.834E-01	7227	Drosophila melanogaster
NP_690779.1	19	NP_690779.1	6fhg-assembly1_B	3.234E-05	150	1.000	151	20.500	4.795E-01	6.953E-01	3.482E-01	6.287E-01	1542447	Thermus phage 2631
NP_690779.1	20	NP_690779.1	2eax-assembly1_B	2.936E-04	130	1.000	160	17.500	4.960E-01	6.772E-01	3.473E-01	5.890E-01	9606	Homo sapiens
YP_010840622.1	1	YP_010840622.1	4j1j-assembly1_D	1.586E-13	364	1.000	229	52.400	5.934E-01	5.354E-01	5.261E-01	5.316E-01	999729	Leanyer virus
YP_010840622.1	2	YP_010840622.1	4ijs-assembly1_A-4	1.524E-08	237	1.000	228	38.500	5.576E-01	5.339E-01	5.214E-01	5.233E-01	35304	Bunyamwera virus
YP_010840622.1	3	YP_010840622.1	3zla-assembly1_E	8.225E-08	221	1.000	227	38.700	5.513E-01	5.433E-01	5.206E-01	5.278E-01	35304	Bunyamwera virus
YP_010840622.1	4	YP_010840622.1	3zl9-assembly1_C	5.062E-14	373	1.000	228	61.400	5.889E-01	5.330E-01	5.187E-01	5.264E-01	1133363	Schmallenberg virus
YP_010840622.1	5	YP_010840622.1	3zl9-assembly1_A	2.239E-14	380	1.000	230	60.800	5.838E-01	5.341E-01	5.184E-01	5.306E-01	1133363	Schmallenberg virus
YP_010840622.1	6	YP_010840622.1	4jng-assembly1_D	7.953E-12	336	1.000	205	60.900	5.968E-01	5.760E-01	5.166E-01	5.352E-01	1133363	Schmallenberg virus
YP_010840622.1	7	YP_010840622.1	3zl9-assembly1_B	5.643E-14	374	1.000	228	60.900	5.907E-01	5.382E-01	5.157E-01	5.283E-01	1133363	Schmallenberg virus
YP_010840622.1	8	YP_010840622.1	7aoy-assembly1_B	4.056E-08	227	1.000	222	38.700	5.568E-01	5.353E-01	5.138E-01	5.221E-01	35304	Bunyamwera virus
YP_010840622.1	9	YP_010840622.1	4bgp-assembly1_A	1.206E-10	285	1.000	231	43.700	5.611E-01	5.273E-01	5.102E-01	5.175E-01	11577	La Crosse virus
YP_010840622.1	10	YP_010840622.1	4bhh-assembly1_B	1.967E-10	279	1.000	230	43.900	5.660E-01	5.203E-01	5.092E-01	5.139E-01	11577	La Crosse virus
YP_010840622.1	11	YP_010840622.1	3zla-assembly2_D	9.682E-08	221	1.000	216	38.800	5.602E-01	5.451E-01	5.087E-01	5.181E-01	35304	Bunyamwera virus
YP_010840622.1	12	YP_010840622.1	4bhh-assembly1_Z	5.836E-10	275	1.000	217	44.700	5.695E-01	5.447E-01	5.077E-01	5.259E-01	11577	La Crosse virus
YP_010840622.1	13	YP_010840622.1	3zl9-assembly1_D	2.008E-14	386	1.000	218	62.300	5.975E-01	5.346E-01	5.056E-01	5.230E-01	1133363	Schmallenberg virus
YP_010840622.1	14	YP_010840622.1	4idx-assembly3_A	8.397E-12	311	1.000	216	62.000	5.516E-01	5.347E-01	5.046E-01	5.302E-01	1133363	Schmallenberg virus
YP_010840622.1	15	YP_010840622.1	4idx-assembly2_B	3.518E-12	329	1.000	207	62.300	5.647E-01	5.546E-01	5.044E-01	5.485E-01	1133363	Schmallenberg virus
YP_010840622.1	16	YP_010840622.1	4jng-assembly1_B	3.332E-12	329	1.000	211	62.000	5.735E-01	5.447E-01	4.997E-01	5.352E-01	1133363	Schmallenberg virus
YP_010840622.1	17	YP_010840622.1	4idx-assembly4_C	1.370E-11	307	1.000	211	62.000	5.507E-01	5.399E-01	4.989E-01	5.337E-01	1133363	Schmallenberg virus
YP_010840622.1	18	YP_010840622.1	4idu-assembly5_D	2.360E-11	300	1.000	204	60.700	5.336E-01	5.519E-01	4.842E-01	5.189E-01	1133363	Schmallenberg virus
YP_010840622.1	19	YP_010840622.1	4idu-assembly4_C	9.017E-10	266	1.000	198	61.100	5.565E-01	5.370E-01	4.775E-01	5.207E-01	1133363	Schmallenberg virus
YP_010840622.1	20	YP_010840622.1	4idu-assembly2_A	5.334E-11	279	1.000	221	58.800	5.235E-01	5.123E-01	4.710E-01	4.976E-01	1133363	Schmallenberg virus
YP_009507868.1	1	YP_009507868.1	4v8a-assembly1_DO	4.368E+00	29	0.082	89	13.400	3.711E-01	3.576E-01	1.474E-01	3.050E-01	300852	Thermus thermophilus HB8
YP_009507868.1	2	YP_009507868.1	4v7w-assembly2_CO	8.057E+00	25	0.057	89	13.400	3.699E-01	3.549E-01	1.475E-01	3.037E-01	300852	Thermus thermophilus HB8
YP_009507868.1	3	YP_009507868.1	8buu-assembly1_o	8.922E+00	24	0.051	78	16.600	3.988E-01	3.387E-01	1.312E-01	2.725E-01	224308	Bacillus subtilis subsp. subtilis str. 168
YP_009507868.1	4	YP_009507868.1	5uq8-assembly1_o	9.880E+00	23	0.045	89	13.400	3.652E-01	3.487E-01	1.456E-01	2.982E-01	300852	Thermus thermophilus HB8
YP_009507868.1	5	YP_009507868.1	4v9k-assembly2_CO	9.389E+00	23	0.045	89	11.200	3.723E-01	3.181E-01	1.419E-01	2.874E-01	262724	Thermus thermophilus HB27
YP_009507868.1	6	YP_009507868.1	8xje-assembly3_C	8.478E+00	21	0.034	157	14.000	3.477E-01	2.690E-01	1.688E-01	2.433E-01	197	Campylobacter jejuni
YP_009507868.1	7	YP_009507868.1	6w2q-assembly1_A	7.275E+00	20	0.029	223	13.900	3.459E-01	2.276E-01	1.990E-01	2.219E-01	32630	synthetic construct
YP_009507868.1	8	YP_009507868.1	4y21-assembly1_A	7.656E+00	19	0.024	228	11.800	3.638E-01	2.088E-01	1.919E-01	1.156E-01	10116	Rattus norvegicus
YP_009507868.1	9	YP_009507868.1	8fl3-assembly1_NT	7.656E+00	19	0.024	224	13.300	3.508E-01	2.217E-01	1.725E-01	1.048E-01	9606	Homo sapiens
YP_009507868.1	10	YP_009507868.1	5u1s-assembly1_A	8.922E+00	19	0.024	209	13.800	3.552E-01	2.244E-01	1.691E-01	4.587E-02	559292	Saccharomyces cerevisiae S288C
YP_009507868.1	11	YP_009507868.1	8ipq-assembly2_C	4.597E+00	19	0.024	230	13.000	3.613E-01	1.596E-01	1.447E-01	7.927E-02	1772	Mycolicibacterium smegmatis
YP_009507868.1	12	YP_009507868.1	6frk-assembly1_u	9.389E+00	18	0.020	232	11.200	3.595E-01	2.053E-01	1.837E-01	1.953E-01	9615	Canis lupus familiaris
YP_009507868.1	13	YP_009507868.1	5m73-assembly1_C	8.922E+00	18	0.020	216	12.000	3.570E-01	1.994E-01	1.781E-01	1.978E-01	9606	Homo sapiens
YP_009507868.1	14	YP_009507868.1	5fu7-assembly1_A	9.389E+00	18	0.020	158	16.400	3.133E-01	2.534E-01	1.610E-01	8.677E-02	9606	Homo sapiens
YP_009507868.1	15	YP_009507868.1	4n9f-assembly9_x	8.478E+00	16	0.014	235	13.600	3.535E-01	1.699E-01	1.576E-01	1.342E-01	9606	Homo sapiens
YP_009507868.1	16	YP_009507868.1	5jxf-assembly4_C	9.880E+00	15	0.011	188	10.600	3.242E-01	1.778E-01	1.365E-01	6.380E-02	96345	Flavobacterium psychrophilum
YP_009507868.1	17	YP_009507868.1	4pw8-assembly2_G	8.922E+00	14	0.010	253	15.800	2.960E-01	1.614E-01	1.510E-01	1.374E-01	9606	Homo sapiens
YP_009880558.1	1	YP_009880558.1	8dgc-assembly1_H	4.901E-18	405	1.000	559	14.300	5.161E-01	5.171E-01	4.564E-01	4.545E-01	2744002	Escherichia phage PhiV-1
YP_009880558.1	2	YP_009880558.1	6z6d-assembly1_A	6.338E-13	245	1.000	564	13.200	4.266E-01	4.177E-01	3.808E-01	4.127E-01	37554	Byrnievirus HK97
YP_009880558.1	3	YP_009880558.1	4bij-assembly1_A	7.927E-10	197	1.000	496	10.800	4.693E-01	3.962E-01	3.343E-01	3.703E-01	10760	Escherichia phage T7
YP_009880558.1	4	YP_009880558.1	3cpe-assembly1_A	7.924E-17	292	1.000	563	14.300	4.448E-01	3.540E-01	3.273E-01	3.182E-01	10665	Tequatrovirus T4
YP_009880558.1	5	YP_009880558.1	4bil-assembly1_A	5.598E-10	193	1.000	490	11.600	4.504E-01	3.840E-01	3.270E-01	3.600E-01	10760	Escherichia phage T7
YP_009880558.1	6	YP_009880558.1	4iei-assembly1_A	1.369E-11	218	1.000	483	9.500	4.475E-01	3.826E-01	3.145E-01	3.641E-01	10761	Lederbergvirus Sf6
YP_009880558.1	7	YP_009880558.1	4ife-assembly1_A	2.486E-10	197	1.000	494	9.900	4.487E-01	3.773E-01	3.112E-01	3.696E-01	10761	Lederbergvirus Sf6
YP_009880558.1	8	YP_009880558.1	6m5v-assembly1_A	1.698E-12	214	1.000	534	13.200	3.949E-01	3.636E-01	3.083E-01	2.870E-01	10299	Human alphaherpesvirus 1 strain 17
YP_009880558.1	9	YP_009880558.1	6m5r-assembly1_A	3.240E-15	246	1.000	541	14.200	3.998E-01	3.342E-01	2.989E-01	2.561E-01	10299	Human alphaherpesvirus 1 strain 17
YP_009880558.1	10	YP_009880558.1	3c6a-assembly1_A	1.271E-05	179	1.000	207	12.000	5.341E-01	7.091E-01	2.744E-01	6.715E-01	50948	Escherichia phage RB49
YP_009880558.1	11	YP_009880558.1	6ey7-assembly3_C	2.022E-05	168	1.000	224	12.900	5.085E-01	6.927E-01	2.733E-01	5.977E-01	10360	Human herpesvirus 5 strain AD169
YP_009880558.1	12	YP_009880558.1	3n4q-assembly1_B	4.824E-05	153	1.000	219	10.500	4.805E-01	6.783E-01	2.721E-01	5.851E-01	10363	Human herpesvirus 5 strain Towne
YP_009880558.1	13	YP_009880558.1	4iox-assembly1_A	3.700E-07	197	1.000	231	16.800	4.753E-01	6.582E-01	2.701E-01	5.744E-01	10298	Human alphaherpesvirus 1
YP_009880558.1	14	YP_009880558.1	6ey7-assembly2_B	6.340E-06	174	1.000	225	12.800	4.869E-01	6.776E-01	2.699E-01	5.731E-01	10360	Human herpesvirus 5 strain AD169
YP_009880558.1	15	YP_009880558.1	6m5t-assembly1_A	1.428E-05	165	1.000	224	16.500	4.677E-01	6.990E-01	2.696E-01	5.358E-01	10299	Human alphaherpesvirus 1 strain 17
YP_009880558.1	16	YP_009880558.1	6ey7-assembly4_D	4.122E-04	135	1.000	224	12.000	5.031E-01	6.816E-01	2.647E-01	6.034E-01	10360	Human herpesvirus 5 strain AD169
YP_009880558.1	17	YP_009880558.1	3n4p-assembly1_B	2.142E-05	153	1.000	226	12.300	4.509E-01	6.549E-01	2.638E-01	5.527E-01	10363	Human herpesvirus 5 strain Towne
YP_009880558.1	18	YP_009880558.1	6ey7-assembly1_A	1.132E-05	166	1.000	226	12.300	4.886E-01	6.553E-01	2.617E-01	5.579E-01	10360	Human herpesvirus 5 strain AD169
YP_009880558.1	19	YP_009880558.1	3c6h-assembly2_B	1.800E-05	191	1.000	175	11.400	5.516E-01	8.137E-01	2.572E-01	6.719E-01	50948	Escherichia phage RB49
YP_009880558.1	20	YP_009880558.1	3c6h-assembly1_A	9.128E-05	172	1.000	175	12.500	5.481E-01	8.134E-01	2.560E-01	6.922E-01	50948	Escherichia phage RB49
YP_010740196.1	1	YP_010740196.1	4iqj-assembly1_A	1.493E-44	1647	1.000	1223	20.200	6.203E-01	7.585E-01	7.226E-01	6.970E-01	271	Thermus aquaticus
YP_010740196.1	2	YP_010740196.1	4iqj-assembly1_C	3.145E-46	1725	1.000	1190	21.300	6.263E-01	7.676E-01	7.225E-01	6.961E-01	271	Thermus aquaticus
YP_010740196.1	3	YP_010740196.1	4iqj-assembly1_D	1.185E-46	1719	1.000	1190	21.300	6.258E-01	7.496E-01	7.171E-01	6.804E-01	271	Thermus aquaticus
YP_010740196.1	4	YP_010740196.1	3e0d-assembly2_B	2.185E-48	1764	1.000	1224	20.800	6.152E-01	7.481E-01	7.133E-01	6.971E-01	271	Thermus aquaticus
YP_010740196.1	5	YP_010740196.1	2hpi-assembly1_A	1.990E-49	1816	1.000	1216	20.900	6.257E-01	7.483E-01	7.105E-01	6.976E-01	271	Thermus aquaticus
YP_010740196.1	6	YP_010740196.1	4iqj-assembly1_B	1.360E-45	1663	1.000	1186	20.200	6.114E-01	7.503E-01	7.074E-01	6.810E-01	271	Thermus aquaticus
YP_010740196.1	7	YP_010740196.1	7pu7-assembly1_A	3.738E-47	1637	1.000	1203	19.900	5.697E-01	7.309E-01	6.997E-01	7.296E-01	1773	Mycobacterium tuberculosis
YP_010740196.1	8	YP_010740196.1	5fku-assembly1_A	2.256E-41	1581	1.000	986	23.500	6.021E-01	8.302E-01	6.829E-01	6.668E-01	83333	Escherichia coli K-12
YP_010740196.1	9	YP_010740196.1	5lew-assembly1_A	1.872E-43	1687	1.000	995	22.600	6.306E-01	8.208E-01	6.823E-01	8.200E-01	83332	Mycobacterium tuberculosis H37Rv
YP_010740196.1	10	YP_010740196.1	5fkw-assembly1_A	2.380E-39	1511	1.000	991	23.300	6.089E-01	8.253E-01	6.785E-01	8.095E-01	83333	Escherichia coli K-12
YP_010740196.1	11	YP_010740196.1	5fkv-assembly1_A	1.513E-41	1451	1.000	1136	21.000	5.671E-01	7.367E-01	6.685E-01	6.552E-01	83333	Escherichia coli K-12
YP_010740196.1	12	YP_010740196.1	4jom-assembly1_A	1.791E-43	1607	1.000	996	23.700	6.114E-01	7.679E-01	6.312E-01	7.641E-01	83333	Escherichia coli K-12
YP_010740196.1	13	YP_010740196.1	3f2d-assembly1_A	2.481E-30	1100	1.000	1038	17.100	5.851E-01	7.481E-01	5.968E-01	6.677E-01	1462	Geobacillus kaustophilus
YP_010740196.1	14	YP_010740196.1	3f2b-assembly1_A	7.863E-30	1089	1.000	1027	16.700	5.885E-01	7.524E-01	5.923E-01	6.628E-01	1462	Geobacillus kaustophilus
YP_010740196.1	15	YP_010740196.1	4gx9-assembly2_B	1.685E-08	383	1.000	308	18.500	6.039E-01	8.657E-01	2.138E-01	7.203E-01	83333	Escherichia coli K-12
YP_010740196.1	16	YP_010740196.1	4gx8-assembly1_A	3.427E-08	370	1.000	308	19.100	5.983E-01	8.664E-01	2.089E-01	7.239E-01	83333	Escherichia coli K-12
YP_010740196.1	17	YP_010740196.1	4gx9-assembly1_A	3.744E-08	357	1.000	311	18.600	5.842E-01	8.313E-01	2.077E-01	7.001E-01	83333	Escherichia coli K-12
YP_010740196.1	18	YP_010740196.1	7ug9-assembly1_A	3.506E-03	130	1.000	249	13.200	3.901E-01	6.703E-01	1.315E-01	5.914E-01	562	Escherichia coli
YP_010740196.1	19	YP_010740196.1	9etk-assembly1_A	7.131E-03	97	0.999	308	12.600	3.468E-01	4.845E-01	1.208E-01	4.258E-01	666	Vibrio cholerae
YP_010740196.1	20	YP_010740196.1	3e0f-assembly1_A	1.017E-02	88	0.995	349	13.100	3.453E-01	4.297E-01	1.183E-01	4.109E-01	367928	Bifidobacterium adolescentis ATCC 15703
YP_007007184.1	1	YP_007007184.1	7f8x-assembly1_A	3.763E-04	140	1.000	220	18.100	5.160E-01	6.197E-01	4.069E-01	2.824E-01	9606	Homo sapiens
YP_007007184.1	2	YP_007007184.1	1g0q-assembly1_A	4.511E-05	197	1.000	171	19.800	6.045E-01	7.806E-01	4.051E-01	7.069E-01	10665	Tequatrovirus T4
YP_007007184.1	3	YP_007007184.1	1l73-assembly1_A	1.158E-05	211	1.000	172	20.300	5.988E-01	7.641E-01	4.048E-01	7.092E-01	10665	Tequatrovirus T4
YP_007007184.1	4	YP_007007184.1	1l40-assembly1_A	2.619E-05	200	1.000	171	18.100	5.929E-01	7.668E-01	4.028E-01	6.993E-01	10665	Tequatrovirus T4
YP_007007184.1	5	YP_007007184.1	150l-assembly3_C	8.664E-05	185	1.000	175	23.400	5.919E-01	7.626E-01	4.026E-01	7.076E-01	10665	Tequatrovirus T4
YP_007007184.1	6	YP_007007184.1	1qs9-assembly1_A	2.619E-05	200	1.000	171	19.200	5.923E-01	7.656E-01	4.024E-01	7.061E-01	10665	Tequatrovirus T4
YP_007007184.1	7	YP_007007184.1	1epy-assembly1_A	1.223E-05	209	1.000	171	18.100	5.907E-01	7.649E-01	4.022E-01	7.055E-01	10665	Tequatrovirus T4
YP_007007184.1	8	YP_007007184.1	1l79-assembly1_A	1.414E-04	177	1.000	171	18.100	5.814E-01	7.641E-01	4.020E-01	7.048E-01	10665	Tequatrovirus T4
YP_007007184.1	9	YP_007007184.1	1qug-assembly1_A	2.765E-05	199	1.000	172	19.100	5.905E-01	7.650E-01	4.014E-01	7.054E-01	10665	Tequatrovirus T4
YP_007007184.1	10	YP_007007184.1	210l-assembly1_A	2.571E-04	170	1.000	170	19.400	5.816E-01	7.646E-01	4.009E-01	7.053E-01	10665	Tequatrovirus T4
YP_007007184.1	11	YP_007007184.1	6kk7-assembly1_A	3.629E-05	157	1.000	253	17.300	5.054E-01	5.723E-01	4.007E-01	2.903E-01	9606	Homo sapiens
YP_007007184.1	12	YP_007007184.1	1l50-assembly1_A	4.763E-05	195	1.000	171	21.600	6.050E-01	7.674E-01	4.003E-01	6.958E-01	10665	Tequatrovirus T4
YP_007007184.1	13	YP_007007184.1	198l-assembly1_A	1.077E-04	183	1.000	174	18.900	5.990E-01	7.582E-01	4.000E-01	7.033E-01	10665	Tequatrovirus T4
YP_007007184.1	14	YP_007007184.1	1c65-assembly1_A	5.030E-05	192	1.000	174	18.900	5.961E-01	7.578E-01	3.999E-01	7.030E-01	10665	Tequatrovirus T4
YP_007007184.1	15	YP_007007184.1	145l-assembly1_A	6.601E-05	185	1.000	173	20.800	5.792E-01	7.526E-01	3.996E-01	6.988E-01	10665	Tequatrovirus T4
YP_007007184.1	16	YP_007007184.1	137l-assembly2_B	1.520E-05	207	1.000	173	21.900	5.905E-01	7.675E-01	3.994E-01	6.988E-01	10665	Tequatrovirus T4
YP_007007184.1	17	YP_007007184.1	1l95-assembly1_A	6.601E-05	188	1.000	174	18.900	5.927E-01	7.564E-01	3.994E-01	7.016E-01	10665	Tequatrovirus T4
YP_007007184.1	18	YP_007007184.1	137l-assembly1_A	7.360E-05	187	1.000	172	19.100	5.922E-01	7.588E-01	3.993E-01	7.000E-01	10665	Tequatrovirus T4
YP_007007184.1	19	YP_007007184.1	164l-assembly1_A	1.664E-04	175	1.000	171	20.400	5.854E-01	7.570E-01	3.993E-01	6.984E-01	10665	Tequatrovirus T4
YP_007007184.1	20	YP_007007184.1	1owz-assembly1_A	2.867E-04	169	1.000	173	19.000	5.924E-01	7.527E-01	3.992E-01	6.983E-01	10665	Tequatrovirus T4
YP_009664552.1	1	YP_009664552.1	3k33-assembly1_A-2	6.559E+00	35	0.138	118	13.500	4.513E-01	4.480E-01	1.947E-01	4.014E-01	10678	Punavirus P1
YP_009664552.1	2	YP_009664552.1	4lle-assembly2_D	8.331E+00	29	0.082	111	7.200	4.616E-01	3.506E-01	1.539E-01	3.164E-01	208964	Pseudomonas aeruginosa PAO1
YP_009664552.1	3	YP_009664552.1	7zvi-assembly1_A-2	8.331E+00	27	0.069	115	8.600	4.197E-01	3.384E-01	1.512E-01	1.792E-01	1280	Staphylococcus aureus
YP_009664552.1	4	YP_009664552.1	7a6r-assembly1_A	5.164E+00	27	0.069	149	13.400	3.910E-01	2.642E-01	1.441E-01	1.773E-01	9606	Homo sapiens
YP_009664552.1	5	YP_009664552.1	6hep-assembly2_D	3.357E+00	27	0.069	142	14.000	3.528E-01	2.440E-01	1.329E-01	1.698E-01	9606	Homo sapiens
YP_009664552.1	6	YP_009664552.1	6gn8-assembly1_B	5.960E+00	25	0.057	138	10.800	3.896E-01	2.621E-01	1.432E-01	1.805E-01	9606	Homo sapiens
YP_009664552.1	7	YP_009664552.1	6gn0-assembly2_D	5.682E+00	24	0.051	150	11.300	3.811E-01	2.347E-01	1.341E-01	1.629E-01	9606	Homo sapiens
YP_009664552.1	8	YP_009664552.1	5yqg-assembly1_A	8.331E+00	23	0.045	140	10.700	3.883E-01	2.509E-01	1.391E-01	1.721E-01	10090	Mus musculus
YP_009664552.1	9	YP_009664552.1	3uux-assembly1_A	6.880E+00	23	0.045	143	8.300	3.740E-01	2.501E-01	1.260E-01	2.490E-01	559292	Saccharomyces cerevisiae S288C
YP_009664552.1	10	YP_009664552.1	1rtx-assembly1_A	9.167E+00	23	0.045	105	13.300	3.592E-01	2.995E-01	1.049E-01	2.367E-01	1148	Synechocystis sp. PCC 6803
YP_009664552.1	11	YP_009664552.1	8btq-assembly1_A-2	3.875E+00	22	0.040	267	12.300	3.243E-01	1.893E-01	1.591E-01	1.821E-01	9606	Homo sapiens
YP_009664552.1	12	YP_009664552.1	5hf3-assembly1_A-2	4.473E+00	22	0.040	260	11.100	3.492E-01	1.877E-01	1.575E-01	1.829E-01	9606	Homo sapiens
YP_009664552.1	13	YP_009664552.1	6hmt-assembly1_A-2	3.201E+00	22	0.040	265	12.400	3.184E-01	1.727E-01	1.392E-01	1.673E-01	9606	Homo sapiens
YP_009664552.1	14	YP_009664552.1	4dau-assembly1_A-2	8.331E+00	22	0.040	147	12.200	3.760E-01	2.409E-01	1.319E-01	1.680E-01	9606	Homo sapiens
YP_009664552.1	15	YP_009664552.1	1o4x-assembly1_A	7.217E+00	22	0.040	142	11.200	3.578E-01	2.372E-01	1.046E-01	2.211E-01	9606	Homo sapiens
YP_009664552.1	16	YP_009664552.1	7bdy-assembly1_A	4.065E+00	21	0.034	267	12.300	3.153E-01	1.779E-01	1.432E-01	1.718E-01	9606	Homo sapiens
YP_009664552.1	17	YP_009664552.1	5m35-assembly1_A	5.682E+00	21	0.034	248	11.200	3.709E-01	1.920E-01	1.431E-01	1.887E-01	9606	Homo sapiens
YP_009664552.1	18	YP_009664552.1	6fn9-assembly1_B	5.682E+00	21	0.034	209	9.000	3.327E-01	2.094E-01	1.350E-01	1.710E-01	9606	Homo sapiens
YP_009664552.1	19	YP_009664552.1	4fp4-assembly1_A	7.941E+00	20	0.029	259	11.900	3.373E-01	2.162E-01	1.806E-01	2.074E-01	410359	Pyrobaculum calidifontis JCM 11548
YP_009664552.1	20	YP_009664552.1	5ok9-assembly1_A	6.252E+00	20	0.029	267	11.200	3.300E-01	1.933E-01	1.701E-01	1.916E-01	9606	Homo sapiens
