cluster_id	protein_accession	virus_family	description	residue_count	ca_count	mean_plddt	median_plddt	min_plddt	max_plddt	frac_plddt_ge_70	frac_plddt_ge_90	hypothetical_ratio	neighborhood_signature	structural_membrane_vote_fraction	foldseek_target	foldseek_evalue	foldseek_prob	foldseek_alnlen	foldseek_pident	foldseek_lddt	foldseek_alntmscore	foldseek_qtmscore	foldseek_ttmscore	foldseek_query_coverage	foldseek_taxname	structure_evidence_tier	pdb_path
	YP_010660727.1	Purivirus		269	269	97.032	97.99	65.41	98.91	0.996	0.97				6qem-assembly1_H	5.400E-14	1.000	224	28.500	7.127E-01	7.829E-01	6.398E-01	7.109E-01	0.833	Escherichia coli	strong_targeted_support	runs/v2_full_test_evidence_regime/structure_panel/esmfold_pdb/YP_010660727.1.pdb
	YP_010104262.1	Frickvirinae		272	272	96.751	97.86	74.55	98.85	1.0	0.963				6en0-assembly1_B	2.464E-10	1.000	313	19.100	6.172E-01	8.047E-01	7.725E-01	6.864E-01	1.151	Enterococcus faecalis	strong_targeted_support	runs/v2_full_test_evidence_regime/structure_panel/esmfold_pdb/YP_010104262.1.pdb
	YP_010098210.1	Frickvirinae		274	274	96.536	97.735	75.04	98.82	1.0	0.949				6en0-assembly1_B	2.066E-10	1.000	313	19.100	6.170E-01	8.043E-01	7.672E-01	6.862E-01	1.142	Enterococcus faecalis	strong_targeted_support	runs/v2_full_test_evidence_regime/structure_panel/esmfold_pdb/YP_010098210.1.pdb
	YP_010112091.1	Loutivirinae		341	341	96.426	98.17	80.42	98.93	1.0	0.897				8ubb-assembly1_A	2.299E-22	1.000	325	34.100	7.211E-01	9.258E-01	8.663E-01	8.989E-01	0.953	Bordetella phage BPP-1	strong_targeted_support	runs/v2_full_test_evidence_regime/structure_panel/esmfold_pdb/YP_010112091.1.pdb
	YP_009593338.1	Vieuvirus		398	398	96.231	97.965	74.09	98.89	1.0	0.932				5j0n-assembly1_H	8.002E-08	1.000	404	15.000	5.178E-01	6.434E-01	5.517E-01	6.091E-01	1.015	Lambdavirus lambda	strong_targeted_support	runs/v2_full_test_evidence_regime/structure_panel/esmfold_pdb/YP_009593338.1.pdb
	YP_009017294.1	Lclasvirinae		421	421	96.202	97.88	70.33	98.94	1.0	0.931				8a3v-assembly1_A	3.111E-35	1.000	437	32.200	8.073E-01	9.071E-01	8.950E-01	8.405E-01	1.038	Vibrio cholerae	strong_targeted_support	runs/v2_full_test_evidence_regime/structure_panel/esmfold_pdb/YP_009017294.1.pdb
	YP_008410945.1	Lclasvirinae		421	421	96.194	97.88	70.46	98.94	1.0	0.926				8a3v-assembly1_A	3.338E-35	1.000	437	32.200	8.090E-01	9.078E-01	8.956E-01	8.411E-01	1.038	Vibrio cholerae	strong_targeted_support	runs/v2_full_test_evidence_regime/structure_panel/esmfold_pdb/YP_008410945.1.pdb
	YP_009841947.1	Ackermannviridae		222	222	95.852	96.585	84.68	98.7	1.0	0.964				3u5z-assembly2_Q	4.087E-13	1.000	226	22.500	7.270E-01	9.022E-01	8.869E-01	8.649E-01	1.018	Tequatrovirus T4	strong_targeted_support	runs/v2_full_test_evidence_regime/structure_panel/esmfold_pdb/YP_009841947.1.pdb
	YP_009845819.1	Ackermannviridae		225	225	95.754	97.02	72.89	98.5	1.0	0.947				3u5z-assembly2_Q	1.359E-14	1.000	226	21.600	7.358E-01	9.035E-01	8.767E-01	8.657E-01	1.004	Tequatrovirus T4	strong_targeted_support	runs/v2_full_test_evidence_regime/structure_panel/esmfold_pdb/YP_009845819.1.pdb
	YP_010679952.1	Joanripponvirinae		180	180	95.69	97.1	71.9	98.77	1.0	0.917				1u3e-assembly1_M	4.199E-09	1.000	182	28.500	6.702E-01	6.042E-01	5.268E-01	5.441E-01	1.011	Okubovirus SPO1	strong_targeted_support	runs/v2_full_test_evidence_regime/structure_panel/esmfold_pdb/YP_010679952.1.pdb
	YP_010681283.1	Joanripponvirinae		437	437	95.586	97.17	76.95	98.85	1.0	0.904				6dt1-assembly1_A	9.158E-29	1.000	476	21.600	6.535E-01	7.378E-01	7.287E-01	6.912E-01	1.089	Tequatrovirus T4	strong_targeted_support	runs/v2_full_test_evidence_regime/structure_panel/esmfold_pdb/YP_010681283.1.pdb
	YP_010112204.1	Loutivirinae		340	340	95.507	97.855	51.28	98.91	0.991	0.891				8ubb-assembly1_A	2.443E-18	1.000	326	31.900	6.923E-01	9.135E-01	8.521E-01	8.817E-01	0.959	Bordetella phage BPP-1	strong_targeted_support	runs/v2_full_test_evidence_regime/structure_panel/esmfold_pdb/YP_010112204.1.pdb
	YP_009851111.1	Menderavirus		253	253	95.494	96.26	81.54	98.37	1.0	0.953				2ob9-assembly1_B	4.520E-01	0.601	100	16.000	4.334E-01	5.381E-01	2.353E-01	4.779E-01	0.395	Byrnievirus HK97	model_confident_no_clear_pdb_analog	runs/v2_full_test_evidence_regime/structure_panel/esmfold_pdb/YP_009851111.1.pdb
	YP_010747618.1	Guernseyvirinae		389	389	95.339	96.63	67.86	98.8	0.997	0.923				8xan-assembly1_C	8.626E-21	1.000	388	21.100	7.119E-01	8.830E-01	6.975E-01	8.775E-01	0.997	Acinetobacter phage SH-Ab 15497	strong_targeted_support	runs/v2_full_test_evidence_regime/structure_panel/esmfold_pdb/YP_010747618.1.pdb
	YP_010746217.1	Guernseyvirinae		389	389	95.292	96.57	63.57	98.82	0.995	0.913				8xan-assembly1_C	4.574E-22	1.000	388	21.900	7.323E-01	8.997E-01	7.101E-01	8.941E-01	0.997	Acinetobacter phage SH-Ab 15497	strong_targeted_support	runs/v2_full_test_evidence_regime/structure_panel/esmfold_pdb/YP_010746217.1.pdb
	YP_453672.1	Kantovirinae		658	658	95.243	96.51	66.31	98.67	0.998	0.926				7r0k-assembly1_A	3.282E-19	1.000	784	17.400	5.282E-01	6.757E-01	6.702E-01	6.272E-01	1.191	Thermus phage G20c	strong_targeted_support	runs/v2_full_test_evidence_regime/structure_panel/esmfold_pdb/YP_453672.1.pdb
	YP_010077946.1	Menderavirus		430	430	95.224	96.41	68.81	98.78	0.998	0.923				6dt1-assembly1_A	1.290E-37	1.000	460	31.900	7.641E-01	7.084E-01	6.919E-01	6.489E-01	1.07	Tequatrovirus T4	strong_targeted_support	runs/v2_full_test_evidence_regime/structure_panel/esmfold_pdb/YP_010077946.1.pdb
	YP_010667693.1	Menderavirus		430	430	95.224	96.44	68.69	98.75	0.998	0.926				6dt1-assembly1_A	1.743E-37	1.000	460	31.700	7.635E-01	7.106E-01	6.935E-01	6.501E-01	1.07	Tequatrovirus T4	strong_targeted_support	runs/v2_full_test_evidence_regime/structure_panel/esmfold_pdb/YP_010667693.1.pdb
	YP_009844464.1	Menderavirus		430	430	95.221	96.43	68.16	98.79	0.998	0.921				6dt1-assembly1_A	5.775E-38	1.000	460	32.100	7.640E-01	7.154E-01	6.983E-01	6.560E-01	1.07	Tequatrovirus T4	strong_targeted_support	runs/v2_full_test_evidence_regime/structure_panel/esmfold_pdb/YP_009844464.1.pdb
	YP_009219525.1	Ounavirinae		489	489	95.169	96.84	55.92	98.8	0.984	0.916				9b45-assembly1_p	2.221E-21	1.000	514	15.900	6.194E-01	6.073E-01	5.296E-01	6.003E-01	1.051	Pseudomonas virus Pa193	strong_targeted_support	runs/v2_full_test_evidence_regime/structure_panel/esmfold_pdb/YP_009219525.1.pdb
	YP_010676172.1	Ounavirinae		489	489	95.165	96.87	54.67	98.82	0.982	0.916				9b45-assembly1_p	4.341E-21	1.000	514	15.900	6.203E-01	6.040E-01	5.272E-01	5.971E-01	1.051	Pseudomonas virus Pa193	strong_targeted_support	runs/v2_full_test_evidence_regime/structure_panel/esmfold_pdb/YP_010676172.1.pdb
	YP_009145703.1	Ounavirinae		489	489	95.164	96.95	50.25	98.77	0.982	0.928				9b45-assembly1_p	1.584E-20	1.000	518	15.000	6.293E-01	6.154E-01	5.416E-01	6.130E-01	1.059	Pseudomonas virus Pa193	strong_targeted_support	runs/v2_full_test_evidence_regime/structure_panel/esmfold_pdb/YP_009145703.1.pdb
	YP_010680497.1	Joanripponvirinae		562	562	95.161	96.495	63.55	98.93	0.996	0.895				2zxp-assembly1_A	6.604E-35	1.000	551	22.100	6.723E-01	8.697E-01	7.657E-01	6.703E-01	0.98	Thermus thermophilus HB8	strong_targeted_support	runs/v2_full_test_evidence_regime/structure_panel/esmfold_pdb/YP_010680497.1.pdb
	YP_009187315.1	Sepvirinae		397	397	95.108	97.3	64.67	98.86	0.987	0.899				6en1-assembly1_A	1.329E-08	1.000	317	16.000	5.851E-01	7.836E-01	5.637E-01	6.973E-01	0.798	Enterococcus faecalis	strong_targeted_support	runs/v2_full_test_evidence_regime/structure_panel/esmfold_pdb/YP_009187315.1.pdb
	YP_010681548.1	Heleneionescovirinae		434	434	95.096	97.385	63.99	98.82	0.986	0.878				6rce-assembly1_I	2.915E-35	1.000	453	28.200	6.895E-01	6.217E-01	6.033E-01	6.059E-01	1.044	Prochlorococcus marinus	strong_targeted_support	runs/v2_full_test_evidence_regime/structure_panel/esmfold_pdb/YP_010681548.1.pdb
	YP_002456089.1	Ounavirinae		494	494	95.039	96.695	50.84	98.69	0.984	0.923				9b45-assembly1_p	9.430E-20	1.000	517	15.200	6.379E-01	6.919E-01	5.919E-01	6.835E-01	1.047	Pseudomonas virus Pa193	strong_targeted_support	runs/v2_full_test_evidence_regime/structure_panel/esmfold_pdb/YP_002456089.1.pdb
	YP_010680760.1	Joanripponvirinae		324	324	95.032	96.08	65.56	98.8	0.994	0.935				4gp6-assembly1_B-2	1.765E-07	1.000	149	27.500	7.206E-01	9.244E-01	4.224E-01	7.846E-01	0.46	Acetivibrio thermocellus ATCC 27405	strong_targeted_support	runs/v2_full_test_evidence_regime/structure_panel/esmfold_pdb/YP_010680760.1.pdb
	YP_009214227.1	Yongloolinvirus		388	388	95.013	97.365	65.93	98.92	0.992	0.858				6emy-assembly1_A	2.457E-13	1.000	338	20.400	6.511E-01	7.645E-01	6.328E-01	7.603E-01	0.871	Enterococcus faecalis	strong_targeted_support	runs/v2_full_test_evidence_regime/structure_panel/esmfold_pdb/YP_009214227.1.pdb
	YP_009851177.1	Menderavirus		431	431	95.007	96.26	68.67	98.81	0.998	0.891				6dt1-assembly1_A	4.233E-39	1.000	461	31.800	7.611E-01	7.141E-01	6.984E-01	6.569E-01	1.07	Tequatrovirus T4	strong_targeted_support	runs/v2_full_test_evidence_regime/structure_panel/esmfold_pdb/YP_009851177.1.pdb
	YP_009177293.1	Ounavirinae		366	366	95.002	96.63	68.69	98.76	0.997	0.896				6imk-assembly1_A	1.148E-23	1.000	407	19.100	6.880E-01	7.745E-01	7.651E-01	6.931E-01	1.112	African swine fever virus	strong_targeted_support	runs/v2_full_test_evidence_regime/structure_panel/esmfold_pdb/YP_009177293.1.pdb
	YP_009637942.1	Benedictvirus		621	621	94.902	97.01	36.44	98.85	0.977	0.913				8oo6-assembly1_A	9.682E-26	1.000	638	22.800	5.912E-01	8.259E-01	7.749E-01	7.953E-01	1.027	Escherichia coli 'BL21-Gold(DE3)pLysS AG'	strong_targeted_support	runs/v2_full_test_evidence_regime/structure_panel/esmfold_pdb/YP_009637942.1.pdb
	YP_009617276.1	Microwolfvirus		604	604	94.895	95.91	58.92	98.3	0.997	0.925				8oo6-assembly1_A	1.058E-26	1.000	629	23.000	6.346E-01	8.493E-01	8.229E-01	8.229E-01	1.041	Escherichia coli 'BL21-Gold(DE3)pLysS AG'	strong_targeted_support	runs/v2_full_test_evidence_regime/structure_panel/esmfold_pdb/YP_009617276.1.pdb
	YP_010060751.1	Benedictvirus		621	621	94.867	96.9	35.25	98.77	0.977	0.921				8oo6-assembly1_A	7.087E-26	1.000	635	22.600	6.051E-01	8.404E-01	7.884E-01	8.090E-01	1.023	Escherichia coli 'BL21-Gold(DE3)pLysS AG'	strong_targeted_support	runs/v2_full_test_evidence_regime/structure_panel/esmfold_pdb/YP_010060751.1.pdb
	YP_010680252.1	Joanripponvirinae		563	563	94.843	96.38	58.42	98.92	0.989	0.899				2zxp-assembly1_A	1.677E-32	1.000	580	21.700	6.539E-01	8.445E-01	7.777E-01	6.824E-01	1.03	Thermus thermophilus HB8	strong_targeted_support	runs/v2_full_test_evidence_regime/structure_panel/esmfold_pdb/YP_010680252.1.pdb
	YP_009321545.1	Ferrettivirinae		375	375	94.836	97.14	58.24	98.9	0.987	0.872				6emy-assembly1_A	5.264E-13	1.000	325	24.000	6.425E-01	8.015E-01	6.734E-01	7.879E-01	0.867	Enterococcus faecalis	strong_targeted_support	runs/v2_full_test_evidence_regime/structure_panel/esmfold_pdb/YP_009321545.1.pdb
	YP_001285700.1	Xipdecavirus		293	293	94.831	96.37	60.31	98.63	0.99	0.904				6ras-assembly1_I	4.696E-18	1.000	309	22.300	6.227E-01	7.534E-01	7.267E-01	5.147E-01	1.055	Prochlorococcus marinus str. MIT 9302	strong_targeted_support	runs/v2_full_test_evidence_regime/structure_panel/esmfold_pdb/YP_001285700.1.pdb
	YP_009322002.1	Ferrettivirinae		375	375	94.806	97.07	58.56	98.89	0.987	0.872				6emy-assembly1_A	6.153E-13	1.000	325	24.000	6.423E-01	8.017E-01	6.735E-01	7.880E-01	0.867	Enterococcus faecalis	strong_targeted_support	runs/v2_full_test_evidence_regime/structure_panel/esmfold_pdb/YP_009322002.1.pdb
	YP_009618610.1	Ounavirinae		366	366	94.79	96.485	59.87	98.74	0.995	0.893				6imk-assembly1_A	7.554E-25	1.000	407	20.300	6.852E-01	7.860E-01	7.764E-01	7.030E-01	1.112	African swine fever virus	strong_targeted_support	runs/v2_full_test_evidence_regime/structure_panel/esmfold_pdb/YP_009618610.1.pdb
	YP_010746411.1	Guernseyvirinae		389	389	94.787	96.32	61.54	98.76	0.995	0.902				8xan-assembly1_C	1.695E-21	1.000	388	21.600	7.242E-01	8.945E-01	7.065E-01	8.889E-01	0.997	Acinetobacter phage SH-Ab 15497	strong_targeted_support	runs/v2_full_test_evidence_regime/structure_panel/esmfold_pdb/YP_010746411.1.pdb
	YP_010681710.1	Heleneionescovirinae		341	341	94.75	96.57	65.54	98.7	0.997	0.868				4gp6-assembly1_B-2	3.961E-08	1.000	166	27.700	6.557E-01	8.367E-01	4.046E-01	7.769E-01	0.487	Acetivibrio thermocellus ATCC 27405	strong_targeted_support	runs/v2_full_test_evidence_regime/structure_panel/esmfold_pdb/YP_010681710.1.pdb
	YP_009145685.1	Ounavirinae		366	366	94.699	96.585	65.63	98.75	0.997	0.893				6imk-assembly1_A	1.145E-24	1.000	407	20.100	6.834E-01	7.364E-01	7.277E-01	6.608E-01	1.112	African swine fever virus	strong_targeted_support	runs/v2_full_test_evidence_regime/structure_panel/esmfold_pdb/YP_009145685.1.pdb
	YP_009211023.1	Ounavirinae		154	154	94.668	95.735	77.33	98.29	1.0	0.909				7m5i-assembly1_B	5.371E-23	1.000	154	85.700	9.650E-01	9.758E-01	9.696E-01	9.456E-01	1.0	Escherichia coli O157 typing phage 15	strong_targeted_support	runs/v2_full_test_evidence_regime/structure_panel/esmfold_pdb/YP_009211023.1.pdb
	YP_010510042.1	Loutivirinae		341	341	94.667	97.94	68.54	98.92	0.994	0.818				8ubd-assembly1_A	8.622E-24	1.000	325	32.900	7.428E-01	9.403E-01	8.713E-01	9.125E-01	0.953	Bordetella phage BPP-1	strong_targeted_support	runs/v2_full_test_evidence_regime/structure_panel/esmfold_pdb/YP_010510042.1.pdb
	YP_009833159.1	Ackermannviridae		222	222	94.643	96.12	70.55	98.21	1.0	0.914				1b8h-assembly1_B	4.945E-17	1.000	225	27.100	7.731E-01	9.176E-01	8.899E-01	8.675E-01	1.014	Escherichia phage RB69	strong_targeted_support	runs/v2_full_test_evidence_regime/structure_panel/esmfold_pdb/YP_009833159.1.pdb
	YP_010681280.1	Joanripponvirinae		324	324	94.618	95.675	64.74	98.76	0.994	0.907				4gp6-assembly1_B-2	1.380E-07	1.000	149	27.500	7.220E-01	9.247E-01	4.225E-01	7.849E-01	0.46	Acetivibrio thermocellus ATCC 27405	strong_targeted_support	runs/v2_full_test_evidence_regime/structure_panel/esmfold_pdb/YP_010681280.1.pdb
	YP_009796766.1	Abbeymikolonvirus		621	621	94.617	96.34	61.27	98.68	0.989	0.889				6p5c-assembly1_A	4.084E-27	1.000	634	23.500	6.207E-01	8.302E-01	7.718E-01	8.209E-01	1.021	Geobacillus stearothermophilus	strong_targeted_support	runs/v2_full_test_evidence_regime/structure_panel/esmfold_pdb/YP_009796766.1.pdb
	YP_009854183.1	Ackermannviridae		283	283	94.593	96.68	72.6	98.88	1.0	0.852				4rtj-assembly1_A	5.995E-18	1.000	271	28.400	6.793E-01	8.300E-01	7.263E-01	8.121E-01	0.958	Escherichia coli str. K-12 substr. MDS42	strong_targeted_support	runs/v2_full_test_evidence_regime/structure_panel/esmfold_pdb/YP_009854183.1.pdb
	YP_010681552.1	Heleneionescovirinae		338	338	94.569	96.585	41.49	98.74	0.979	0.896				4mde-assembly1_A	1.135E-06	1.000	156	24.300	6.451E-01	8.666E-01	4.047E-01	7.678E-01	0.462	Acetivibrio thermocellus ATCC 27405	strong_targeted_support	runs/v2_full_test_evidence_regime/structure_panel/esmfold_pdb/YP_010681552.1.pdb
	YP_010510126.1	Loutivirinae		341	341	94.54	98.02	70.76	98.93	1.0	0.821				8ubd-assembly1_A	3.544E-24	1.000	325	32.600	7.403E-01	9.441E-01	8.748E-01	9.162E-01	0.953	Bordetella phage BPP-1	strong_targeted_support	runs/v2_full_test_evidence_regime/structure_panel/esmfold_pdb/YP_010510126.1.pdb
	YP_009606890.1	Ounavirinae		366	366	94.484	96.285	62.4	98.72	0.992	0.883				6imk-assembly1_A	1.124E-24	1.000	410	19.700	6.699E-01	7.755E-01	7.661E-01	6.937E-01	1.12	African swine fever virus	strong_targeted_support	runs/v2_full_test_evidence_regime/structure_panel/esmfold_pdb/YP_009606890.1.pdb
	YP_010742780.1	Stanbaylleyvirinae		229	229	94.463	96.53	73.3	98.56	1.0	0.856				4pqy-assembly1_A	7.311E-07	1.000	215	12.500	4.700E-01	6.232E-01	5.244E-01	3.965E-01	0.939	Mycobacterium tuberculosis	strong_targeted_support	runs/v2_full_test_evidence_regime/structure_panel/esmfold_pdb/YP_010742780.1.pdb
	YP_010100847.1	Frickvirinae		298	298	94.429	96.6	64.5	98.76	0.993	0.842				6dnw-assembly1_A	1.554E-04	1.000	186	17.200	5.761E-01	5.374E-01	3.135E-01	3.955E-01	0.624	Listeria innocua Clip11262	local_structural_support	runs/v2_full_test_evidence_regime/structure_panel/esmfold_pdb/YP_010100847.1.pdb
	YP_009277021.1	Ackermannviridae		244	244	94.424	95.135	73.59	98.74	1.0	0.889				2ob9-assembly1_A	1.526E+00	0.382	95	13.600	4.172E-01	5.997E-01	2.104E-01	4.283E-01	0.389	Byrnievirus HK97	model_confident_no_clear_pdb_analog	runs/v2_full_test_evidence_regime/structure_panel/esmfold_pdb/YP_009277021.1.pdb
	YP_010679955.1	Joanripponvirinae		377	377	94.39	96.64	61.85	98.8	0.995	0.825				3gp8-assembly1_A	1.618E-07	1.000	243	20.100	6.592E-01	7.283E-01	4.576E-01	3.241E-01	0.645	Deinococcus radiodurans R1 = ATCC 13939 = DSM 20539	strong_targeted_support	runs/v2_full_test_evidence_regime/structure_panel/esmfold_pdb/YP_010679955.1.pdb
	YP_009855449.1	Tantvirus		256	256	94.334	95.835	61.79	98.8	0.988	0.867				1fxx-assembly1_A	2.631E-10	1.000	202	20.200	6.671E-01	8.630E-01	5.998E-01	3.457E-01	0.789	Escherichia coli	strong_targeted_support	runs/v2_full_test_evidence_regime/structure_panel/esmfold_pdb/YP_009855449.1.pdb
	YP_010509859.1	Loutivirinae		340	340	94.307	96.705	46.89	98.92	0.985	0.853				8ubd-assembly1_A	1.499E-18	1.000	323	31.200	7.295E-01	9.301E-01	8.593E-01	8.972E-01	0.95	Bordetella phage BPP-1	strong_targeted_support	runs/v2_full_test_evidence_regime/structure_panel/esmfold_pdb/YP_010509859.1.pdb
	YP_009889851.1	Twarogvirinae		381	381	94.285	96.57	49.82	98.87	0.997	0.816				5tt6-assembly1_A	6.654E-42	1.000	374	50.000	8.710E-01	6.894E-01	6.667E-01	6.768E-01	0.982	Tequatrovirus T4	strong_targeted_support	runs/v2_full_test_evidence_regime/structure_panel/esmfold_pdb/YP_009889851.1.pdb
	YP_009222524.1	Gordtnkvirus		265	265	94.28	97.19	68.48	98.84	0.992	0.842				6emy-assembly1_B	3.554E-07	1.000	312	14.700	5.812E-01	7.727E-01	7.523E-01	6.446E-01	1.177	Enterococcus faecalis	strong_targeted_support	runs/v2_full_test_evidence_regime/structure_panel/esmfold_pdb/YP_009222524.1.pdb
	YP_010681215.1	Joanripponvirinae		571	571	94.267	96.51	44.1	98.94	0.979	0.865				2zxp-assembly1_A	5.075E-34	1.000	551	21.900	6.610E-01	8.647E-01	7.505E-01	6.671E-01	0.965	Thermus thermophilus HB8	strong_targeted_support	runs/v2_full_test_evidence_regime/structure_panel/esmfold_pdb/YP_010681215.1.pdb
	YP_010102964.1	Frickvirinae		298	298	94.253	96.645	65.12	98.83	0.993	0.829				4kis-assembly2_B	2.575E-08	1.000	326	15.300	5.561E-01	3.201E-01	3.051E-01	2.988E-01	1.094	Listeria innocua Clip11262	local_structural_support	runs/v2_full_test_evidence_regime/structure_panel/esmfold_pdb/YP_010102964.1.pdb
	YP_007349007.1	Ackermannviridae		590	590	94.233	95.955	58.1	98.71	0.986	0.871				5hx2-assembly1_D	1.584E-32	1.000	662	18.400	6.019E-01	6.785E-01	6.742E-01	6.233E-01	1.122	Tequatrovirus T4	strong_targeted_support	runs/v2_full_test_evidence_regime/structure_panel/esmfold_pdb/YP_007349007.1.pdb
	YP_009288272.1	Ounavirinae		366	366	94.226	96.12	58.38	98.72	0.992	0.877				6imk-assembly1_A	1.423E-24	1.000	408	19.800	6.766E-01	7.852E-01	7.755E-01	7.021E-01	1.115	African swine fever virus	strong_targeted_support	runs/v2_full_test_evidence_regime/structure_panel/esmfold_pdb/YP_009288272.1.pdb
	YP_010681335.1	Joanripponvirinae		247	247	94.212	95.3	76.49	98.54	1.0	0.87				8xkn-assembly1_C	1.561E-16	1.000	249	18.800	7.276E-01	8.518E-01	8.139E-01	8.292E-01	1.008	Bacillus halotolerans	strong_targeted_support	runs/v2_full_test_evidence_regime/structure_panel/esmfold_pdb/YP_010681335.1.pdb
	YP_010051036.1	Ruthgordonvirinae		198	198	94.208	96.41	74.7	98.54	1.0	0.828				9d9l-assembly1_L	1.299E-07	1.000	209	19.600	6.606E-01	7.276E-01	7.079E-01	5.152E-01	1.056	Mycobacterium phage Bxb1	strong_targeted_support	runs/v2_full_test_evidence_regime/structure_panel/esmfold_pdb/YP_010051036.1.pdb
	YP_009324641.1	Ounavirinae		367	367	94.206	96.07	60.5	98.76	0.989	0.872				6imk-assembly1_A	5.974E-24	1.000	411	18.900	6.782E-01	7.711E-01	7.617E-01	6.915E-01	1.12	African swine fever virus	strong_targeted_support	runs/v2_full_test_evidence_regime/structure_panel/esmfold_pdb/YP_009324641.1.pdb
	YP_010060663.1	Benedictvirus		632	632	94.2	96.555	36.22	98.82	0.973	0.886				8oo6-assembly1_A	5.879E-26	1.000	635	22.600	6.030E-01	8.388E-01	7.738E-01	8.075E-01	1.005	Escherichia coli 'BL21-Gold(DE3)pLysS AG'	strong_targeted_support	runs/v2_full_test_evidence_regime/structure_panel/esmfold_pdb/YP_010060663.1.pdb
	YP_010748904.1	Guernseyvirinae		416	416	94.18	97.055	61.21	98.88	0.986	0.82				5oe8-assembly2_B	6.919E-24	1.000	431	18.700	6.023E-01	4.994E-01	4.771E-01	4.880E-01	1.036	Deep-sea thermophilic phage D6E	strong_targeted_support	runs/v2_full_test_evidence_regime/structure_panel/esmfold_pdb/YP_010748904.1.pdb
	YP_024988.1	Enhodamvirus		489	489	94.125	96.39	55.42	98.87	0.984	0.83				7oob-assembly1_b	2.286E-22	1.000	509	17.800	6.296E-01	7.844E-01	7.490E-01	7.078E-01	1.041	Homo sapiens	strong_targeted_support	runs/v2_full_test_evidence_regime/structure_panel/esmfold_pdb/YP_024988.1.pdb
	YP_009336869.1	Riboviria		369	369	94.119	95.53	70.86	98.62	1.0	0.862				2uut-assembly1_A	1.578E-10	1.000	404	14.300	5.772E-01	7.671E-01	7.504E-01	5.791E-01	1.095	Sapporo virus	strong_targeted_support	runs/v2_full_test_evidence_regime/structure_panel/esmfold_pdb/YP_009336869.1.pdb
	YP_010659752.1	Enquatrovirinae		218	218	94.113	96.965	56.07	98.86	0.968	0.872				7et4-assembly3_G	4.888E-01	0.933	37	13.500	5.343E-01	7.737E-01	1.547E-01	3.237E-01	0.17	Arabidopsis thaliana	model_confident_no_clear_pdb_analog	runs/v2_full_test_evidence_regime/structure_panel/esmfold_pdb/YP_010659752.1.pdb
	YP_009204958.1	Ounavirinae		110	110	94.105	94.56	77.01	96.85	1.0	0.927				8jou-assembly1_h	2.611E-02	0.993	135	17.700	4.387E-01	5.933E-01	5.561E-01	4.643E-01	1.227	Ralstonia phage GP4	strong_targeted_support	runs/v2_full_test_evidence_regime/structure_panel/esmfold_pdb/YP_009204958.1.pdb
	YP_009324606.1	Ounavirinae		110	110	94.105	94.56	77.01	96.85	1.0	0.927				8jou-assembly1_h	2.611E-02	0.993	135	17.700	4.387E-01	5.933E-01	5.561E-01	4.643E-01	1.227	Ralstonia phage GP4	strong_targeted_support	runs/v2_full_test_evidence_regime/structure_panel/esmfold_pdb/YP_009324606.1.pdb
	YP_007002877.1	Slopekvirinae		420	420	94.097	96.36	63.78	98.85	0.993	0.855				8a3v-assembly1_A	1.588E-18	1.000	456	15.300	6.105E-01	7.132E-01	7.102E-01	6.692E-01	1.086	Vibrio cholerae	strong_targeted_support	runs/v2_full_test_evidence_regime/structure_panel/esmfold_pdb/YP_007002877.1.pdb
	YP_009907823.1	Sepvirinae		489	489	94.085	96.25	72.24	98.79	1.0	0.845				7qw7-assembly1_A	2.169E-20	1.000	587	15.300	5.167E-01	7.329E-01	7.045E-01	6.304E-01	1.2	Geobacillus stearothermophilus	strong_targeted_support	runs/v2_full_test_evidence_regime/structure_panel/esmfold_pdb/YP_009907823.1.pdb
	YP_010098208.1	Frickvirinae		298	298	94.079	96.365	64.85	98.73	0.99	0.805				4kis-assembly2_B	3.554E-08	1.000	329	15.100	5.809E-01	3.226E-01	3.067E-01	3.003E-01	1.104	Listeria innocua Clip11262	local_structural_support	runs/v2_full_test_evidence_regime/structure_panel/esmfold_pdb/YP_010098208.1.pdb
	YP_010104260.1	Frickvirinae		298	298	94.079	96.365	64.85	98.73	0.99	0.805				4kis-assembly2_B	3.554E-08	1.000	329	15.100	5.809E-01	3.226E-01	3.067E-01	3.003E-01	1.104	Listeria innocua Clip11262	local_structural_support	runs/v2_full_test_evidence_regime/structure_panel/esmfold_pdb/YP_010104260.1.pdb
	YP_007010591.1	Vieuvirus		256	256	94.053	96.475	50.17	98.78	0.957	0.895				6qem-assembly1_H	4.581E-14	1.000	219	22.800	7.310E-01	8.786E-01	7.323E-01	7.814E-01	0.855	Escherichia coli	strong_targeted_support	runs/v2_full_test_evidence_regime/structure_panel/esmfold_pdb/YP_007010591.1.pdb
	YP_009850242.1	Marfavirus		560	560	94.053	95.53	66.2	98.56	0.996	0.855				5f3w-assembly1_B	2.053E-15	1.000	568	12.800	6.292E-01	7.428E-01	4.897E-01	7.335E-01	1.014	Methanocaldococcus jannaschii DSM 2661	strong_targeted_support	runs/v2_full_test_evidence_regime/structure_panel/esmfold_pdb/YP_009850242.1.pdb
	YP_010653461.1	Attisvirus		360	360	94.048	97.04	51.53	98.88	0.981	0.828				6emy-assembly1_B	1.448E-12	1.000	321	19.900	6.992E-01	8.369E-01	6.896E-01	7.767E-01	0.892	Enterococcus faecalis	strong_targeted_support	runs/v2_full_test_evidence_regime/structure_panel/esmfold_pdb/YP_010653461.1.pdb
	YP_006906848.1	Sepvirinae		489	489	94.038	96.26	65.77	98.79	0.99	0.843				7qw7-assembly1_A	8.015E-21	1.000	585	15.200	5.307E-01	7.433E-01	7.129E-01	6.386E-01	1.196	Geobacillus stearothermophilus	strong_targeted_support	runs/v2_full_test_evidence_regime/structure_panel/esmfold_pdb/YP_006906848.1.pdb
	YP_009180918.1	Sepvirinae		489	489	94.038	96.26	65.77	98.79	0.99	0.843				7qw7-assembly1_A	8.015E-21	1.000	585	15.200	5.307E-01	7.433E-01	7.129E-01	6.386E-01	1.196	Geobacillus stearothermophilus	strong_targeted_support	runs/v2_full_test_evidence_regime/structure_panel/esmfold_pdb/YP_009180918.1.pdb
	YP_009187345.1	Sepvirinae		489	489	94.038	96.26	65.77	98.79	0.99	0.843				7qw7-assembly1_A	8.015E-21	1.000	585	15.200	5.307E-01	7.433E-01	7.129E-01	6.386E-01	1.196	Geobacillus stearothermophilus	strong_targeted_support	runs/v2_full_test_evidence_regime/structure_panel/esmfold_pdb/YP_009187345.1.pdb
	YP_009907898.1	Sepvirinae		489	489	94.038	96.26	65.77	98.79	0.99	0.843				7qw7-assembly1_A	8.015E-21	1.000	585	15.200	5.307E-01	7.433E-01	7.129E-01	6.386E-01	1.196	Geobacillus stearothermophilus	strong_targeted_support	runs/v2_full_test_evidence_regime/structure_panel/esmfold_pdb/YP_009907898.1.pdb
	YP_009187882.1	Sepvirinae		488	488	94.037	96.275	65.62	98.79	0.99	0.842				7qw7-assembly1_A	1.771E-20	1.000	585	15.200	5.288E-01	7.423E-01	7.121E-01	6.366E-01	1.199	Geobacillus stearothermophilus	strong_targeted_support	runs/v2_full_test_evidence_regime/structure_panel/esmfold_pdb/YP_009187882.1.pdb
	YP_010102200.1	Frickvirinae		298	298	94.036	96.39	64.96	98.77	0.993	0.812				6dnw-assembly1_A	1.326E-04	1.000	186	17.200	5.765E-01	5.375E-01	3.139E-01	3.956E-01	0.624	Listeria innocua Clip11262	local_structural_support	runs/v2_full_test_evidence_regime/structure_panel/esmfold_pdb/YP_010102200.1.pdb
	YP_010112411.1	Loutivirinae		341	341	94.032	97.33	70.29	98.94	1.0	0.815				8ubb-assembly1_A	2.854E-23	1.000	325	34.400	7.370E-01	9.371E-01	8.765E-01	9.097E-01	0.953	Bordetella phage BPP-1	strong_targeted_support	runs/v2_full_test_evidence_regime/structure_panel/esmfold_pdb/YP_010112411.1.pdb
	YP_010653531.1	Attisvirus		360	360	94.023	97.005	51.76	98.88	0.981	0.831				6emy-assembly1_B	2.290E-12	1.000	321	19.900	7.007E-01	8.376E-01	6.895E-01	7.773E-01	0.892	Enterococcus faecalis	strong_targeted_support	runs/v2_full_test_evidence_regime/structure_panel/esmfold_pdb/YP_010653531.1.pdb
	YP_009789431.1	Yoloswagvirus		279	279	94.006	97.62	50.75	98.91	0.957	0.849				1yf3-assembly1_A	9.426E-24	1.000	276	28.600	7.413E-01	8.993E-01	8.318E-01	8.927E-01	0.989	Tequatrovirus T4	strong_targeted_support	runs/v2_full_test_evidence_regime/structure_panel/esmfold_pdb/YP_009789431.1.pdb
	YP_010103058.1	Frickvirinae		298	298	93.993	96.47	64.67	98.81	0.993	0.805				6dnw-assembly1_A	2.323E-04	1.000	186	17.200	5.780E-01	5.373E-01	3.136E-01	3.956E-01	0.624	Listeria innocua Clip11262	local_structural_support	runs/v2_full_test_evidence_regime/structure_panel/esmfold_pdb/YP_010103058.1.pdb
	YP_009274083.1	Frickvirinae		298	298	93.987	96.435	64.55	98.76	0.993	0.805				6dnw-assembly1_A	1.336E-04	1.000	186	17.200	5.761E-01	5.373E-01	3.135E-01	3.956E-01	0.624	Listeria innocua Clip11262	local_structural_support	runs/v2_full_test_evidence_regime/structure_panel/esmfold_pdb/YP_009274083.1.pdb
	YP_010096746.1	Frickvirinae		298	298	93.987	96.435	64.55	98.76	0.993	0.805				6dnw-assembly1_A	1.336E-04	1.000	186	17.200	5.761E-01	5.373E-01	3.135E-01	3.956E-01	0.624	Listeria innocua Clip11262	local_structural_support	runs/v2_full_test_evidence_regime/structure_panel/esmfold_pdb/YP_010096746.1.pdb
	YP_010102105.1	Frickvirinae		298	298	93.987	96.435	64.55	98.76	0.993	0.805				6dnw-assembly1_A	1.336E-04	1.000	186	17.200	5.761E-01	5.373E-01	3.135E-01	3.956E-01	0.624	Listeria innocua Clip11262	local_structural_support	runs/v2_full_test_evidence_regime/structure_panel/esmfold_pdb/YP_010102105.1.pdb
	YP_010102299.1	Frickvirinae		298	298	93.987	96.435	64.55	98.76	0.993	0.805				6dnw-assembly1_A	1.336E-04	1.000	186	17.200	5.761E-01	5.373E-01	3.135E-01	3.956E-01	0.624	Listeria innocua Clip11262	local_structural_support	runs/v2_full_test_evidence_regime/structure_panel/esmfold_pdb/YP_010102299.1.pdb
	YP_010102392.1	Frickvirinae		298	298	93.987	96.435	64.55	98.76	0.993	0.805				6dnw-assembly1_A	1.336E-04	1.000	186	17.200	5.761E-01	5.373E-01	3.135E-01	3.956E-01	0.624	Listeria innocua Clip11262	local_structural_support	runs/v2_full_test_evidence_regime/structure_panel/esmfold_pdb/YP_010102392.1.pdb
	YP_010109307.1	Frickvirinae		298	298	93.987	96.435	64.55	98.76	0.993	0.805				6dnw-assembly1_A	1.336E-04	1.000	186	17.200	5.761E-01	5.373E-01	3.135E-01	3.956E-01	0.624	Listeria innocua Clip11262	local_structural_support	runs/v2_full_test_evidence_regime/structure_panel/esmfold_pdb/YP_010109307.1.pdb
	YP_006489174.1	Twarogvirinae		233	233	93.942	95.4	64.57	97.66	0.987	0.91				1del-assembly1_A	4.092E-20	1.000	242	32.600	7.817E-01	8.857E-01	8.785E-01	8.507E-01	1.039	Tequatrovirus T4	strong_targeted_support	runs/v2_full_test_evidence_regime/structure_panel/esmfold_pdb/YP_006489174.1.pdb
	YP_009277122.1	Ackermannviridae		340	340	93.884	96.03	48.12	98.58	0.971	0.912				1xdn-assembly1_A	1.139E-06	1.000	300	14.600	4.968E-01	6.315E-01	4.615E-01	5.748E-01	0.882	Trypanosoma brucei	strong_targeted_support	runs/v2_full_test_evidence_regime/structure_panel/esmfold_pdb/YP_009277122.1.pdb
	YP_007673842.1	Eurybiavirus		232	232	93.881	95.98	60.33	98.54	0.983	0.871				2ob9-assembly1_A	9.476E-01	0.747	92	11.900	4.941E-01	6.962E-01	2.647E-01	5.214E-01	0.397	Byrnievirus HK97	model_confident_no_clear_pdb_analog	runs/v2_full_test_evidence_regime/structure_panel/esmfold_pdb/YP_007673842.1.pdb
	YP_009837755.1	Ackermannviridae		591	591	93.855	95.69	52.03	98.68	0.988	0.849				5hx2-assembly1_D	3.013E-32	1.000	660	18.300	6.055E-01	7.256E-01	7.192E-01	6.654E-01	1.117	Tequatrovirus T4	strong_targeted_support	runs/v2_full_test_evidence_regime/structure_panel/esmfold_pdb/YP_009837755.1.pdb
	YP_009907866.1	Sepvirinae		389	389	93.825	95.66	62.2	98.89	0.992	0.83				6emy-assembly1_B	1.933E-06	1.000	320	14.000	5.701E-01	7.669E-01	5.755E-01	6.961E-01	0.823	Enterococcus faecalis	strong_targeted_support	runs/v2_full_test_evidence_regime/structure_panel/esmfold_pdb/YP_009907866.1.pdb
	YP_009908511.1	Sepvirinae		389	389	93.825	95.66	62.2	98.89	0.992	0.83				6emy-assembly1_B	1.933E-06	1.000	320	14.000	5.701E-01	7.669E-01	5.755E-01	6.961E-01	0.823	Enterococcus faecalis	strong_targeted_support	runs/v2_full_test_evidence_regime/structure_panel/esmfold_pdb/YP_009908511.1.pdb
	YP_010665255.1	Wolominvirus		470	470	93.759	95.725	52.52	98.84	0.981	0.843				9bz0-assembly1_b	7.563E-23	1.000	518	17.100	5.978E-01	7.839E-01	7.593E-01	5.859E-01	1.102	Homo sapiens	strong_targeted_support	runs/v2_full_test_evidence_regime/structure_panel/esmfold_pdb/YP_010665255.1.pdb
	YP_010747503.1	Guernseyvirinae		162	162	93.73	94.94	50.97	97.53	0.988	0.907				8hp8-assembly3_C	5.701E-23	1.000	159	81.700	9.635E-01	9.944E-01	9.701E-01	9.821E-01	0.981	Escherichia phage PBEC131	strong_targeted_support	runs/v2_full_test_evidence_regime/structure_panel/esmfold_pdb/YP_010747503.1.pdb
	YP_007001446.1	Sepvirinae		459	459	93.725	95.9	65.72	98.78	0.989	0.815				7qw7-assembly1_A	2.506E-20	1.000	572	14.600	5.464E-01	7.445E-01	7.401E-01	6.264E-01	1.246	Geobacillus stearothermophilus	strong_targeted_support	runs/v2_full_test_evidence_regime/structure_panel/esmfold_pdb/YP_007001446.1.pdb
	YP_009908110.1	Sepvirinae		389	389	93.715	95.45	58.42	98.89	0.987	0.815				6emy-assembly1_B	1.154E-06	1.000	320	13.400	5.678E-01	7.682E-01	5.773E-01	6.982E-01	0.823	Enterococcus faecalis	strong_targeted_support	runs/v2_full_test_evidence_regime/structure_panel/esmfold_pdb/YP_009908110.1.pdb
	YP_009607680.1	Benedictvirus		619	619	93.689	95.54	54.33	98.39	0.971	0.885				8oo6-assembly1_A	1.822E-26	1.000	637	22.400	6.107E-01	8.362E-01	7.867E-01	8.050E-01	1.029	Escherichia coli 'BL21-Gold(DE3)pLysS AG'	strong_targeted_support	runs/v2_full_test_evidence_regime/structure_panel/esmfold_pdb/YP_009607680.1.pdb
	YP_009204993.1	Ounavirinae		366	366	93.651	95.385	61.18	98.73	0.989	0.831				6imk-assembly1_A	1.220E-24	1.000	406	19.200	6.836E-01	7.919E-01	7.824E-01	7.084E-01	1.109	African swine fever virus	strong_targeted_support	runs/v2_full_test_evidence_regime/structure_panel/esmfold_pdb/YP_009204993.1.pdb
	YP_009616006.1	Ackermannviridae		593	593	93.647	95.37	48.75	98.62	0.985	0.853				5hx2-assembly1_D	8.076E-33	1.000	653	20.000	6.012E-01	6.702E-01	6.504E-01	6.065E-01	1.101	Tequatrovirus T4	strong_targeted_support	runs/v2_full_test_evidence_regime/structure_panel/esmfold_pdb/YP_009616006.1.pdb
	YP_009889776.1	Twarogvirinae		188	188	93.625	95.205	70.94	98.11	1.0	0.824				3kdq-assembly1_C	5.880E-02	0.995	190	15.700	6.039E-01	6.106E-01	5.044E-01	6.005E-01	1.011	Corynebacterium diphtheriae	strong_targeted_support	runs/v2_full_test_evidence_regime/structure_panel/esmfold_pdb/YP_009889776.1.pdb
	YP_009854110.1	Ackermannviridae		250	250	93.604	94.94	70.02	98.2	1.0	0.872				2ob9-assembly1_A	1.724E+00	0.473	59	18.600	4.262E-01	7.440E-01	1.958E-01	4.219E-01	0.236	Byrnievirus HK97	model_confident_no_clear_pdb_analog	runs/v2_full_test_evidence_regime/structure_panel/esmfold_pdb/YP_009854110.1.pdb
	YP_006906849.1	Sepvirinae		237	237	93.576	96.64	66.41	98.71	0.979	0.823				3bdn-assembly1_A	9.068E-25	1.000	233	60.500	7.414E-01	7.789E-01	7.595E-01	7.677E-01	0.983	Lambdavirus lambda	strong_targeted_support	runs/v2_full_test_evidence_regime/structure_panel/esmfold_pdb/YP_006906849.1.pdb
	YP_007001447.1	Sepvirinae		237	237	93.576	96.64	66.41	98.71	0.979	0.823				3bdn-assembly1_A	9.068E-25	1.000	233	60.500	7.414E-01	7.789E-01	7.595E-01	7.677E-01	0.983	Lambdavirus lambda	strong_targeted_support	runs/v2_full_test_evidence_regime/structure_panel/esmfold_pdb/YP_007001447.1.pdb
	YP_009187346.1	Sepvirinae		237	237	93.576	96.64	66.41	98.71	0.979	0.823				3bdn-assembly1_A	9.068E-25	1.000	233	60.500	7.414E-01	7.789E-01	7.595E-01	7.677E-01	0.983	Lambdavirus lambda	strong_targeted_support	runs/v2_full_test_evidence_regime/structure_panel/esmfold_pdb/YP_009187346.1.pdb
	YP_009854055.1	Ackermannviridae		570	570	93.53	95.2	56.55	98.7	0.991	0.833				5hx2-assembly1_D	6.935E-33	1.000	658	18.800	6.231E-01	7.648E-01	7.588E-01	6.776E-01	1.154	Tequatrovirus T4	strong_targeted_support	runs/v2_full_test_evidence_regime/structure_panel/esmfold_pdb/YP_009854055.1.pdb
	YP_009798888.1	Ackermannviridae		593	593	93.513	95.28	47.93	98.67	0.981	0.855				5hx2-assembly1_D	1.512E-33	1.000	645	20.000	6.074E-01	6.953E-01	6.748E-01	6.280E-01	1.088	Tequatrovirus T4	strong_targeted_support	runs/v2_full_test_evidence_regime/structure_panel/esmfold_pdb/YP_009798888.1.pdb
	YP_010749323.1	Guernseyvirinae		411	411	93.51	96.55	61.58	98.72	0.981	0.805				5oe8-assembly2_B	3.781E-22	1.000	426	14.000	6.199E-01	4.981E-01	4.748E-01	4.803E-01	1.036	Deep-sea thermophilic phage D6E	strong_targeted_support	runs/v2_full_test_evidence_regime/structure_panel/esmfold_pdb/YP_010749323.1.pdb
	YP_008859063.1	Benedictvirus		614	614	93.507	95.155	48.48	98.2	0.989	0.87				8oo6-assembly1_A	1.924E-26	1.000	636	22.900	6.084E-01	8.377E-01	7.942E-01	8.065E-01	1.036	Escherichia coli 'BL21-Gold(DE3)pLysS AG'	strong_targeted_support	runs/v2_full_test_evidence_regime/structure_panel/esmfold_pdb/YP_008859063.1.pdb
	YP_453588.1	Xipdecavirus		288	288	93.487	95.08	68.27	98.56	0.997	0.826				6ras-assembly1_I	7.773E-18	1.000	313	22.600	6.428E-01	7.407E-01	7.228E-01	5.046E-01	1.087	Prochlorococcus marinus str. MIT 9302	strong_targeted_support	runs/v2_full_test_evidence_regime/structure_panel/esmfold_pdb/YP_453588.1.pdb
	YP_007349114.1	Ackermannviridae		253	253	93.466	94.51	69.6	98.25	0.996	0.866				3dmp-assembly1_A	3.951E-01	0.233	105	8.500	3.551E-01	3.507E-01	1.147E-01	1.319E-01	0.415	Burkholderia pseudomallei	model_confident_no_clear_pdb_analog	runs/v2_full_test_evidence_regime/structure_panel/esmfold_pdb/YP_007349114.1.pdb
	YP_010110092.1	Frickvirinae		298	298	93.464	95.75	63.2	98.82	0.99	0.795				6dnw-assembly1_A	2.406E-05	1.000	190	19.400	5.799E-01	5.206E-01	3.037E-01	3.828E-01	0.638	Listeria innocua Clip11262	local_structural_support	runs/v2_full_test_evidence_regime/structure_panel/esmfold_pdb/YP_010110092.1.pdb
	YP_001994852.1	Pukovnikvirus		377	377	93.444	95.74	60.0	98.76	0.984	0.817				6emy-assembly1_B	4.773E-12	1.000	325	19.000	6.242E-01	8.070E-01	6.396E-01	7.516E-01	0.862	Enterococcus faecalis	strong_targeted_support	runs/v2_full_test_evidence_regime/structure_panel/esmfold_pdb/YP_001994852.1.pdb
	YP_009796156.1	Ackermannviridae		593	593	93.444	95.16	46.66	98.64	0.981	0.862				5hx2-assembly1_D	1.654E-33	1.000	645	20.100	6.066E-01	6.880E-01	6.681E-01	6.217E-01	1.088	Tequatrovirus T4	strong_targeted_support	runs/v2_full_test_evidence_regime/structure_panel/esmfold_pdb/YP_009796156.1.pdb
	YP_010748458.1	Guernseyvirinae		423	423	93.429	95.76	61.25	98.58	0.986	0.801				5oeb-assembly3_C	8.092E-21	1.000	436	17.400	5.946E-01	4.798E-01	4.557E-01	4.776E-01	1.031	Deep-sea thermophilic phage D6E	strong_targeted_support	runs/v2_full_test_evidence_regime/structure_panel/esmfold_pdb/YP_010748458.1.pdb
	YP_009702663.1	Asfarviridae		174	174	93.427	93.895	72.53	96.96	1.0	0.902				5xm9-assembly2_C	1.666E-35	1.000	174	99.400	9.416E-01	9.953E-01	9.897E-01	9.897E-01	1.0	African swine fever virus BA71V	strong_targeted_support	runs/v2_full_test_evidence_regime/structure_panel/esmfold_pdb/YP_009702663.1.pdb
	YP_004009461.1	Twarogvirinae		324	324	93.412	95.87	38.9	98.65	0.972	0.846				8uk9-assembly2_M	4.199E-30	1.000	324	58.000	8.285E-01	8.419E-01	8.229E-01	8.395E-01	1.0	Tequatrovirus T4	strong_targeted_support	runs/v2_full_test_evidence_regime/structure_panel/esmfold_pdb/YP_004009461.1.pdb
	YP_009845699.1	Ackermannviridae		302	302	93.4	95.72	63.92	98.58	0.993	0.828				1yfj-assembly3_C	4.341E-17	1.000	293	26.900	6.676E-01	8.604E-01	7.378E-01	8.512E-01	0.97	Tequatrovirus T4	strong_targeted_support	runs/v2_full_test_evidence_regime/structure_panel/esmfold_pdb/YP_009845699.1.pdb
	YP_009322817.1	Guernseyvirinae		423	423	93.376	95.72	60.81	98.56	0.988	0.804				5oeb-assembly3_C	5.670E-21	1.000	436	17.400	5.965E-01	4.798E-01	4.559E-01	4.776E-01	1.031	Deep-sea thermophilic phage D6E	strong_targeted_support	runs/v2_full_test_evidence_regime/structure_panel/esmfold_pdb/YP_009322817.1.pdb
	YP_010747192.1	Guernseyvirinae		423	423	93.374	95.72	60.78	98.56	0.988	0.801				5oeb-assembly3_C	5.081E-21	1.000	436	17.400	5.964E-01	4.798E-01	4.559E-01	4.776E-01	1.031	Deep-sea thermophilic phage D6E	strong_targeted_support	runs/v2_full_test_evidence_regime/structure_panel/esmfold_pdb/YP_010747192.1.pdb
	YP_224066.1	Guernseyvirinae		95	95	93.313	94.64	56.77	96.63	0.989	0.905				4qbn-assembly1_A	1.531E-15	1.000	93	91.300	9.599E-01	9.996E-01	9.684E-01	9.890E-01	0.979	Salmonella phage SETP3	strong_targeted_support	runs/v2_full_test_evidence_regime/structure_panel/esmfold_pdb/YP_224066.1.pdb
	YP_010748759.1	Guernseyvirinae		95	95	93.308	94.64	54.88	96.52	0.989	0.895				4qbn-assembly1_A	4.823E-16	1.000	93	88.100	9.608E-01	9.996E-01	9.683E-01	9.889E-01	0.979	Salmonella phage SETP3	strong_targeted_support	runs/v2_full_test_evidence_regime/structure_panel/esmfold_pdb/YP_010748759.1.pdb
	YP_009056169.1	Enquatrovirinae		436	436	93.283	94.9	47.46	98.81	0.979	0.858				8jx6-assembly2_B	2.924E-28	1.000	473	21.900	6.011E-01	7.550E-01	7.244E-01	7.029E-01	1.085	metagenome	strong_targeted_support	runs/v2_full_test_evidence_regime/structure_panel/esmfold_pdb/YP_009056169.1.pdb
	YP_009055546.1	Enquatrovirinae		436	436	93.282	94.935	47.32	98.8	0.979	0.86				8jx6-assembly2_B	2.194E-28	1.000	473	22.100	6.003E-01	7.546E-01	7.240E-01	7.024E-01	1.085	metagenome	strong_targeted_support	runs/v2_full_test_evidence_regime/structure_panel/esmfold_pdb/YP_009055546.1.pdb
	YP_010740217.1	Heleneionescovirinae		341	341	93.279	95.8	64.78	98.7	0.979	0.83				4gp6-assembly1_B-2	1.946E-08	1.000	166	27.700	6.560E-01	8.370E-01	4.046E-01	7.772E-01	0.487	Acetivibrio thermocellus ATCC 27405	strong_targeted_support	runs/v2_full_test_evidence_regime/structure_panel/esmfold_pdb/YP_010740217.1.pdb
	YP_010659551.1	Enquatrovirinae		436	436	93.245	94.8	51.42	98.78	0.982	0.865				8jx6-assembly2_B	1.384E-28	1.000	474	22.700	6.024E-01	7.544E-01	7.234E-01	7.018E-01	1.087	metagenome	strong_targeted_support	runs/v2_full_test_evidence_regime/structure_panel/esmfold_pdb/YP_010659551.1.pdb
	YP_010060835.1	Benedictvirus		621	621	93.226	95.45	34.69	98.37	0.973	0.874				8oo6-assembly1_A	6.839E-26	1.000	638	22.400	6.029E-01	8.342E-01	7.824E-01	8.030E-01	1.027	Escherichia coli 'BL21-Gold(DE3)pLysS AG'	strong_targeted_support	runs/v2_full_test_evidence_regime/structure_panel/esmfold_pdb/YP_010060835.1.pdb
	YP_004009833.1	Twarogvirinae		385	385	93.217	95.94	48.37	98.82	0.979	0.764				9do4-assembly1_B	1.802E-39	1.000	378	49.700	8.080E-01	6.929E-01	6.563E-01	6.874E-01	0.982	Tequatrovirus T4	strong_targeted_support	runs/v2_full_test_evidence_regime/structure_panel/esmfold_pdb/YP_004009833.1.pdb
	YP_010754372.1	Finkelvirus		370	370	93.208	95.82	54.17	98.68	0.978	0.805				4nph-assembly1_A	1.816E-05	1.000	369	15.700	4.168E-01	4.517E-01	3.503E-01	3.930E-01	0.997	Salmonella enterica subsp. enterica serovar Typhimurium str. LT2	local_structural_support	runs/v2_full_test_evidence_regime/structure_panel/esmfold_pdb/YP_010754372.1.pdb
	YP_009837489.1	Enquatrovirinae		435	435	93.206	95.01	46.3	98.81	0.979	0.846				8jx6-assembly1_A	2.842E-27	1.000	463	24.600	6.124E-01	7.750E-01	7.436E-01	7.256E-01	1.064	metagenome	strong_targeted_support	runs/v2_full_test_evidence_regime/structure_panel/esmfold_pdb/YP_009837489.1.pdb
	YP_008051885.1	Timshelvirus		487	487	93.173	95.49	54.82	98.79	0.967	0.832				2gm4-assembly1_A	1.725E-06	1.000	221	19.900	5.411E-01	6.508E-01	2.751E-01	6.424E-01	0.454	Escherichia coli	foldseek_only_low_model_confidence	runs/v2_full_test_evidence_regime/structure_panel/esmfold_pdb/YP_008051885.1.pdb
	YP_010658247.1	Demetervirinae		400	400	93.141	95.505	57.5	98.74	0.988	0.78				6dt7-assembly1_B	2.432E-44	1.000	406	55.900	8.918E-01	9.565E-01	9.541E-01	9.449E-01	1.015	Enquatrovirus N4	strong_targeted_support	runs/v2_full_test_evidence_regime/structure_panel/esmfold_pdb/YP_010658247.1.pdb
	YP_009213153.1	Siftrevirus		410	410	93.138	95.925	43.71	98.74	0.973	0.82				8rte-assembly1_A	1.205E-02	1.000	407	10.500	4.428E-01	5.546E-01	4.720E-01	5.379E-01	0.993	Bacillus phage phi105	strong_targeted_support	runs/v2_full_test_evidence_regime/structure_panel/esmfold_pdb/YP_009213153.1.pdb
	YP_009032011.1	Enquatrovirinae		436	436	93.128	94.735	49.02	98.82	0.982	0.849				8jx6-assembly2_B	2.392E-28	1.000	474	22.700	5.995E-01	7.504E-01	7.202E-01	6.987E-01	1.087	metagenome	strong_targeted_support	runs/v2_full_test_evidence_regime/structure_panel/esmfold_pdb/YP_009032011.1.pdb
	YP_010659995.1	Enquatrovirinae		436	436	93.127	94.755	51.18	98.78	0.982	0.851				8jx6-assembly2_B	8.465E-29	1.000	474	22.700	6.020E-01	7.540E-01	7.231E-01	7.016E-01	1.087	metagenome	strong_targeted_support	runs/v2_full_test_evidence_regime/structure_panel/esmfold_pdb/YP_010659995.1.pdb
	YP_009836865.1	Marfavirus		385	385	93.126	95.9	57.55	98.78	0.971	0.8				9do4-assembly1_B	9.035E-40	1.000	374	50.000	8.183E-01	6.889E-01	6.503E-01	6.815E-01	0.971	Tequatrovirus T4	strong_targeted_support	runs/v2_full_test_evidence_regime/structure_panel/esmfold_pdb/YP_009836865.1.pdb
	YP_002922840.1	Ounavirinae		533	533	93.117	95.64	57.79	98.81	0.947	0.839				6z6d-assembly1_A	2.253E-10	1.000	568	11.400	4.579E-01	4.141E-01	3.802E-01	4.126E-01	1.066	Byrnievirus HK97	local_structural_support	runs/v2_full_test_evidence_regime/structure_panel/esmfold_pdb/YP_002922840.1.pdb
	YP_009324603.1	Ounavirinae		533	533	93.117	95.64	57.79	98.81	0.947	0.839				6z6d-assembly1_A	2.253E-10	1.000	568	11.400	4.579E-01	4.141E-01	3.802E-01	4.126E-01	1.066	Byrnievirus HK97	local_structural_support	runs/v2_full_test_evidence_regime/structure_panel/esmfold_pdb/YP_009324603.1.pdb
	YP_950515.1	Enquatrovirinae		439	439	93.115	95.24	39.82	98.86	0.973	0.866				8jx6-assembly2_B	2.559E-29	1.000	475	22.300	6.030E-01	7.525E-01	7.215E-01	7.041E-01	1.082	metagenome	strong_targeted_support	runs/v2_full_test_evidence_regime/structure_panel/esmfold_pdb/YP_950515.1.pdb
	YP_010749185.1	Guernseyvirinae		94	94	93.084	94.37	65.14	96.42	0.989	0.883				4qbn-assembly1_A	5.289E-16	1.000	93	88.100	9.465E-01	9.902E-01	9.695E-01	9.798E-01	0.989	Salmonella phage SETP3	strong_targeted_support	runs/v2_full_test_evidence_regime/structure_panel/esmfold_pdb/YP_010749185.1.pdb
	YP_009808750.1	Drexlerviridae		522	522	93.08	95.765	55.43	98.83	0.971	0.824				7w1y-assembly1_F	6.252E-04	1.000	427	12.600	4.040E-01	5.916E-01	3.878E-01	3.235E-01	0.818	Homo sapiens	local_structural_support	runs/v2_full_test_evidence_regime/structure_panel/esmfold_pdb/YP_009808750.1.pdb
	YP_010745792.1	Guernseyvirinae		95	95	93.076	94.33	54.38	96.36	0.989	0.895				4qbn-assembly1_A	5.933E-16	1.000	93	88.100	9.618E-01	9.994E-01	9.681E-01	9.887E-01	0.979	Salmonella phage SETP3	strong_targeted_support	runs/v2_full_test_evidence_regime/structure_panel/esmfold_pdb/YP_010745792.1.pdb
	YP_009850423.1	Marfavirus		385	385	93.072	96.41	48.41	98.79	0.969	0.805				9do4-assembly1_B	1.699E-40	1.000	374	50.200	8.216E-01	6.900E-01	6.514E-01	6.827E-01	0.971	Tequatrovirus T4	strong_targeted_support	runs/v2_full_test_evidence_regime/structure_panel/esmfold_pdb/YP_009850423.1.pdb
	YP_010667601.1	Menderavirus		353	353	93.065	96.67	47.98	98.89	0.98	0.779				7dog-assembly1_B	2.314E-12	1.000	337	16.900	5.654E-01	7.505E-01	6.373E-01	6.966E-01	0.955	Staphylococcus aureus subsp. aureus Mu50	strong_targeted_support	runs/v2_full_test_evidence_regime/structure_panel/esmfold_pdb/YP_010667601.1.pdb
	YP_010659895.1	Enquatrovirinae		436	436	93.064	94.815	46.39	98.79	0.979	0.851				8jx6-assembly2_B	1.501E-28	1.000	474	22.300	6.014E-01	7.524E-01	7.216E-01	7.001E-01	1.087	metagenome	strong_targeted_support	runs/v2_full_test_evidence_regime/structure_panel/esmfold_pdb/YP_010659895.1.pdb
	YP_009616048.1	Ackermannviridae		505	505	93.051	94.37	69.42	98.3	0.998	0.796				8ebw-assembly1_A	4.292E-16	1.000	536	16.900	5.516E-01	6.972E-01	6.603E-01	5.536E-01	1.061	Homo sapiens	strong_targeted_support	runs/v2_full_test_evidence_regime/structure_panel/esmfold_pdb/YP_009616048.1.pdb
	YP_009815803.1	Coralvirus		216	216	93.051	95.87	59.96	98.76	0.981	0.764				8tdr-assembly2_C	5.811E-04	1.000	269	13.300	4.656E-01	6.126E-01	5.846E-01	4.801E-01	1.245	Homo sapiens	strong_targeted_support	runs/v2_full_test_evidence_regime/structure_panel/esmfold_pdb/YP_009815803.1.pdb
	YP_009598314.1	Enquatrovirinae		436	436	93.049	94.785	48.83	98.79	0.979	0.842				8jx6-assembly2_B	1.292E-28	1.000	474	22.500	6.027E-01	7.523E-01	7.216E-01	7.001E-01	1.087	metagenome	strong_targeted_support	runs/v2_full_test_evidence_regime/structure_panel/esmfold_pdb/YP_009598314.1.pdb
	YP_009197858.1	Drexlerviridae		522	522	93.048	95.715	55.46	98.83	0.971	0.82				7w1y-assembly1_F	6.252E-04	1.000	427	12.600	4.041E-01	5.917E-01	3.878E-01	3.235E-01	0.818	Homo sapiens	local_structural_support	runs/v2_full_test_evidence_regime/structure_panel/esmfold_pdb/YP_009197858.1.pdb
	YP_009607592.1	Timshelvirus		486	486	93.044	95.08	59.06	98.8	0.979	0.811				2gm4-assembly1_A	2.761E-05	1.000	242	15.200	5.682E-01	6.672E-01	2.837E-01	6.613E-01	0.498	Escherichia coli	foldseek_only_low_model_confidence	runs/v2_full_test_evidence_regime/structure_panel/esmfold_pdb/YP_009607592.1.pdb
	YP_009284881.1	Drexlerviridae		522	522	93.022	95.68	55.42	98.82	0.971	0.816				6sko-assembly1_4	4.473E-03	1.000	418	12.600	4.254E-01	6.263E-01	3.937E-01	5.817E-01	0.801	Saccharomyces cerevisiae S288C	local_structural_support	runs/v2_full_test_evidence_regime/structure_panel/esmfold_pdb/YP_009284881.1.pdb
	YP_010659627.1	Enquatrovirinae		436	436	93.018	94.655	48.98	98.72	0.979	0.837				8jx6-assembly2_B	1.887E-28	1.000	474	22.300	6.045E-01	7.535E-01	7.232E-01	7.017E-01	1.087	metagenome	strong_targeted_support	runs/v2_full_test_evidence_regime/structure_panel/esmfold_pdb/YP_010659627.1.pdb
	YP_010747711.1	Guernseyvirinae		474	474	93.01	95.005	58.37	98.75	0.996	0.783				8x1c-assembly1_I	9.053E-17	1.000	717	13.100	5.780E-01	7.633E-01	7.407E-01	4.258E-01	1.513	Homo sapiens	strong_targeted_support	runs/v2_full_test_evidence_regime/structure_panel/esmfold_pdb/YP_010747711.1.pdb
	YP_009833060.1	Ackermannviridae		461	461	93.003	96.09	53.4	98.87	0.965	0.818				6dt1-assembly1_A	1.865E-31	1.000	468	22.600	6.645E-01	7.175E-01	6.860E-01	6.822E-01	1.015	Tequatrovirus T4	strong_targeted_support	runs/v2_full_test_evidence_regime/structure_panel/esmfold_pdb/YP_009833060.1.pdb
	YP_010051127.1	Ruthgordonvirinae		371	371	92.979	95.61	57.56	98.82	0.987	0.76				6emy-assembly1_B	8.932E-13	1.000	331	16.600	6.481E-01	8.067E-01	6.849E-01	7.928E-01	0.892	Enterococcus faecalis	strong_targeted_support	runs/v2_full_test_evidence_regime/structure_panel/esmfold_pdb/YP_010051127.1.pdb
	NP_620726.1	Geminiviridae		337	337	92.957	95.39	63.82	98.6	0.994	0.78				7vg8-assembly1_A	1.359E-11	1.000	108	39.800	8.667E-01	9.640E-01	3.078E-01	9.380E-01	0.32	Tomato yellow leaf curl virus	foldseek_only_low_model_confidence	runs/v2_full_test_evidence_regime/structure_panel/esmfold_pdb/NP_620726.1.pdb
	YP_010745873.1	Guernseyvirinae		462	462	92.906	95.09	70.12	98.73	1.0	0.79				6k1p-assembly1_K	2.701E-17	1.000	483	16.700	5.309E-01	7.595E-01	7.240E-01	7.226E-01	1.045	Saccharomyces cerevisiae S288C	strong_targeted_support	runs/v2_full_test_evidence_regime/structure_panel/esmfold_pdb/YP_010745873.1.pdb
	YP_009275391.1	Ruthgordonvirinae		371	371	92.898	95.67	62.21	98.81	0.981	0.763				6emy-assembly1_B	3.970E-13	1.000	335	17.300	6.409E-01	7.907E-01	6.710E-01	7.771E-01	0.903	Enterococcus faecalis	strong_targeted_support	runs/v2_full_test_evidence_regime/structure_panel/esmfold_pdb/YP_009275391.1.pdb
	YP_010748564.1	Guernseyvirinae		94	94	92.869	94.22	67.3	96.45	0.989	0.883				4qbn-assembly1_A	3.421E-15	1.000	93	89.200	9.635E-01	9.995E-01	9.785E-01	9.889E-01	0.989	Salmonella phage SETP3	strong_targeted_support	runs/v2_full_test_evidence_regime/structure_panel/esmfold_pdb/YP_010748564.1.pdb
	YP_010679842.1	Joanripponvirinae		717	717	92.864	95.21	49.62	98.79	0.972	0.816				7ugw-assembly1_A	3.340E-39	1.000	489	30.800	8.168E-01	9.510E-01	6.366E-01	9.320E-01	0.682	Mycobacterium tuberculosis H37Rv	strong_targeted_support	runs/v2_full_test_evidence_regime/structure_panel/esmfold_pdb/YP_010679842.1.pdb
	YP_010681633.1	Heleneionescovirinae		356	356	92.862	95.235	73.66	98.7	1.0	0.719				3gp8-assembly1_A	5.808E-06	1.000	220	20.000	6.821E-01	7.662E-01	4.584E-01	3.060E-01	0.618	Deinococcus radiodurans R1 = ATCC 13939 = DSM 20539	strong_targeted_support	runs/v2_full_test_evidence_regime/structure_panel/esmfold_pdb/YP_010681633.1.pdb
	YP_010659803.1	Enquatrovirinae		436	436	92.861	94.755	48.83	98.72	0.972	0.849				8jx6-assembly2_B	8.363E-29	1.000	473	22.600	5.980E-01	7.565E-01	7.261E-01	7.045E-01	1.085	metagenome	strong_targeted_support	runs/v2_full_test_evidence_regime/structure_panel/esmfold_pdb/YP_010659803.1.pdb
	YP_009886859.1	Twarogvirinae		390	390	92.837	94.585	59.66	98.38	0.985	0.81				3cfo-assembly1_A	4.586E-42	1.000	390	59.200	8.844E-01	8.762E-01	8.741E-01	3.955E-01	1.0	unclassified	strong_targeted_support	runs/v2_full_test_evidence_regime/structure_panel/esmfold_pdb/YP_009886859.1.pdb
	YP_009845671.1	Ackermannviridae		250	250	92.836	94.32	70.22	98.67	1.0	0.772				2ob9-assembly1_B	4.071E-01	0.933	99	6.000	5.555E-01	6.915E-01	2.707E-01	5.875E-01	0.396	Byrnievirus HK97	foldseek_only_low_model_confidence	runs/v2_full_test_evidence_regime/structure_panel/esmfold_pdb/YP_009845671.1.pdb
	YP_009275705.1	Ruthgordonvirinae		281	281	92.802	94.85	59.36	98.45	0.993	0.79				2x8k-assembly1_C	5.814E-13	1.000	280	11.400	6.240E-01	7.836E-01	6.829E-01	7.752E-01	0.996	Bacillus phage SPP1	strong_targeted_support	runs/v2_full_test_evidence_regime/structure_panel/esmfold_pdb/YP_009275705.1.pdb
	YP_010096654.1	Frickvirinae		311	311	92.769	96.71	56.41	98.91	0.939	0.797				5jjv-assembly1_A-2	1.528E-10	1.000	335	17.300	5.851E-01	7.450E-01	6.944E-01	6.179E-01	1.077	Helicobacter pylori 26695	strong_targeted_support	runs/v2_full_test_evidence_regime/structure_panel/esmfold_pdb/YP_010096654.1.pdb
	YP_009009960.1	Guernseyvirinae		95	95	92.728	94.1	59.08	96.15	0.989	0.895				4qbn-assembly1_A	2.092E-15	1.000	93	89.200	9.607E-01	1.000E+00	9.690E-01	9.896E-01	0.979	Salmonella phage SETP3	strong_targeted_support	runs/v2_full_test_evidence_regime/structure_panel/esmfold_pdb/YP_009009960.1.pdb
	YP_010112828.1	Loutivirinae		324	324	92.693	95.12	61.85	98.81	0.988	0.775				6qem-assembly1_C	7.548E-18	1.000	317	19.800	7.129E-01	8.669E-01	7.934E-01	5.874E-01	0.978	Escherichia coli	strong_targeted_support	runs/v2_full_test_evidence_regime/structure_panel/esmfold_pdb/YP_010112828.1.pdb
	YP_010747964.1	Guernseyvirinae		474	474	92.693	94.91	65.54	98.72	0.989	0.781				7vdv-assembly1_A	3.192E-21	1.000	508	18.500	5.575E-01	7.558E-01	7.457E-01	4.580E-01	1.072	Homo sapiens	strong_targeted_support	runs/v2_full_test_evidence_regime/structure_panel/esmfold_pdb/YP_010747964.1.pdb
	YP_009831861.1	Borockvirus		289	289	92.691	96.48	56.28	98.6	0.965	0.796				2ob9-assembly1_B	5.256E-01	0.353	85	16.400	3.969E-01	4.852E-01	1.494E-01	3.551E-01	0.294	Byrnievirus HK97	model_confident_no_clear_pdb_analog	runs/v2_full_test_evidence_regime/structure_panel/esmfold_pdb/YP_009831861.1.pdb
	YP_010655689.1	Zukovirus		271	271	92.69	95.7	57.47	98.53	0.959	0.83				8gja-assembly2_D	6.838E-09	1.000	259	10.400	5.082E-01	5.996E-01	4.869E-01	4.042E-01	0.956	Alvinella pompejana	strong_targeted_support	runs/v2_full_test_evidence_regime/structure_panel/esmfold_pdb/YP_010655689.1.pdb
	YP_009845781.1	Ackermannviridae		362	362	92.646	95.42	51.22	98.7	0.964	0.796				8amf-assembly1_B	1.302E-16	1.000	349	19.700	5.992E-01	7.598E-01	6.976E-01	7.516E-01	0.964	Streptococcus pneumoniae	strong_targeted_support	runs/v2_full_test_evidence_regime/structure_panel/esmfold_pdb/YP_009845781.1.pdb
	YP_009880971.1	Twarogvirinae		496	496	92.641	95.74	52.87	98.87	0.962	0.79				6dt1-assembly1_A	1.930E-57	1.000	494	48.900	8.346E-01	7.975E-01	7.357E-01	7.806E-01	0.996	Tequatrovirus T4	strong_targeted_support	runs/v2_full_test_evidence_regime/structure_panel/esmfold_pdb/YP_009880971.1.pdb
	YP_009886230.1	Twarogvirinae		496	496	92.641	95.74	52.87	98.87	0.962	0.79				6dt1-assembly1_A	1.930E-57	1.000	494	48.900	8.346E-01	7.975E-01	7.357E-01	7.806E-01	0.996	Tequatrovirus T4	strong_targeted_support	runs/v2_full_test_evidence_regime/structure_panel/esmfold_pdb/YP_009886230.1.pdb
	YP_009886476.1	Twarogvirinae		496	496	92.641	95.74	52.87	98.87	0.962	0.79				6dt1-assembly1_A	1.930E-57	1.000	494	48.900	8.346E-01	7.975E-01	7.357E-01	7.806E-01	0.996	Tequatrovirus T4	strong_targeted_support	runs/v2_full_test_evidence_regime/structure_panel/esmfold_pdb/YP_009886476.1.pdb
	YP_009100059.1	Pairvirus		359	359	92.626	95.61	51.57	98.76	0.975	0.766				6emy-assembly1_B	5.458E-10	1.000	320	17.500	6.021E-01	8.032E-01	6.288E-01	7.074E-01	0.891	Enterococcus faecalis	strong_targeted_support	runs/v2_full_test_evidence_regime/structure_panel/esmfold_pdb/YP_009100059.1.pdb
	YP_009886122.1	Twarogvirinae		502	502	92.624	95.505	56.9	98.87	0.982	0.771				3cfo-assembly1_A	1.540E-59	1.000	502	61.500	8.608E-01	9.555E-01	9.481E-01	5.330E-01	1.0	unclassified	strong_targeted_support	runs/v2_full_test_evidence_regime/structure_panel/esmfold_pdb/YP_009886122.1.pdb
	YP_010078781.1	Gervaisevirus		184	184	92.611	94.915	64.29	97.85	0.973	0.804				2ho0-assembly1_A	5.080E-05	1.000	134	14.900	4.979E-01	6.114E-01	4.220E-01	5.718E-01	0.728	Escherichia coli	strong_targeted_support	runs/v2_full_test_evidence_regime/structure_panel/esmfold_pdb/YP_010078781.1.pdb
	YP_003517734.1	Slopekvirinae		426	426	92.61	95.92	48.82	98.77	0.965	0.77				8a3v-assembly1_A	7.952E-19	1.000	457	16.400	6.049E-01	6.757E-01	6.660E-01	6.355E-01	1.073	Vibrio cholerae	strong_targeted_support	runs/v2_full_test_evidence_regime/structure_panel/esmfold_pdb/YP_003517734.1.pdb
	YP_009886974.1	Twarogvirinae		496	496	92.598	95.815	52.51	98.86	0.958	0.788				6dt1-assembly1_A	4.097E-57	1.000	492	48.900	8.376E-01	7.921E-01	7.315E-01	7.754E-01	0.992	Tequatrovirus T4	strong_targeted_support	runs/v2_full_test_evidence_regime/structure_panel/esmfold_pdb/YP_009886974.1.pdb
	YP_009881499.1	Twarogvirinae		496	496	92.595	95.76	52.35	98.87	0.96	0.782				6dt1-assembly1_A	5.879E-57	1.000	494	48.700	8.335E-01	8.000E-01	7.377E-01	7.831E-01	0.996	Tequatrovirus T4	strong_targeted_support	runs/v2_full_test_evidence_regime/structure_panel/esmfold_pdb/YP_009881499.1.pdb
	YP_011217186.1	Guernseyvirinae		474	474	92.59	94.835	63.42	98.72	0.987	0.778				7vdv-assembly1_A	1.382E-21	1.000	509	18.400	5.573E-01	7.550E-01	7.451E-01	4.574E-01	1.074	Homo sapiens	strong_targeted_support	runs/v2_full_test_evidence_regime/structure_panel/esmfold_pdb/YP_011217186.1.pdb
	YP_009147549.1	Ackermannviridae		355	355	92.57	94.87	55.49	98.44	0.972	0.825				8gms-assembly1_F	1.161E-21	1.000	335	19.100	6.547E-01	8.050E-01	7.132E-01	7.563E-01	0.944	Escherichia coli	strong_targeted_support	runs/v2_full_test_evidence_regime/structure_panel/esmfold_pdb/YP_009147549.1.pdb
	YP_009597311.1	Guernseyvirinae		474	474	92.567	94.86	54.68	98.73	0.987	0.768				7vdv-assembly1_A	1.773E-20	1.000	503	18.200	5.536E-01	7.531E-01	7.343E-01	4.510E-01	1.061	Homo sapiens	strong_targeted_support	runs/v2_full_test_evidence_regime/structure_panel/esmfold_pdb/YP_009597311.1.pdb
	YP_010657774.1	Enquatrovirinae		436	436	92.519	94.385	46.5	98.74	0.977	0.83				8jx6-assembly2_B	4.077E-29	1.000	475	21.400	5.981E-01	7.486E-01	7.184E-01	6.970E-01	1.089	metagenome	strong_targeted_support	runs/v2_full_test_evidence_regime/structure_panel/esmfold_pdb/YP_010657774.1.pdb
	YP_010747605.1	Guernseyvirinae		242	242	92.506	97.985	53.9	98.95	0.901	0.835				9c3u-assembly1_A	1.453E-17	1.000	255	21.900	7.012E-01	7.990E-01	7.649E-01	7.484E-01	1.054	Burkholderia cenocepacia	strong_targeted_support	runs/v2_full_test_evidence_regime/structure_panel/esmfold_pdb/YP_010747605.1.pdb
	YP_009793144.1	Dunnvirinae		415	415	92.472	94.57	47.96	98.83	0.973	0.764				4esv-assembly1_D	2.694E-15	1.000	434	17.900	5.722E-01	6.663E-01	6.514E-01	6.309E-01	1.046	Geobacillus stearothermophilus	strong_targeted_support	runs/v2_full_test_evidence_regime/structure_panel/esmfold_pdb/YP_009793144.1.pdb
	YP_009793204.1	Dunnvirinae		415	415	92.472	94.57	47.96	98.83	0.973	0.764				4esv-assembly1_D	2.694E-15	1.000	434	17.900	5.722E-01	6.663E-01	6.514E-01	6.309E-01	1.046	Geobacillus stearothermophilus	strong_targeted_support	runs/v2_full_test_evidence_regime/structure_panel/esmfold_pdb/YP_009793204.1.pdb
	YP_009793259.1	Dunnvirinae		415	415	92.472	94.57	47.96	98.83	0.973	0.764				4esv-assembly1_D	2.694E-15	1.000	434	17.900	5.722E-01	6.663E-01	6.514E-01	6.309E-01	1.046	Geobacillus stearothermophilus	strong_targeted_support	runs/v2_full_test_evidence_regime/structure_panel/esmfold_pdb/YP_009793259.1.pdb
	YP_009321821.1	Ferrettivirinae		481	481	92.455	95.22	47.61	98.79	0.958	0.813				4kis-assembly3_C	1.015E-16	1.000	347	20.100	6.581E-01	4.162E-01	3.045E-01	4.135E-01	0.721	Listeria innocua Clip11262	local_structural_support	runs/v2_full_test_evidence_regime/structure_panel/esmfold_pdb/YP_009321821.1.pdb
	YP_010114644.1	Immutovirus		246	246	92.442	94.035	45.69	98.41	0.988	0.776				2ob9-assembly1_B	6.450E-01	0.569	90	7.700	4.549E-01	5.731E-01	2.415E-01	4.803E-01	0.366	Byrnievirus HK97	model_confident_no_clear_pdb_analog	runs/v2_full_test_evidence_regime/structure_panel/esmfold_pdb/YP_010114644.1.pdb
	YP_009207735.1	Benedictvirus		271	271	92.437	96.69	48.19	98.71	0.948	0.775				5ean-assembly1_A	1.288E-07	1.000	307	14.600	5.033E-01	6.281E-01	6.081E-01	1.814E-01	1.133	Mus musculus	strong_targeted_support	runs/v2_full_test_evidence_regime/structure_panel/esmfold_pdb/YP_009207735.1.pdb
	YP_009856344.1	Montyvirus		377	377	92.403	94.54	58.34	98.7	0.992	0.767				7azc-assembly2_C	1.067E-24	1.000	381	13.600	6.926E-01	8.861E-01	8.571E-01	8.815E-01	1.011	Escherichia coli 2-427-07_S4_C3	strong_targeted_support	runs/v2_full_test_evidence_regime/structure_panel/esmfold_pdb/YP_009856344.1.pdb
	YP_009043989.1	Ferrettivirinae		481	481	92.397	95.22	47.5	98.79	0.958	0.809				4kis-assembly3_C	8.182E-17	1.000	347	20.100	6.579E-01	4.141E-01	3.026E-01	4.102E-01	0.721	Listeria innocua Clip11262	local_structural_support	runs/v2_full_test_evidence_regime/structure_panel/esmfold_pdb/YP_009043989.1.pdb
	YP_009324934.1	Ferrettivirinae		481	481	92.397	95.22	47.5	98.79	0.958	0.809				4kis-assembly3_C	8.182E-17	1.000	347	20.100	6.579E-01	4.141E-01	3.026E-01	4.102E-01	0.721	Listeria innocua Clip11262	local_structural_support	runs/v2_full_test_evidence_regime/structure_panel/esmfold_pdb/YP_009324934.1.pdb
	YP_009607710.1	Benedictvirus		271	271	92.39	96.16	51.77	98.58	0.948	0.775				5ean-assembly1_A	2.101E-06	1.000	310	18.000	4.788E-01	6.231E-01	6.056E-01	1.804E-01	1.144	Mus musculus	strong_targeted_support	runs/v2_full_test_evidence_regime/structure_panel/esmfold_pdb/YP_009607710.1.pdb
	YP_009190536.1	Sepvirinae		479	479	92.304	95.19	37.85	98.79	0.971	0.77				7qw7-assembly1_A	8.486E-21	1.000	580	14.800	5.448E-01	7.504E-01	7.299E-01	6.406E-01	1.211	Geobacillus stearothermophilus	strong_targeted_support	runs/v2_full_test_evidence_regime/structure_panel/esmfold_pdb/YP_009190536.1.pdb
	YP_009324904.1	Ferrettivirinae		489	489	92.303	95.39	60.45	98.83	0.988	0.724				7z4w-assembly1_A	9.627E-26	1.000	458	23.700	6.435E-01	7.990E-01	7.039E-01	7.633E-01	0.937	Bacillus subtilis	strong_targeted_support	runs/v2_full_test_evidence_regime/structure_panel/esmfold_pdb/YP_009324904.1.pdb
	YP_009337442.1	Riboviria		249	249	92.303	95.35	60.08	98.78	0.96	0.779				7pzo-assembly1_B	1.144E-14	1.000	230	26.900	7.855E-01	9.408E-01	7.398E-01	7.987E-01	0.924	Dermatophagoides pteronyssinus	strong_targeted_support	runs/v2_full_test_evidence_regime/structure_panel/esmfold_pdb/YP_009337442.1.pdb
	YP_009042770.1	Ferrettivirinae		481	481	92.289	95.14	47.53	98.76	0.958	0.8				4bqq-assembly1_B	1.069E-09	1.000	328	15.800	5.845E-01	4.734E-01	3.019E-01	3.984E-01	0.682	Lomovskayavirus C31	local_structural_support	runs/v2_full_test_evidence_regime/structure_panel/esmfold_pdb/YP_009042770.1.pdb
	YP_009337772.1	Riboviria		499	499	92.284	96.13	47.4	98.86	0.944	0.782				6kr2-assembly1_A	4.015E-10	1.000	592	10.800	4.663E-01	7.100E-01	6.820E-01	4.197E-01	1.186	dengue virus type 2	strong_targeted_support	runs/v2_full_test_evidence_regime/structure_panel/esmfold_pdb/YP_009337772.1.pdb
	YP_010746359.1	Guernseyvirinae		95	95	92.283	93.86	58.23	96.03	0.979	0.884				4qbn-assembly1_A	9.819E-16	1.000	93	91.300	9.604E-01	1.000E+00	9.692E-01	9.898E-01	0.979	Salmonella phage SETP3	strong_targeted_support	runs/v2_full_test_evidence_regime/structure_panel/esmfold_pdb/YP_010746359.1.pdb
	YP_010102967.1	Frickvirinae		311	311	92.266	96.23	49.37	98.88	0.936	0.804				5jjv-assembly1_A-2	3.714E-11	1.000	345	18.200	6.353E-01	8.182E-01	7.270E-01	6.475E-01	1.109	Helicobacter pylori 26695	strong_targeted_support	runs/v2_full_test_evidence_regime/structure_panel/esmfold_pdb/YP_010102967.1.pdb
	YP_010680068.1	Joanripponvirinae		338	338	92.225	96.58	54.8	98.74	0.947	0.766				1z19-assembly1_B-2	6.909E-07	1.000	290	15.800	6.054E-01	7.422E-01	6.107E-01	7.130E-01	0.858	Lambdavirus lambda	strong_targeted_support	runs/v2_full_test_evidence_regime/structure_panel/esmfold_pdb/YP_010680068.1.pdb
	YP_009150112.1	Ounavirinae		182	182	92.222	97.19	56.83	98.81	0.923	0.725				4g9s-assembly1_A	2.206E-02	1.000	169	14.700	4.989E-01	6.091E-01	4.852E-01	4.740E-01	0.929	Salmo salar	strong_targeted_support	runs/v2_full_test_evidence_regime/structure_panel/esmfold_pdb/YP_009150112.1.pdb
	YP_009791803.1	Dunnvirinae		316	316	92.219	95.21	46.02	98.75	0.949	0.816				3zdb-assembly1_A-2	4.200E-06	1.000	291	15.100	4.749E-01	7.052E-01	5.463E-01	6.823E-01	0.921	Escherichia coli	strong_targeted_support	runs/v2_full_test_evidence_regime/structure_panel/esmfold_pdb/YP_009791803.1.pdb
	NP_740524.1	Ensavirinae		182	182	92.212	93.57	38.51	97.21	0.984	0.846				3zv8-assembly1_A	9.445E-24	1.000	183	49.100	8.957E-01	9.694E-01	9.642E-01	9.340E-01	1.005	enterovirus D68	strong_targeted_support	runs/v2_full_test_evidence_regime/structure_panel/esmfold_pdb/NP_740524.1.pdb
	YP_008857966.1	Benedictvirus		497	497	92.195	94.55	53.25	98.75	0.956	0.789				1gdt-assembly1_B	1.128E-05	1.000	226	17.200	5.180E-01	6.547E-01	2.757E-01	6.517E-01	0.455	Escherichia coli	foldseek_only_low_model_confidence	runs/v2_full_test_evidence_regime/structure_panel/esmfold_pdb/YP_008857966.1.pdb
	YP_010748116.1	Guernseyvirinae		95	95	92.14	93.81	54.3	95.91	0.979	0.874				4qbn-assembly1_A	5.220E-16	1.000	93	87.000	9.611E-01	9.995E-01	9.682E-01	9.888E-01	0.979	Salmonella phage SETP3	strong_targeted_support	runs/v2_full_test_evidence_regime/structure_panel/esmfold_pdb/YP_010748116.1.pdb
	YP_009147861.1	Slopekvirinae		811	811	92.111	95.11	46.93	98.91	0.974	0.737				8dh3-assembly3_I	2.487E-41	1.000	857	24.200	6.929E-01	7.820E-01	7.766E-01	7.595E-01	1.057	Escherichia phage T7	strong_targeted_support	runs/v2_full_test_evidence_regime/structure_panel/esmfold_pdb/YP_009147861.1.pdb
	YP_010748058.1	Guernseyvirinae		446	446	92.106	94.415	63.89	98.72	0.987	0.738				7vdv-assembly1_A	2.084E-18	1.000	476	19.500	5.502E-01	7.400E-01	7.296E-01	4.255E-01	1.067	Homo sapiens	strong_targeted_support	runs/v2_full_test_evidence_regime/structure_panel/esmfold_pdb/YP_010748058.1.pdb
	YP_009793149.1	Dunnvirinae		307	307	92.075	94.63	49.7	98.71	0.971	0.746				6rce-assembly1_I	2.040E-16	1.000	324	17.200	6.077E-01	7.508E-01	7.230E-01	5.305E-01	1.055	Prochlorococcus marinus	strong_targeted_support	runs/v2_full_test_evidence_regime/structure_panel/esmfold_pdb/YP_009793149.1.pdb
	YP_009222481.1	Gordtnkvirus		179	179	92.07	95.3	55.15	97.82	0.972	0.799				4ft4-assembly2_A	5.399E-10	1.000	255	15.600	7.008E-01	8.659E-01	8.256E-01	2.306E-01	1.425	Zea mays	strong_targeted_support	runs/v2_full_test_evidence_regime/structure_panel/esmfold_pdb/YP_009222481.1.pdb
	YP_010582399.1	Guernseyvirinae		479	479	92.07	94.39	45.55	98.88	0.977	0.764				7vdt-assembly1_A	1.230E-21	1.000	513	17.300	5.617E-01	7.458E-01	7.388E-01	5.877E-01	1.071	Homo sapiens	strong_targeted_support	runs/v2_full_test_evidence_regime/structure_panel/esmfold_pdb/YP_010582399.1.pdb
	YP_009214300.1	Benedictvirus		497	497	92.064	94.59	53.46	98.75	0.946	0.781				1gdt-assembly1_B	1.657E-05	1.000	226	17.200	5.178E-01	6.548E-01	2.758E-01	6.518E-01	0.455	Escherichia coli	foldseek_only_low_model_confidence	runs/v2_full_test_evidence_regime/structure_panel/esmfold_pdb/YP_009214300.1.pdb
	YP_009881463.1	Twarogvirinae		360	360	92.05	94.66	53.72	98.84	0.978	0.711				2ihn-assembly1_A	8.060E-27	1.000	361	41.500	7.768E-01	9.073E-01	7.550E-01	9.043E-01	1.003	Tequatrovirus T4	strong_targeted_support	runs/v2_full_test_evidence_regime/structure_panel/esmfold_pdb/YP_009881463.1.pdb
	YP_010060910.1	Benedictvirus		486	486	92.033	94.61	53.09	98.76	0.949	0.794				2gm4-assembly1_A	2.984E-03	1.000	208	15.800	5.180E-01	6.075E-01	2.424E-01	5.654E-01	0.428	Escherichia coli	foldseek_only_low_model_confidence	runs/v2_full_test_evidence_regime/structure_panel/esmfold_pdb/YP_010060910.1.pdb
	YP_009275407.1	Ruthgordonvirinae		445	445	91.956	94.32	62.95	98.55	0.98	0.744				8a3v-assembly1_A	1.945E-14	1.000	481	14.900	5.910E-01	6.922E-01	6.636E-01	6.574E-01	1.081	Vibrio cholerae	strong_targeted_support	runs/v2_full_test_evidence_regime/structure_panel/esmfold_pdb/YP_009275407.1.pdb
	YP_009322362.1	Ferrettivirinae		231	231	91.954	96.87	56.76	98.9	0.922	0.771				6pbd-assembly1_A	2.944E-19	1.000	245	28.100	7.366E-01	8.780E-01	8.166E-01	5.493E-01	1.061	Caulobacter vibrioides	strong_targeted_support	runs/v2_full_test_evidence_regime/structure_panel/esmfold_pdb/YP_009322362.1.pdb
	YP_010051051.1	Ruthgordonvirinae		368	368	91.95	94.835	48.53	98.84	0.954	0.747				6emy-assembly1_B	6.029E-13	1.000	326	16.500	6.425E-01	8.180E-01	6.891E-01	7.921E-01	0.886	Enterococcus faecalis	strong_targeted_support	runs/v2_full_test_evidence_regime/structure_panel/esmfold_pdb/YP_010051051.1.pdb
	YP_009796202.1	Ackermannviridae		222	222	91.933	93.135	76.2	95.84	1.0	0.838				3u5z-assembly2_Q	1.973E-14	1.000	225	24.400	7.318E-01	9.112E-01	8.879E-01	8.657E-01	1.014	Tequatrovirus T4	strong_targeted_support	runs/v2_full_test_evidence_regime/structure_panel/esmfold_pdb/YP_009796202.1.pdb
	YP_009796423.1	Ackermannviridae		222	222	91.933	93.135	76.2	95.84	1.0	0.838				3u5z-assembly2_Q	1.973E-14	1.000	225	24.400	7.318E-01	9.112E-01	8.879E-01	8.657E-01	1.014	Tequatrovirus T4	strong_targeted_support	runs/v2_full_test_evidence_regime/structure_panel/esmfold_pdb/YP_009796423.1.pdb
	YP_009798939.1	Ackermannviridae		222	222	91.933	93.135	76.2	95.84	1.0	0.838				3u5z-assembly2_Q	1.973E-14	1.000	225	24.400	7.318E-01	9.112E-01	8.879E-01	8.657E-01	1.014	Tequatrovirus T4	strong_targeted_support	runs/v2_full_test_evidence_regime/structure_panel/esmfold_pdb/YP_009798939.1.pdb
	YP_009793264.1	Dunnvirinae		307	307	91.925	94.51	48.91	98.71	0.967	0.743				6ras-assembly1_I	1.580E-15	1.000	321	18.000	5.732E-01	7.435E-01	7.199E-01	5.295E-01	1.046	Prochlorococcus marinus str. MIT 9302	strong_targeted_support	runs/v2_full_test_evidence_regime/structure_panel/esmfold_pdb/YP_009793264.1.pdb
	YP_009880869.1	Twarogvirinae		326	326	91.907	94.575	49.23	98.78	0.969	0.742				8uk9-assembly2_M	6.616E-33	1.000	321	57.900	8.259E-01	7.821E-01	7.555E-01	7.753E-01	0.985	Tequatrovirus T4	strong_targeted_support	runs/v2_full_test_evidence_regime/structure_panel/esmfold_pdb/YP_009880869.1.pdb
	YP_010060825.1	Benedictvirus		497	497	91.906	94.6	52.5	98.76	0.942	0.783				1gdt-assembly1_B	1.715E-05	1.000	226	17.200	5.177E-01	6.543E-01	2.757E-01	6.513E-01	0.455	Escherichia coli	foldseek_only_low_model_confidence	runs/v2_full_test_evidence_regime/structure_panel/esmfold_pdb/YP_010060825.1.pdb
	YP_010050982.1	Ruthgordonvirinae		208	208	91.877	96.155	52.84	98.5	0.928	0.784				8rjw-assembly1_F	4.629E-05	1.000	152	16.400	4.580E-01	4.931E-01	3.787E-01	4.422E-01	0.731	Homo sapiens	local_structural_support	runs/v2_full_test_evidence_regime/structure_panel/esmfold_pdb/YP_010050982.1.pdb
	YP_009833109.1	Ackermannviridae		515	515	91.837	94.28	50.43	98.66	0.973	0.769				7zsb-assembly1_7	2.345E-17	1.000	543	15.800	5.489E-01	6.981E-01	6.605E-01	5.623E-01	1.054	Saccharomyces cerevisiae	strong_targeted_support	runs/v2_full_test_evidence_regime/structure_panel/esmfold_pdb/YP_009833109.1.pdb
	YP_009881604.1	Twarogvirinae		326	326	91.819	94.45	47.76	98.77	0.969	0.721				8uk9-assembly2_M	2.384E-31	1.000	317	58.300	8.215E-01	7.943E-01	7.590E-01	7.784E-01	0.972	Tequatrovirus T4	strong_targeted_support	runs/v2_full_test_evidence_regime/structure_panel/esmfold_pdb/YP_009881604.1.pdb
	YP_010747570.1	Guernseyvirinae		99	99	91.808	94.6	43.25	96.71	0.949	0.859				4qbn-assembly1_A	5.183E-16	1.000	92	90.200	9.480E-01	1.001E+00	9.204E-01	9.792E-01	0.929	Salmonella phage SETP3	strong_targeted_support	runs/v2_full_test_evidence_regime/structure_panel/esmfold_pdb/YP_010747570.1.pdb
	YP_009793209.1	Dunnvirinae		307	307	91.803	94.54	46.18	98.7	0.964	0.739				6ras-assembly1_I	2.557E-15	1.000	322	17.700	5.663E-01	7.393E-01	7.166E-01	5.267E-01	1.049	Prochlorococcus marinus str. MIT 9302	strong_targeted_support	runs/v2_full_test_evidence_regime/structure_panel/esmfold_pdb/YP_009793209.1.pdb
	YP_009020971.1	Ensavirinae		183	183	91.789	93.3	43.38	96.98	0.984	0.825				9ax9-assembly1_B	3.385E-25	1.000	181	53.000	9.273E-01	9.922E-01	9.761E-01	9.868E-01	0.989	enterovirus D68	strong_targeted_support	runs/v2_full_test_evidence_regime/structure_panel/esmfold_pdb/YP_009020971.1.pdb
	YP_009617284.1	Microwolfvirus		269	269	91.737	95.02	39.26	98.73	0.963	0.792				6qem-assembly1_C	1.311E-13	1.000	285	17.800	6.610E-01	8.194E-01	8.025E-01	4.976E-01	1.059	Escherichia coli	strong_targeted_support	runs/v2_full_test_evidence_regime/structure_panel/esmfold_pdb/YP_009617284.1.pdb
	YP_009886678.1	Twarogvirinae		247	247	91.728	93.98	57.64	98.54	0.976	0.757				1mk0-assembly1_A	5.116E-03	1.000	101	20.700	6.032E-01	6.924E-01	2.653E-01	6.174E-01	0.409	Tequatrovirus T4	foldseek_only_low_model_confidence	runs/v2_full_test_evidence_regime/structure_panel/esmfold_pdb/YP_009886678.1.pdb
	YP_010681362.1	Joanripponvirinae		338	338	91.725	95.84	55.62	98.64	0.944	0.743				1z19-assembly1_B-2	1.032E-06	1.000	291	14.700	6.303E-01	7.581E-01	6.223E-01	7.277E-01	0.861	Lambdavirus lambda	strong_targeted_support	runs/v2_full_test_evidence_regime/structure_panel/esmfold_pdb/YP_010681362.1.pdb
	YP_009831853.1	Borockvirus		505	505	91.72	94.53	37.57	98.75	0.956	0.745				5hx2-assembly1_D	4.386E-20	1.000	503	14.900	5.733E-01	6.199E-01	5.714E-01	4.680E-01	0.996	Tequatrovirus T4	strong_targeted_support	runs/v2_full_test_evidence_regime/structure_panel/esmfold_pdb/YP_009831853.1.pdb
	YP_010746634.1	Guernseyvirinae		95	95	91.711	93.4	45.35	96.12	0.968	0.874				4qbn-assembly1_A	5.322E-15	1.000	93	91.300	9.267E-01	9.845E-01	9.541E-01	9.741E-01	0.979	Salmonella phage SETP3	strong_targeted_support	runs/v2_full_test_evidence_regime/structure_panel/esmfold_pdb/YP_010746634.1.pdb
	YP_009020983.1	Ensavirinae		183	183	91.709	93.14	46.51	97.1	0.984	0.809				9ax9-assembly1_B	2.307E-24	1.000	181	52.400	9.204E-01	9.906E-01	9.746E-01	9.852E-01	0.989	enterovirus D68	strong_targeted_support	runs/v2_full_test_evidence_regime/structure_panel/esmfold_pdb/YP_009020983.1.pdb
	YP_009277060.1	Ackermannviridae		311	311	91.707	93.4	63.72	97.39	0.99	0.733				5tt6-assembly1_A	3.040E-11	1.000	323	17.600	5.327E-01	6.908E-01	6.714E-01	5.696E-01	1.039	Tequatrovirus T4	strong_targeted_support	runs/v2_full_test_evidence_regime/structure_panel/esmfold_pdb/YP_009277060.1.pdb
	YP_009791792.1	Dunnvirinae		448	448	91.682	94.655	58.49	98.75	0.953	0.75				8a3v-assembly1_A	2.076E-16	1.000	458	16.100	5.902E-01	6.643E-01	6.237E-01	6.213E-01	1.022	Vibrio cholerae	strong_targeted_support	runs/v2_full_test_evidence_regime/structure_panel/esmfold_pdb/YP_009791792.1.pdb
	YP_009191817.1	Autotranscriptaviridae		483	483	91.675	94.8	57.94	98.12	0.948	0.799				6n9w-assembly1_B	2.056E-57	1.000	458	59.300	7.659E-01	8.548E-01	7.938E-01	8.075E-01	0.948	Escherichia phage T7	strong_targeted_support	runs/v2_full_test_evidence_regime/structure_panel/esmfold_pdb/YP_009191817.1.pdb
	YP_004323526.1	Eurybiavirus		455	455	91.665	95.69	53.87	98.86	0.934	0.767				8gao-assembly1_E	1.590E-41	1.000	433	38.100	8.214E-01	7.180E-01	6.692E-01	7.016E-01	0.952	Escherichia phage T4	strong_targeted_support	runs/v2_full_test_evidence_regime/structure_panel/esmfold_pdb/YP_004323526.1.pdb
	YP_009822431.1	Ackermannviridae		473	473	91.655	93.98	54.66	98.85	0.962	0.7				6dt1-assembly1_A	8.883E-32	1.000	477	24.700	6.931E-01	7.196E-01	6.907E-01	7.025E-01	1.008	Tequatrovirus T4	strong_targeted_support	runs/v2_full_test_evidence_regime/structure_panel/esmfold_pdb/YP_009822431.1.pdb
	YP_009277136.1	Ackermannviridae		443	443	91.636	94.82	60.93	98.69	0.968	0.727				8gao-assembly1_E	1.882E-39	1.000	415	36.600	7.957E-01	7.277E-01	6.655E-01	6.812E-01	0.937	Escherichia phage T4	strong_targeted_support	runs/v2_full_test_evidence_regime/structure_panel/esmfold_pdb/YP_009277136.1.pdb
	YP_009321521.1	Ferrettivirinae		432	432	91.636	94.155	60.14	98.49	0.956	0.741				4iee-assembly1_A	3.375E-19	1.000	489	16.300	5.719E-01	5.119E-01	4.821E-01	4.635E-01	1.132	Lederbergvirus Sf6	strong_targeted_support	runs/v2_full_test_evidence_regime/structure_panel/esmfold_pdb/YP_009321521.1.pdb
	YP_010112128.1	Loutivirinae		191	191	91.628	95.42	58.37	98.73	0.963	0.681				1or7-assembly3_A	2.382E-07	1.000	192	22.900	7.142E-01	5.176E-01	4.902E-01	5.149E-01	1.005	Escherichia coli	strong_targeted_support	runs/v2_full_test_evidence_regime/structure_panel/esmfold_pdb/YP_010112128.1.pdb
	YP_008859090.1	Benedictvirus		268	268	91.608	94.285	55.08	98.58	0.948	0.761				8duo-assembly1_F	2.374E-08	1.000	272	12.100	6.354E-01	8.397E-01	7.964E-01	5.111E-01	1.015	Escherichia phage T4	strong_targeted_support	runs/v2_full_test_evidence_regime/structure_panel/esmfold_pdb/YP_008859090.1.pdb
	YP_009508972.1	Ensavirinae		183	183	91.598	92.97	45.77	96.79	0.984	0.82				7qub-assembly1_AAA	1.005E-26	1.000	182	54.900	9.400E-01	9.869E-01	9.762E-01	9.815E-01	0.995	Enterovirus A71	strong_targeted_support	runs/v2_full_test_evidence_regime/structure_panel/esmfold_pdb/YP_009508972.1.pdb
	YP_009819254.1	Slopekvirinae		813	813	91.573	95.0	47.89	98.86	0.963	0.729				1msw-assembly1_D	2.703E-40	1.000	888	22.800	6.972E-01	8.183E-01	8.155E-01	7.718E-01	1.092	Escherichia phage T7	strong_targeted_support	runs/v2_full_test_evidence_regime/structure_panel/esmfold_pdb/YP_009819254.1.pdb
	NP_740422.1	Ensavirinae		456	456	91.544	92.36	68.46	97.35	0.998	0.735				4k4s-assembly1_A	1.758E-70	1.000	461	75.400	9.346E-01	9.913E-01	9.892E-01	9.764E-01	1.011	Human poliovirus 1 Mahoney	strong_targeted_support	runs/v2_full_test_evidence_regime/structure_panel/esmfold_pdb/NP_740422.1.pdb
	YP_009140133.1	Enhodamvirus		547	547	91.525	94.79	46.31	98.51	0.96	0.72				8ck0-assembly1_A	4.683E-29	1.000	532	23.100	7.181E-01	7.917E-01	6.945E-01	7.830E-01	0.973	Ribes	strong_targeted_support	runs/v2_full_test_evidence_regime/structure_panel/esmfold_pdb/YP_009140133.1.pdb
	YP_009802386.1	Autotranscriptaviridae		554	554	91.518	95.13	52.85	98.66	0.953	0.753				6n9w-assembly1_B	1.349E-53	1.000	482	51.200	7.566E-01	8.887E-01	7.610E-01	8.800E-01	0.87	Escherichia phage T7	strong_targeted_support	runs/v2_full_test_evidence_regime/structure_panel/esmfold_pdb/YP_009802386.1.pdb
	YP_010050912.1	Ruthgordonvirinae		237	237	91.518	96.4	60.97	98.49	0.945	0.713				8rjw-assembly1_C	3.091E-04	1.000	151	15.800	4.840E-01	4.773E-01	3.273E-01	4.409E-01	0.637	Homo sapiens	local_structural_support	runs/v2_full_test_evidence_regime/structure_panel/esmfold_pdb/YP_010050912.1.pdb
	YP_010051108.1	Ruthgordonvirinae		196	196	91.473	95.575	56.97	98.4	0.954	0.75				9d9l-assembly1_L	1.296E-06	1.000	199	19.000	6.299E-01	7.344E-01	6.880E-01	4.968E-01	1.015	Mycobacterium phage Bxb1	strong_targeted_support	runs/v2_full_test_evidence_regime/structure_panel/esmfold_pdb/YP_010051108.1.pdb
	YP_008531959.1	Ackermannviridae		117	117	91.469	93.37	59.98	97.48	0.957	0.795				4etr-assembly2_B	2.496E-01	0.998	115	12.100	6.569E-01	8.158E-01	7.655E-01	7.371E-01	0.983	Pseudomonas aeruginosa PAO1	strong_targeted_support	runs/v2_full_test_evidence_regime/structure_panel/esmfold_pdb/YP_008531959.1.pdb
	YP_010105450.1	Lclasvirinae		298	298	91.468	94.24	66.13	98.44	0.98	0.708				6bp8-assembly1_A	6.649E-04	1.000	292	14.700	5.275E-01	5.446E-01	4.788E-01	2.074E-01	0.98	Rattus norvegicus	strong_targeted_support	runs/v2_full_test_evidence_regime/structure_panel/esmfold_pdb/YP_010105450.1.pdb
	YP_008767206.1	Guernseyvirinae		95	95	91.436	93.82	41.6	96.26	0.979	0.832				4qbn-assembly1_A	7.277E-17	1.000	93	97.800	9.564E-01	9.996E-01	9.683E-01	9.889E-01	0.979	Salmonella phage SETP3	strong_targeted_support	runs/v2_full_test_evidence_regime/structure_panel/esmfold_pdb/YP_008767206.1.pdb
	YP_009322375.1	Ferrettivirinae		250	250	91.423	95.435	55.93	98.8	0.904	0.768				1jhe-assembly1_B	6.962E-07	1.000	125	24.000	7.191E-01	8.136E-01	3.982E-01	7.623E-01	0.5	Escherichia coli	local_structural_support	runs/v2_full_test_evidence_regime/structure_panel/esmfold_pdb/YP_009322375.1.pdb
	NP_740454.1	Ensavirinae		183	183	91.408	92.92	44.01	96.5	0.984	0.781				7qub-assembly1_AAA	4.220E-27	1.000	182	54.900	9.258E-01	9.849E-01	9.743E-01	9.796E-01	0.995	Enterovirus A71	strong_targeted_support	runs/v2_full_test_evidence_regime/structure_panel/esmfold_pdb/NP_740454.1.pdb
	YP_010084717.1	Geminiviridae		362	362	91.382	94.36	61.04	98.71	0.939	0.699				1l5i-assembly1_A	2.117E-15	1.000	118	61.000	7.656E-01	9.040E-01	3.096E-01	8.969E-01	0.326	Tomato yellow leaf curl Sardinia virus	foldseek_only_low_model_confidence	runs/v2_full_test_evidence_regime/structure_panel/esmfold_pdb/YP_010084717.1.pdb
	YP_009168880.1	Guernseyvirinae		162	162	91.364	93.3	56.56	96.97	0.969	0.753				8hp8-assembly3_C	2.178E-23	1.000	160	90.600	9.679E-01	9.938E-01	9.756E-01	9.877E-01	0.988	Escherichia phage PBEC131	strong_targeted_support	runs/v2_full_test_evidence_regime/structure_panel/esmfold_pdb/YP_009168880.1.pdb
	YP_009606728.1	Ounavirinae		158	158	91.351	92.495	54.6	96.56	0.987	0.728				1u3e-assembly1_M	2.393E-04	1.000	160	21.800	4.570E-01	4.955E-01	4.403E-01	4.041E-01	1.013	Okubovirus SPO1	strong_targeted_support	runs/v2_full_test_evidence_regime/structure_panel/esmfold_pdb/YP_009606728.1.pdb
	YP_010653813.1	Attisvirus		235	235	91.343	94.75	55.82	98.81	0.97	0.66				1qoz-assembly2_B	1.695E-07	1.000	222	18.000	4.657E-01	6.184E-01	4.948E-01	5.564E-01	0.945	Trichoderma reesei	strong_targeted_support	runs/v2_full_test_evidence_regime/structure_panel/esmfold_pdb/YP_010653813.1.pdb
	NP_740421.1	Ensavirinae		183	183	91.333	92.71	41.96	96.89	0.984	0.792				3zv8-assembly1_A	7.673E-30	1.000	183	83.000	9.400E-01	9.871E-01	9.818E-01	9.560E-01	1.0	enterovirus D68	strong_targeted_support	runs/v2_full_test_evidence_regime/structure_panel/esmfold_pdb/NP_740421.1.pdb
	YP_006666531.1	Geminiviridae		346	346	91.328	94.3	62.57	98.7	0.971	0.699				7jsh-assembly1_E	1.555E-04	1.000	254	15.700	4.143E-01	4.833E-01	3.272E-01	3.958E-01	0.734	adeno-associated virus 2	local_structural_support	runs/v2_full_test_evidence_regime/structure_panel/esmfold_pdb/YP_006666531.1.pdb
	YP_010749736.1	Guernseyvirinae		100	100	91.325	93.68	48.59	96.65	0.96	0.83				4qbn-assembly1_A	2.315E-13	1.000	93	77.400	9.103E-01	9.824E-01	9.055E-01	9.720E-01	0.93	Salmonella phage SETP3	strong_targeted_support	runs/v2_full_test_evidence_regime/structure_panel/esmfold_pdb/YP_010749736.1.pdb
	YP_010062379.1	Kimonavirus		217	217	91.31	95.67	53.89	98.91	0.963	0.691				6fdf-assembly2_B	5.682E-07	1.000	326	13.800	5.029E-01	7.015E-01	6.957E-01	4.945E-01	1.502	Schizosaccharomyces pombe	strong_targeted_support	runs/v2_full_test_evidence_regime/structure_panel/esmfold_pdb/YP_010062379.1.pdb
	YP_010660684.1	Purivirus		503	503	91.31	94.87	47.78	98.66	0.936	0.795				3ezk-assembly1_A	6.253E-12	1.000	505	12.400	5.060E-01	4.412E-01	3.964E-01	3.633E-01	1.004	Tequatrovirus T4	local_structural_support	runs/v2_full_test_evidence_regime/structure_panel/esmfold_pdb/YP_010660684.1.pdb
	YP_009337301.1	Riboviria		197	197	91.296	94.02	64.48	97.71	0.985	0.68				2zzq-assembly1_A	1.801E-08	1.000	192	16.100	6.405E-01	8.444E-01	7.351E-01	3.201E-01	0.975	Hepatitis E virus (strain Myanmar)	strong_targeted_support	runs/v2_full_test_evidence_regime/structure_panel/esmfold_pdb/YP_009337301.1.pdb
	YP_009197059.1	Lclasvirinae		110	110	91.295	93.15	49.95	95.18	0.973	0.818				6ghc-assembly1_A	8.174E-02	0.978	88	25.000	5.124E-01	7.160E-01	5.102E-01	2.156E-01	0.8	Escherichia coli K-12	strong_targeted_support	runs/v2_full_test_evidence_regime/structure_panel/esmfold_pdb/YP_009197059.1.pdb
	YP_009703552.1	Asfarviridae		419	419	91.288	94.13	41.36	98.59	0.969	0.726				6imn-assembly2_B	9.195E-74	1.000	412	98.700	8.598E-01	8.983E-01	8.725E-01	8.942E-01	0.983	African swine fever virus	strong_targeted_support	runs/v2_full_test_evidence_regime/structure_panel/esmfold_pdb/YP_009703552.1.pdb
	YP_009703707.1	Asfarviridae		419	419	91.288	94.13	41.36	98.59	0.969	0.726				6imn-assembly2_B	9.195E-74	1.000	412	98.700	8.598E-01	8.983E-01	8.725E-01	8.942E-01	0.983	African swine fever virus	strong_targeted_support	runs/v2_full_test_evidence_regime/structure_panel/esmfold_pdb/YP_009703707.1.pdb
	YP_009153054.1	Enhodamvirus		633	633	91.287	94.88	33.02	98.52	0.942	0.755				7pbk-assembly2_B	4.186E-81	1.000	625	93.100	8.546E-01	9.418E-01	9.060E-01	9.344E-01	0.987	Vibrio phage phiVC8	strong_targeted_support	runs/v2_full_test_evidence_regime/structure_panel/esmfold_pdb/YP_009153054.1.pdb
	YP_008433501.1	Baikalvirus		258	258	91.275	94.85	50.15	98.57	0.95	0.767				4gek-assembly1_A	1.399E-20	1.000	247	28.700	7.328E-01	8.943E-01	7.815E-01	8.721E-01	0.957	Escherichia coli str. K-12 substr. MG1655	strong_targeted_support	runs/v2_full_test_evidence_regime/structure_panel/esmfold_pdb/YP_008433501.1.pdb
	YP_009831810.1	Borockvirus		690	690	91.255	96.025	40.82	98.84	0.929	0.78				8oo6-assembly1_A	5.256E-30	1.000	702	26.700	6.462E-01	8.675E-01	7.546E-01	8.553E-01	1.017	Escherichia coli 'BL21-Gold(DE3)pLysS AG'	strong_targeted_support	runs/v2_full_test_evidence_regime/structure_panel/esmfold_pdb/YP_009831810.1.pdb
	YP_009796248.1	Ackermannviridae		117	117	91.242	93.24	59.3	97.42	0.957	0.778				5hjf-assembly1_D	1.099E-01	1.000	137	16.700	6.500E-01	7.731E-01	7.504E-01	5.026E-01	1.171	Nostoc punctiforme	strong_targeted_support	runs/v2_full_test_evidence_regime/structure_panel/esmfold_pdb/YP_009796248.1.pdb
	YP_010657873.1	Demetervirinae		249	249	91.234	94.0	57.35	98.53	0.98	0.707				8gms-assembly1_F	9.759E-06	1.000	224	11.600	4.920E-01	6.426E-01	5.256E-01	4.103E-01	0.9	Escherichia coli	strong_targeted_support	runs/v2_full_test_evidence_regime/structure_panel/esmfold_pdb/YP_010657873.1.pdb
	YP_453650.1	Kantovirinae		299	299	91.233	93.93	60.44	98.42	0.95	0.742				9b45-assembly1_f	1.882E-15	1.000	312	14.100	6.156E-01	7.531E-01	7.142E-01	7.459E-01	1.043	Pseudomonas virus Pa193	strong_targeted_support	runs/v2_full_test_evidence_regime/structure_panel/esmfold_pdb/YP_453650.1.pdb
	YP_008531988.1	Ackermannviridae		363	363	91.22	93.5	56.57	98.42	0.967	0.733				8gms-assembly1_F	1.343E-22	1.000	343	18.600	6.518E-01	8.103E-01	7.135E-01	7.723E-01	0.945	Escherichia coli	strong_targeted_support	runs/v2_full_test_evidence_regime/structure_panel/esmfold_pdb/YP_008531988.1.pdb
	YP_010681124.1	Joanripponvirinae		338	338	91.216	95.255	47.08	98.6	0.935	0.734				1z19-assembly1_B-2	1.507E-06	1.000	293	15.600	6.192E-01	7.380E-01	6.070E-01	7.084E-01	0.867	Lambdavirus lambda	strong_targeted_support	runs/v2_full_test_evidence_regime/structure_panel/esmfold_pdb/YP_010681124.1.pdb
	YP_010679913.1	Joanripponvirinae		330	330	91.192	94.13	55.97	98.75	0.985	0.703				1pvr-assembly1_A	1.280E-09	1.000	342	18.400	6.061E-01	7.219E-01	6.777E-01	6.886E-01	1.036	Punavirus P1	strong_targeted_support	runs/v2_full_test_evidence_regime/structure_panel/esmfold_pdb/YP_010679913.1.pdb
	YP_010052511.1	Kantovirinae		299	299	91.179	93.85	60.02	98.45	0.95	0.739				9b45-assembly1_f	2.095E-15	1.000	311	13.800	6.053E-01	7.382E-01	6.998E-01	7.311E-01	1.04	Pseudomonas virus Pa193	strong_targeted_support	runs/v2_full_test_evidence_regime/structure_panel/esmfold_pdb/YP_010052511.1.pdb
	YP_010101354.1	Lclasvirinae		292	292	91.161	94.355	61.98	98.44	0.949	0.712				6bp8-assembly1_A	8.340E-04	1.000	292	14.700	5.275E-01	5.451E-01	4.870E-01	2.075E-01	1.0	Rattus norvegicus	strong_targeted_support	runs/v2_full_test_evidence_regime/structure_panel/esmfold_pdb/YP_010101354.1.pdb
	YP_010679870.1	Joanripponvirinae		200	200	91.129	94.13	53.16	98.01	0.96	0.73				4ryf-assembly1_A	6.305E-12	1.000	181	19.300	7.351E-01	8.574E-01	7.252E-01	8.034E-01	0.905	Listeria monocytogenes	strong_targeted_support	runs/v2_full_test_evidence_regime/structure_panel/esmfold_pdb/YP_010679870.1.pdb
	YP_009796725.1	Abbeymikolonvirus		469	469	91.099	94.05	48.04	98.48	0.979	0.684				9d94-assembly1_Fb	6.186E-23	1.000	483	21.100	6.524E-01	7.756E-01	7.296E-01	7.580E-01	1.03	Mycobacterium phage Bxb1	strong_targeted_support	runs/v2_full_test_evidence_regime/structure_panel/esmfold_pdb/YP_009796725.1.pdb
	YP_009791821.1	Dunnvirinae		180	180	91.097	93.19	56.71	97.25	0.978	0.75				5yvq-assembly1_B	3.813E-02	0.997	108	21.200	5.589E-01	6.634E-01	3.649E-01	5.876E-01	0.6	Muvirus mu	local_structural_support	runs/v2_full_test_evidence_regime/structure_panel/esmfold_pdb/YP_009791821.1.pdb
	YP_009796514.1	Ackermannviridae		473	473	91.088	93.49	53.03	98.86	0.958	0.674				6dt1-assembly1_A	2.960E-32	1.000	478	24.600	6.967E-01	7.145E-01	6.865E-01	6.984E-01	1.011	Tequatrovirus T4	strong_targeted_support	runs/v2_full_test_evidence_regime/structure_panel/esmfold_pdb/YP_009796514.1.pdb
	YP_009821857.1	Guernseyvirinae		376	376	91.077	94.315	45.72	98.88	0.973	0.684				6knc-assembly1_A	3.015E-07	1.000	316	11.700	4.251E-01	5.749E-01	4.369E-01	3.759E-01	0.84	Thermococcus kodakarensis KOD1	strong_targeted_support	runs/v2_full_test_evidence_regime/structure_panel/esmfold_pdb/YP_009821857.1.pdb
	YP_010115742.1	Drexlerviridae		376	376	91.076	94.315	54.73	98.82	0.973	0.686				5ihe-assembly1_A	3.991E-07	1.000	326	12.200	4.372E-01	5.440E-01	4.027E-01	3.509E-01	0.867	Pyrococcus abyssi GE5	strong_targeted_support	runs/v2_full_test_evidence_regime/structure_panel/esmfold_pdb/YP_010115742.1.pdb
	YP_010052572.1	Kantovirinae		494	494	91.048	94.52	29.75	98.91	0.951	0.735				8env-assembly1_B	5.244E-29	1.000	525	21.500	6.229E-01	8.120E-01	8.059E-01	7.910E-01	1.063	Pseudomonas phage vB_PaeM_E217	strong_targeted_support	runs/v2_full_test_evidence_regime/structure_panel/esmfold_pdb/YP_010052572.1.pdb
	YP_007236712.1	Coetzeevirus		219	219	91.037	93.16	70.46	97.95	1.0	0.676				8gbj-assembly1_X	1.424E-06	1.000	236	12.200	4.914E-01	6.535E-01	5.729E-01	5.460E-01	1.078	Homo sapiens	strong_targeted_support	runs/v2_full_test_evidence_regime/structure_panel/esmfold_pdb/YP_007236712.1.pdb
	YP_009902999.1	Drexlerviridae		376	376	91.025	94.24	54.42	98.8	0.973	0.684				9f2a-assembly1_A	3.622E-07	1.000	466	10.300	3.841E-01	4.100E-01	4.034E-01	3.463E-01	1.239	Pyrococcus abyssi GE5	strong_targeted_support	runs/v2_full_test_evidence_regime/structure_panel/esmfold_pdb/YP_009902999.1.pdb
	YP_009884720.1	Ackermannviridae		78	78	91.013	92.395	64.03	94.81	0.987	0.769				4q29-assembly1_B	5.325E-02	1.000	76	11.800	6.849E-01	8.368E-01	7.416E-01	5.020E-01	0.974	Photorhabdus laumondii subsp. laumondii TTO1	strong_targeted_support	runs/v2_full_test_evidence_regime/structure_panel/esmfold_pdb/YP_009884720.1.pdb
	YP_010740236.1	Heleneionescovirinae		187	187	91.01	94.38	54.7	98.17	0.925	0.818				7et4-assembly3_G	2.553E-01	0.981	54	22.200	5.671E-01	8.059E-01	2.471E-01	4.504E-01	0.289	Arabidopsis thaliana	foldseek_only_low_model_confidence	runs/v2_full_test_evidence_regime/structure_panel/esmfold_pdb/YP_010740236.1.pdb
	YP_010052563.1	Kantovirinae		255	255	91.007	97.48	51.93	98.95	0.882	0.761				9c3u-assembly1_A	2.826E-18	1.000	266	23.300	7.105E-01	7.970E-01	7.650E-01	7.848E-01	1.043	Burkholderia cenocepacia	strong_targeted_support	runs/v2_full_test_evidence_regime/structure_panel/esmfold_pdb/YP_010052563.1.pdb
	YP_010050943.1	Ruthgordonvirinae		211	211	91.006	93.41	68.34	98.47	0.991	0.64				5w95-assembly2_B	1.521E-07	1.000	228	14.400	6.008E-01	7.550E-01	6.491E-01	5.296E-01	1.081	Mycobacterium tuberculosis	strong_targeted_support	runs/v2_full_test_evidence_regime/structure_panel/esmfold_pdb/YP_010050943.1.pdb
	YP_002576171.1	Geminiviridae		361	361	91.002	94.11	58.21	98.26	0.942	0.723				2gxa-assembly2_K	1.432E-05	1.000	264	13.200	4.240E-01	4.838E-01	3.270E-01	4.095E-01	0.731	Deltapapillomavirus 4	local_structural_support	runs/v2_full_test_evidence_regime/structure_panel/esmfold_pdb/YP_002576171.1.pdb
	YP_010051096.1	Ruthgordonvirinae		213	213	90.981	93.73	60.84	98.3	0.981	0.723				5w95-assembly1_A	4.325E-08	1.000	228	20.600	6.066E-01	7.519E-01	6.396E-01	5.382E-01	1.07	Mycobacterium tuberculosis	strong_targeted_support	runs/v2_full_test_evidence_regime/structure_panel/esmfold_pdb/YP_010051096.1.pdb
	YP_010112567.1	Loutivirinae		279	279	90.975	94.33	51.6	98.75	0.946	0.713				7t22-assembly1_F	3.673E-19	1.000	271	20.600	7.206E-01	9.052E-01	8.159E-01	5.188E-01	0.971	Escherichia coli K-12	strong_targeted_support	runs/v2_full_test_evidence_regime/structure_panel/esmfold_pdb/YP_010112567.1.pdb
	YP_007002903.1	Slopekvirinae		614	614	90.955	94.1	52.07	98.76	0.951	0.715				8dgc-assembly1_H	2.980E-45	1.000	542	32.600	6.581E-01	5.410E-01	4.728E-01	5.305E-01	0.883	Escherichia phage PhiV-1	strong_targeted_support	runs/v2_full_test_evidence_regime/structure_panel/esmfold_pdb/YP_007002903.1.pdb
	YP_007002873.1	Slopekvirinae		317	317	90.94	92.58	57.99	98.57	0.987	0.688				6dt1-assembly1_A	3.047E-15	1.000	351	15.900	6.321E-01	7.429E-01	7.255E-01	5.085E-01	1.107	Tequatrovirus T4	strong_targeted_support	runs/v2_full_test_evidence_regime/structure_panel/esmfold_pdb/YP_007002873.1.pdb
	YP_008410903.1	Lclasvirinae		323	323	90.931	93.42	56.12	98.85	0.988	0.632				5w95-assembly2_B	7.130E-07	1.000	297	16.400	5.483E-01	6.482E-01	4.996E-01	6.010E-01	0.92	Mycobacterium tuberculosis	strong_targeted_support	runs/v2_full_test_evidence_regime/structure_panel/esmfold_pdb/YP_008410903.1.pdb
	YP_009854105.1	Ackermannviridae		209	209	90.928	95.01	37.29	98.69	0.923	0.77				3gcc-assembly1_A	7.807E-02	0.991	59	32.200	4.925E-01	6.835E-01	1.990E-01	5.908E-01	0.282	Arabidopsis thaliana	foldseek_only_low_model_confidence	runs/v2_full_test_evidence_regime/structure_panel/esmfold_pdb/YP_009854105.1.pdb
	YP_010052640.1	Kantovirinae		494	494	90.924	94.45	29.27	98.91	0.951	0.729				8env-assembly1_B	1.220E-28	1.000	524	20.900	6.243E-01	8.128E-01	8.052E-01	7.903E-01	1.061	Pseudomonas phage vB_PaeM_E217	strong_targeted_support	runs/v2_full_test_evidence_regime/structure_panel/esmfold_pdb/YP_010052640.1.pdb
	YP_010680386.1	Joanripponvirinae		338	338	90.912	95.705	48.44	98.62	0.944	0.725				6emy-assembly1_A	7.917E-09	1.000	328	14.600	5.692E-01	7.066E-01	6.143E-01	6.526E-01	0.97	Enterococcus faecalis	strong_targeted_support	runs/v2_full_test_evidence_regime/structure_panel/esmfold_pdb/YP_010680386.1.pdb
	YP_009843053.1	Montyvirus		510	510	90.904	94.575	46.96	98.87	0.933	0.727				7oob-assembly1_b	1.998E-25	1.000	506	20.300	6.639E-01	8.195E-01	7.638E-01	7.500E-01	0.992	Homo sapiens	strong_targeted_support	runs/v2_full_test_evidence_regime/structure_panel/esmfold_pdb/YP_009843053.1.pdb
	YP_009597301.1	Guernseyvirinae		376	376	90.888	94.21	45.55	98.88	0.973	0.681				4o24-assembly1_A	8.137E-07	1.000	315	10.400	4.188E-01	5.864E-01	4.381E-01	4.875E-01	0.838	Thermotoga maritima MSB8	strong_targeted_support	runs/v2_full_test_evidence_regime/structure_panel/esmfold_pdb/YP_009597301.1.pdb
	YP_009883563.1	Ackermannviridae		267	267	90.874	93.52	53.55	97.72	0.955	0.764				7ryh-assembly1_q	5.692E+00	0.126	21	19.000	3.694E-01	7.095E-01	7.650E-02	2.501E-01	0.079	Acinetobacter baumannii AB0057	model_confident_no_clear_pdb_analog	runs/v2_full_test_evidence_regime/structure_panel/esmfold_pdb/YP_009883563.1.pdb
	YP_009836774.1	Marfavirus		901	901	90.871	92.38	44.76	97.49	0.98	0.729				3tag-assembly1_A	0.000E+00	1.000	904	69.100	8.972E-01	9.461E-01	9.451E-01	9.401E-01	1.003	Escherichia phage RB69	strong_targeted_support	runs/v2_full_test_evidence_regime/structure_panel/esmfold_pdb/YP_009836774.1.pdb
	YP_009795614.1	Montyvirus		121	121	90.848	93.07	62.58	95.75	0.975	0.736				4ecn-assembly1_A	9.626E-01	0.150	101	10.800	3.235E-01	3.849E-01	2.668E-01	6.156E-02	0.835	Bacteroides thetaiotaomicron VPI-5482	model_confident_no_clear_pdb_analog	runs/v2_full_test_evidence_regime/structure_panel/esmfold_pdb/YP_009795614.1.pdb
	YP_010681749.1	Heleneionescovirinae		241	241	90.835	96.81	53.09	98.91	0.876	0.763				8urk-assembly1_B	1.094E-18	1.000	257	22.900	7.040E-01	7.898E-01	7.746E-01	7.513E-01	1.066	Burkholderia cenocepacia	strong_targeted_support	runs/v2_full_test_evidence_regime/structure_panel/esmfold_pdb/YP_010681749.1.pdb
	YP_010749276.1	Guernseyvirinae		233	233	90.812	95.43	52.33	98.24	0.94	0.755				2zvz-assembly1_A	4.096E-01	0.326	85	14.100	4.593E-01	4.192E-01	1.588E-01	2.079E-01	0.365	Salmonella enterica subsp. enterica serovar Typhimurium	model_confident_no_clear_pdb_analog	runs/v2_full_test_evidence_regime/structure_panel/esmfold_pdb/YP_010749276.1.pdb
	NP_620665.1	Geminiviridae		354	354	90.788	93.43	58.46	98.21	0.966	0.689				2gxa-assembly2_K	2.853E-05	1.000	265	12.800	4.302E-01	4.831E-01	3.370E-01	4.132E-01	0.749	Deltapapillomavirus 4	local_structural_support	runs/v2_full_test_evidence_regime/structure_panel/esmfold_pdb/NP_620665.1.pdb
	YP_010062198.1	Myradeevirus		276	276	90.771	94.27	61.42	98.6	0.957	0.688				6ppr-assembly1_A	9.322E-09	1.000	282	20.200	5.321E-01	7.200E-01	6.239E-01	2.298E-01	1.022	Mycolicibacterium smegmatis	strong_targeted_support	runs/v2_full_test_evidence_regime/structure_panel/esmfold_pdb/YP_010062198.1.pdb
	YP_010658685.1	Rhodovirinae		537	537	90.745	94.18	45.56	98.75	0.948	0.691				8dgc-assembly1_H	5.071E-17	1.000	556	14.300	5.199E-01	5.262E-01	4.679E-01	4.671E-01	1.035	Escherichia phage PhiV-1	strong_targeted_support	runs/v2_full_test_evidence_regime/structure_panel/esmfold_pdb/YP_010658685.1.pdb
	YP_009796237.1	Ackermannviridae		775	775	90.732	93.7	43.61	97.55	0.952	0.746				7zr1-assembly1_D	1.395E-22	1.000	828	13.500	5.688E-01	5.367E-01	5.162E-01	5.134E-01	1.068	Thermochaetoides thermophila	strong_targeted_support	runs/v2_full_test_evidence_regime/structure_panel/esmfold_pdb/YP_009796237.1.pdb
	YP_009796504.1	Ackermannviridae		361	361	90.724	93.79	56.87	98.73	0.936	0.756				8gms-assembly1_F	2.948E-23	1.000	340	20.000	6.525E-01	8.018E-01	7.104E-01	7.646E-01	0.942	Escherichia coli	strong_targeted_support	runs/v2_full_test_evidence_regime/structure_panel/esmfold_pdb/YP_009796504.1.pdb
	YP_010680355.1	Joanripponvirinae		329	329	90.712	94.31	57.54	98.75	0.964	0.717				5u91-assembly1_F	7.446E-08	1.000	327	15.900	5.840E-01	7.402E-01	6.683E-01	6.851E-01	0.994	synthetic construct	strong_targeted_support	runs/v2_full_test_evidence_regime/structure_panel/esmfold_pdb/YP_010680355.1.pdb
	YP_009882314.1	Twarogvirinae		327	327	90.708	94.56	45.6	98.78	0.93	0.722				8uk9-assembly2_M	4.231E-31	1.000	317	58.600	8.244E-01	8.207E-01	7.812E-01	8.040E-01	0.969	Tequatrovirus T4	strong_targeted_support	runs/v2_full_test_evidence_regime/structure_panel/esmfold_pdb/YP_009882314.1.pdb
	YP_009821335.1	Slopekvirinae		205	205	90.706	93.06	56.46	98.2	0.971	0.663				6h9d-assembly3_C	7.038E-06	1.000	166	17.400	6.494E-01	8.648E-01	5.973E-01	8.109E-01	0.81	Asticcacaulis excentricus	strong_targeted_support	runs/v2_full_test_evidence_regime/structure_panel/esmfold_pdb/YP_009821335.1.pdb
	YP_008531952.1	Ackermannviridae		775	775	90.702	93.71	42.62	97.66	0.954	0.748				7zr1-assembly1_D	5.194E-23	1.000	825	13.600	5.363E-01	5.099E-01	4.894E-01	4.867E-01	1.065	Thermochaetoides thermophila	strong_targeted_support	runs/v2_full_test_evidence_regime/structure_panel/esmfold_pdb/YP_008531952.1.pdb
	YP_009798970.1	Ackermannviridae		775	775	90.684	93.71	42.72	97.54	0.954	0.747				7zr1-assembly1_D	3.913E-23	1.000	825	13.800	5.367E-01	5.179E-01	4.969E-01	4.945E-01	1.065	Thermochaetoides thermophila	strong_targeted_support	runs/v2_full_test_evidence_regime/structure_panel/esmfold_pdb/YP_009798970.1.pdb
	YP_009798817.1	Ackermannviridae		361	361	90.64	93.76	56.64	98.72	0.936	0.753				8gms-assembly1_F	4.423E-23	1.000	340	20.000	6.529E-01	8.019E-01	7.103E-01	7.647E-01	0.942	Escherichia coli	strong_targeted_support	runs/v2_full_test_evidence_regime/structure_panel/esmfold_pdb/YP_009798817.1.pdb
	YP_009822421.1	Ackermannviridae		361	361	90.64	93.76	56.64	98.72	0.936	0.753				8gms-assembly1_F	4.423E-23	1.000	340	20.000	6.529E-01	8.019E-01	7.103E-01	7.647E-01	0.942	Escherichia coli	strong_targeted_support	runs/v2_full_test_evidence_regime/structure_panel/esmfold_pdb/YP_009822421.1.pdb
	YP_009883584.1	Ackermannviridae		361	361	90.64	93.76	56.64	98.72	0.936	0.753				8gms-assembly1_F	4.423E-23	1.000	340	20.000	6.529E-01	8.019E-01	7.103E-01	7.647E-01	0.942	Escherichia coli	strong_targeted_support	runs/v2_full_test_evidence_regime/structure_panel/esmfold_pdb/YP_009883584.1.pdb
	YP_009884644.1	Ackermannviridae		361	361	90.64	93.76	56.64	98.72	0.936	0.753				8gms-assembly1_F	4.423E-23	1.000	340	20.000	6.529E-01	8.019E-01	7.103E-01	7.647E-01	0.942	Escherichia coli	strong_targeted_support	runs/v2_full_test_evidence_regime/structure_panel/esmfold_pdb/YP_009884644.1.pdb
	YP_010746647.1	Guernseyvirinae		376	376	90.62	94.05	50.46	98.9	0.973	0.665				4o24-assembly1_A	2.516E-07	1.000	312	10.800	4.183E-01	5.964E-01	4.366E-01	4.863E-01	0.83	Thermotoga maritima MSB8	strong_targeted_support	runs/v2_full_test_evidence_regime/structure_panel/esmfold_pdb/YP_010746647.1.pdb
	YP_010655497.1	Zukovirus		184	184	90.615	93.2	67.19	98.56	0.989	0.636				1ku7-assembly1_A	2.192E-01	0.978	71	21.100	6.606E-01	6.513E-01	2.598E-01	5.948E-01	0.386	Thermus aquaticus	foldseek_only_low_model_confidence	runs/v2_full_test_evidence_regime/structure_panel/esmfold_pdb/YP_010655497.1.pdb
	YP_009883539.1	Ackermannviridae		775	775	90.613	93.7	43.13	97.48	0.954	0.743				7zr1-assembly1_D	4.866E-22	1.000	826	14.600	5.550E-01	4.989E-01	4.789E-01	4.762E-01	1.066	Thermochaetoides thermophila	strong_targeted_support	runs/v2_full_test_evidence_regime/structure_panel/esmfold_pdb/YP_009883539.1.pdb
	YP_011217196.1	Guernseyvirinae		376	376	90.605	94.02	45.17	98.88	0.971	0.665				6knc-assembly1_A	2.373E-06	1.000	316	12.000	4.275E-01	5.805E-01	4.379E-01	3.747E-01	0.84	Thermococcus kodakarensis KOD1	strong_targeted_support	runs/v2_full_test_evidence_regime/structure_panel/esmfold_pdb/YP_011217196.1.pdb
	NP_740546.1	Ensavirinae		183	183	90.595	92.17	39.12	96.17	0.984	0.694				3q3x-assembly1_A	1.513E-34	1.000	181	95.500	9.463E-01	9.934E-01	9.772E-01	9.772E-01	0.989	Enterovirus B	strong_targeted_support	runs/v2_full_test_evidence_regime/structure_panel/esmfold_pdb/NP_740546.1.pdb
	YP_010050959.1	Ruthgordonvirinae		280	280	90.576	94.21	50.33	97.92	0.929	0.743				2x8k-assembly1_C	2.691E-11	1.000	277	11.100	5.779E-01	7.725E-01	6.703E-01	7.585E-01	0.989	Bacillus phage SPP1	strong_targeted_support	runs/v2_full_test_evidence_regime/structure_panel/esmfold_pdb/YP_010050959.1.pdb
	YP_009845848.1	Ackermannviridae		200	200	90.564	92.47	65.77	98.24	0.985	0.645				3e23-assembly1_A	1.262E-12	1.000	209	20.000	6.037E-01	7.611E-01	7.210E-01	7.274E-01	1.045	Rhodopseudomonas palustris	strong_targeted_support	runs/v2_full_test_evidence_regime/structure_panel/esmfold_pdb/YP_009845848.1.pdb
	YP_009798819.1	Ackermannviridae		475	475	90.543	94.37	37.57	98.8	0.943	0.72				8gao-assembly1_E	6.455E-37	1.000	436	31.600	7.668E-01	7.170E-01	6.462E-01	7.047E-01	0.918	Escherichia phage T4	strong_targeted_support	runs/v2_full_test_evidence_regime/structure_panel/esmfold_pdb/YP_009798819.1.pdb
	YP_009822423.1	Ackermannviridae		475	475	90.543	94.37	37.57	98.8	0.943	0.72				8gao-assembly1_E	6.455E-37	1.000	436	31.600	7.668E-01	7.170E-01	6.462E-01	7.047E-01	0.918	Escherichia phage T4	strong_targeted_support	runs/v2_full_test_evidence_regime/structure_panel/esmfold_pdb/YP_009822423.1.pdb
	YP_008767193.1	Guernseyvirinae		376	376	90.534	93.85	50.02	98.88	0.973	0.652				6knc-assembly1_A	1.074E-06	1.000	329	12.100	4.195E-01	5.715E-01	4.321E-01	3.732E-01	0.875	Thermococcus kodakarensis KOD1	strong_targeted_support	runs/v2_full_test_evidence_regime/structure_panel/esmfold_pdb/YP_008767193.1.pdb
	YP_009837719.1	Ackermannviridae		143	143	90.529	93.27	52.15	96.98	0.944	0.762				3uqz-assembly1_A	6.193E-03	0.991	185	16.200	4.638E-01	5.101E-01	4.808E-01	2.684E-01	1.294	Streptococcus pneumoniae	strong_targeted_support	runs/v2_full_test_evidence_regime/structure_panel/esmfold_pdb/YP_009837719.1.pdb
	YP_009608577.1	Guernseyvirinae		376	376	90.524	93.64	50.13	98.88	0.973	0.657				4o24-assembly1_A	3.293E-07	1.000	317	11.600	4.078E-01	5.796E-01	4.329E-01	4.822E-01	0.843	Thermotoga maritima MSB8	strong_targeted_support	runs/v2_full_test_evidence_regime/structure_panel/esmfold_pdb/YP_009608577.1.pdb
	YP_009884595.1	Ackermannviridae		775	775	90.493	93.51	43.19	97.54	0.952	0.725				7zr1-assembly1_D	1.919E-23	1.000	825	13.800	5.358E-01	5.280E-01	5.073E-01	5.045E-01	1.065	Thermochaetoides thermophila	strong_targeted_support	runs/v2_full_test_evidence_regime/structure_panel/esmfold_pdb/YP_009884595.1.pdb
	YP_001110754.1	Yongloolinvirus		270	270	90.487	93.65	48.16	98.83	0.933	0.696				3qay-assembly4_D	3.819E-33	1.000	179	100.000	8.651E-01	9.418E-01	6.271E-01	9.315E-01	0.663	Colneyvirus CD27	strong_targeted_support	runs/v2_full_test_evidence_regime/structure_panel/esmfold_pdb/YP_001110754.1.pdb
	YP_010746869.1	Guernseyvirinae		376	376	90.481	93.775	49.67	98.89	0.973	0.646				4o24-assembly1_A	4.006E-07	1.000	310	10.900	4.159E-01	5.922E-01	4.345E-01	4.840E-01	0.824	Thermotoga maritima MSB8	strong_targeted_support	runs/v2_full_test_evidence_regime/structure_panel/esmfold_pdb/YP_010746869.1.pdb
	YP_009796765.1	Abbeymikolonvirus		215	215	90.477	93.86	48.58	98.81	0.944	0.656				4h0n-assembly4_D	1.461E-05	1.000	342	11.900	4.907E-01	6.573E-01	6.465E-01	4.421E-01	1.591	Spodoptera frugiperda	strong_targeted_support	runs/v2_full_test_evidence_regime/structure_panel/esmfold_pdb/YP_009796765.1.pdb
	YP_010747698.1	Guernseyvirinae		376	376	90.468	94.005	49.73	98.87	0.973	0.66				4o24-assembly1_A	2.807E-07	1.000	311	10.600	4.164E-01	5.935E-01	4.337E-01	4.831E-01	0.827	Thermotoga maritima MSB8	strong_targeted_support	runs/v2_full_test_evidence_regime/structure_panel/esmfold_pdb/YP_010747698.1.pdb
	YP_009815793.1	Coralvirus		395	395	90.463	94.16	45.97	98.86	0.954	0.681				6emy-assembly1_B	8.506E-11	1.000	342	16.600	5.784E-01	7.817E-01	6.338E-01	7.794E-01	0.866	Enterococcus faecalis	strong_targeted_support	runs/v2_full_test_evidence_regime/structure_panel/esmfold_pdb/YP_009815793.1.pdb
	YP_010747302.1	Guernseyvirinae		376	376	90.452	93.595	50.07	98.88	0.971	0.657				4o24-assembly1_A	6.010E-07	1.000	316	11.000	4.094E-01	5.823E-01	4.338E-01	4.832E-01	0.84	Thermotoga maritima MSB8	strong_targeted_support	runs/v2_full_test_evidence_regime/structure_panel/esmfold_pdb/YP_010747302.1.pdb
	YP_010749003.1	Guernseyvirinae		376	376	90.452	93.67	45.32	98.88	0.971	0.665				6knc-assembly1_A	1.543E-06	1.000	318	12.200	4.159E-01	5.855E-01	4.366E-01	3.728E-01	0.846	Thermococcus kodakarensis KOD1	strong_targeted_support	runs/v2_full_test_evidence_regime/structure_panel/esmfold_pdb/YP_010749003.1.pdb
	YP_010658077.1	Demetervirinae		248	248	90.446	93.69	51.97	98.46	0.956	0.694				8gms-assembly1_F	7.608E-06	1.000	257	14.000	4.983E-01	6.066E-01	5.487E-01	4.276E-01	1.036	Escherichia coli	strong_targeted_support	runs/v2_full_test_evidence_regime/structure_panel/esmfold_pdb/YP_010658077.1.pdb
	YP_010747357.1	Guernseyvirinae		376	376	90.425	94.11	49.97	98.89	0.968	0.657				6knc-assembly1_A	1.997E-06	1.000	316	12.000	4.230E-01	5.743E-01	4.320E-01	3.725E-01	0.84	Thermococcus kodakarensis KOD1	strong_targeted_support	runs/v2_full_test_evidence_regime/structure_panel/esmfold_pdb/YP_010747357.1.pdb
	YP_010658277.1	Demetervirinae		248	248	90.409	93.705	50.51	98.43	0.96	0.69				8amf-assembly1_B	6.836E-06	1.000	258	11.600	4.449E-01	5.807E-01	5.350E-01	4.169E-01	1.04	Streptococcus pneumoniae	strong_targeted_support	runs/v2_full_test_evidence_regime/structure_panel/esmfold_pdb/YP_010658277.1.pdb
	YP_009615931.1	Ackermannviridae		361	361	90.402	92.96	56.79	98.73	0.953	0.72				8gms-assembly1_F	2.625E-23	1.000	339	20.300	6.713E-01	8.064E-01	7.142E-01	7.688E-01	0.939	Escherichia coli	strong_targeted_support	runs/v2_full_test_evidence_regime/structure_panel/esmfold_pdb/YP_009615931.1.pdb
	YP_009305399.1	Ounavirinae		69	69	90.395	91.24	79.0	93.49	1.0	0.681																runs/v2_full_test_evidence_regime/structure_panel/esmfold_pdb/YP_009305399.1.pdb
	YP_010749386.1	Guernseyvirinae		388	388	90.387	94.945	44.42	98.81	0.93	0.706				8xan-assembly1_C	4.868E-20	1.000	393	18.300	6.929E-01	8.403E-01	6.638E-01	8.324E-01	1.013	Acinetobacter phage SH-Ab 15497	strong_targeted_support	runs/v2_full_test_evidence_regime/structure_panel/esmfold_pdb/YP_010749386.1.pdb
	YP_009043772.1	Rhodovirinae		537	537	90.375	94.03	33.33	98.76	0.939	0.709				8dgc-assembly1_H	5.915E-18	1.000	549	15.100	5.002E-01	5.075E-01	4.459E-01	4.452E-01	1.022	Escherichia phage PhiV-1	strong_targeted_support	runs/v2_full_test_evidence_regime/structure_panel/esmfold_pdb/YP_009043772.1.pdb
	YP_009887127.1	Twarogvirinae		261	261	90.361	93.48	56.33	98.65	0.954	0.651				1mk0-assembly1_A	6.222E-12	1.000	98	62.200	8.680E-01	9.501E-01	3.599E-01	9.407E-01	0.375	Tequatrovirus T4	local_structural_support	runs/v2_full_test_evidence_regime/structure_panel/esmfold_pdb/YP_009887127.1.pdb
	YP_010742980.1	Stanbaylleyvirinae		173	173	90.361	94.15	44.94	98.23	0.948	0.723				3czx-assembly1_A	3.723E-16	1.000	174	41.300	7.552E-01	9.152E-01	8.802E-01	8.390E-01	1.006	Neisseria meningitidis MC58	strong_targeted_support	runs/v2_full_test_evidence_regime/structure_panel/esmfold_pdb/YP_010742980.1.pdb
	YP_011807633.1	Drexlerviridae		190	190	90.321	91.255	60.11	95.42	0.989	0.647				1del-assembly1_A	2.110E-05	1.000	253	15.400	5.650E-01	7.151E-01	6.987E-01	5.666E-01	1.332	Tequatrovirus T4	strong_targeted_support	runs/v2_full_test_evidence_regime/structure_panel/esmfold_pdb/YP_011807633.1.pdb
	YP_010749079.1	Guernseyvirinae		376	376	90.297	93.79	47.03	98.88	0.971	0.665				6knc-assembly1_A	6.291E-07	1.000	315	11.100	4.247E-01	5.802E-01	4.371E-01	3.748E-01	0.838	Thermococcus kodakarensis KOD1	strong_targeted_support	runs/v2_full_test_evidence_regime/structure_panel/esmfold_pdb/YP_010749079.1.pdb
	YP_010748476.1	Guernseyvirinae		376	376	90.279	93.775	49.64	98.86	0.968	0.652				6knc-assembly1_A	1.983E-06	1.000	318	12.800	4.126E-01	5.733E-01	4.273E-01	3.665E-01	0.846	Thermococcus kodakarensis KOD1	strong_targeted_support	runs/v2_full_test_evidence_regime/structure_panel/esmfold_pdb/YP_010748476.1.pdb
	YP_009191573.1	Guernseyvirinae		376	376	90.276	93.835	49.63	98.88	0.971	0.649				6knc-assembly1_A	2.544E-06	1.000	316	11.700	4.231E-01	5.734E-01	4.319E-01	3.724E-01	0.84	Thermococcus kodakarensis KOD1	strong_targeted_support	runs/v2_full_test_evidence_regime/structure_panel/esmfold_pdb/YP_009191573.1.pdb
	YP_010745720.1	Guernseyvirinae		376	376	90.258	93.785	49.67	98.89	0.971	0.646				6knc-assembly1_A	2.881E-06	1.000	316	12.000	4.211E-01	5.744E-01	4.323E-01	3.727E-01	0.84	Thermococcus kodakarensis KOD1	strong_targeted_support	runs/v2_full_test_evidence_regime/structure_panel/esmfold_pdb/YP_010745720.1.pdb
	YP_010748744.1	Guernseyvirinae		376	376	90.254	93.82	49.35	98.89	0.971	0.646				4o24-assembly1_A	7.262E-07	1.000	310	10.900	4.157E-01	5.920E-01	4.344E-01	4.839E-01	0.824	Thermotoga maritima MSB8	strong_targeted_support	runs/v2_full_test_evidence_regime/structure_panel/esmfold_pdb/YP_010748744.1.pdb
	YP_009188325.1	Slopekvirinae		261	261	90.225	94.06	52.14	98.33	0.927	0.67				2au3-assembly1_A	2.944E-06	1.000	356	12.000	5.046E-01	4.998E-01	4.867E-01	3.280E-01	1.364	Aquifex aeolicus	strong_targeted_support	runs/v2_full_test_evidence_regime/structure_panel/esmfold_pdb/YP_009188325.1.pdb
	YP_009098374.1	Slopekvirinae		228	228	90.222	94.85	57.01	98.64	0.952	0.671				8vb4-assembly1_M	2.468E-16	1.000	182	32.900	8.014E-01	8.738E-01	7.076E-01	8.566E-01	0.798	Pectobacterium phage PhiM1	strong_targeted_support	runs/v2_full_test_evidence_regime/structure_panel/esmfold_pdb/YP_009098374.1.pdb
	YP_002899004.1	Rhodovirinae		538	538	90.22	93.795	48.98	98.65	0.929	0.706				8dgc-assembly1_H	2.130E-18	1.000	546	16.800	5.163E-01	5.171E-01	4.547E-01	4.547E-01	1.015	Escherichia phage PhiV-1	strong_targeted_support	runs/v2_full_test_evidence_regime/structure_panel/esmfold_pdb/YP_002899004.1.pdb
	NP_740535.1	Ensavirinae		183	183	90.207	91.65	43.08	96.05	0.978	0.694				7qub-assembly1_AAA	1.628E-33	1.000	182	93.900	9.385E-01	9.876E-01	9.769E-01	9.822E-01	0.995	Enterovirus A71	strong_targeted_support	runs/v2_full_test_evidence_regime/structure_panel/esmfold_pdb/NP_740535.1.pdb
	YP_009638097.1	Benedictvirus		477	477	90.195	94.72	44.52	98.84	0.96	0.633				9d94-assembly1_Fb	2.137E-53	1.000	447	70.000	7.983E-01	8.976E-01	8.225E-01	8.693E-01	0.937	Mycobacterium phage Bxb1	strong_targeted_support	runs/v2_full_test_evidence_regime/structure_panel/esmfold_pdb/YP_009638097.1.pdb
	YP_009880480.1	Rhodovirinae		538	538	90.195	93.69	50.09	98.66	0.928	0.701				8dgc-assembly1_H	1.230E-18	1.000	548	16.600	5.268E-01	5.225E-01	4.591E-01	4.591E-01	1.019	Escherichia phage PhiV-1	strong_targeted_support	runs/v2_full_test_evidence_regime/structure_panel/esmfold_pdb/YP_009880480.1.pdb
	YP_008767022.1	Guernseyvirinae		376	376	90.194	93.3	49.55	98.87	0.968	0.649				4o24-assembly1_A	8.975E-07	1.000	311	11.200	4.138E-01	5.881E-01	4.319E-01	4.809E-01	0.827	Thermotoga maritima MSB8	strong_targeted_support	runs/v2_full_test_evidence_regime/structure_panel/esmfold_pdb/YP_008767022.1.pdb
	YP_004123721.1	Geminiviridae		362	362	90.187	93.255	60.32	98.19	0.934	0.666				2gxa-assembly2_K	1.402E-05	1.000	266	13.500	4.247E-01	4.939E-01	3.328E-01	4.179E-01	0.735	Deltapapillomavirus 4	local_structural_support	runs/v2_full_test_evidence_regime/structure_panel/esmfold_pdb/YP_004123721.1.pdb
	YP_008873443.1	Joanripponvirinae		215	215	90.18	92.23	68.16	98.26	0.986	0.623				6sfx-assembly1_J	1.127E-10	1.000	188	25.500	7.035E-01	8.785E-01	6.999E-01	7.790E-01	0.874	Listeria monocytogenes	strong_targeted_support	runs/v2_full_test_evidence_regime/structure_panel/esmfold_pdb/YP_008873443.1.pdb
	YP_010001106.1	Ruthyvirus		389	389	90.134	94.26	39.46	98.8	0.938	0.674				6emy-assembly1_B	1.373E-08	1.000	320	16.500	5.678E-01	7.719E-01	5.897E-01	7.138E-01	0.823	Enterococcus faecalis	strong_targeted_support	runs/v2_full_test_evidence_regime/structure_panel/esmfold_pdb/YP_010001106.1.pdb
	YP_010680566.1	Joanripponvirinae		300	300	90.111	93.43	45.22	98.5	0.933	0.72				2hvq-assembly1_A	4.093E-10	1.000	349	15.700	5.488E-01	5.234E-01	5.218E-01	4.963E-01	1.163	Tequatrovirus T4	strong_targeted_support	runs/v2_full_test_evidence_regime/structure_panel/esmfold_pdb/YP_010680566.1.pdb
	YP_009593336.1	Vieuvirus		180	180	90.109	91.885	65.08	97.01	0.983	0.644				6v40-assembly1_A	9.975E-13	1.000	176	47.100	8.085E-01	9.281E-01	8.989E-01	8.414E-01	0.978	Salmonella enterica subsp. enterica serovar Typhi	strong_targeted_support	runs/v2_full_test_evidence_regime/structure_panel/esmfold_pdb/YP_009593336.1.pdb
	YP_009796288.1	Ackermannviridae		361	361	90.089	93.62	53.62	98.73	0.92	0.729				8gms-assembly1_F	1.196E-22	1.000	340	20.000	6.498E-01	7.991E-01	7.083E-01	7.618E-01	0.942	Escherichia coli	strong_targeted_support	runs/v2_full_test_evidence_regime/structure_panel/esmfold_pdb/YP_009796288.1.pdb
	YP_009032194.1	Yongloolinvirus		65	65	90.079	91.06	68.51	93.68	0.985	0.738				1b0n-assembly1_A	1.303E-03	1.000	63	26.900	8.407E-01	9.276E-01	8.881E-01	5.763E-01	0.969	Bacillus subtilis	strong_targeted_support	runs/v2_full_test_evidence_regime/structure_panel/esmfold_pdb/YP_009032194.1.pdb
	YP_009637913.1	Benedictvirus		477	477	90.078	94.42	45.22	98.83	0.962	0.625				9d94-assembly1_Fb	2.557E-52	1.000	447	69.100	7.974E-01	8.955E-01	8.211E-01	8.673E-01	0.937	Mycobacterium phage Bxb1	strong_targeted_support	runs/v2_full_test_evidence_regime/structure_panel/esmfold_pdb/YP_009637913.1.pdb
	YP_009198782.1	Benedictvirus		477	477	90.075	94.38	45.12	98.84	0.964	0.623				9d94-assembly1_Fb	1.802E-52	1.000	447	68.900	7.980E-01	8.966E-01	8.220E-01	8.682E-01	0.937	Mycobacterium phage Bxb1	strong_targeted_support	runs/v2_full_test_evidence_regime/structure_panel/esmfold_pdb/YP_009198782.1.pdb
	YP_009791854.1	Dunnvirinae		330	330	90.06	93.31	55.0	98.37	0.933	0.709				6dt1-assembly1_A	1.956E-14	1.000	368	18.200	5.826E-01	6.771E-01	6.629E-01	4.905E-01	1.115	Tequatrovirus T4	strong_targeted_support	runs/v2_full_test_evidence_regime/structure_panel/esmfold_pdb/YP_009791854.1.pdb
	YP_009880558.1	Rhodovirinae		535	535	90.055	94.25	38.95	98.75	0.918	0.738				8dgc-assembly1_H	4.901E-18	1.000	559	14.300	5.161E-01	5.171E-01	4.564E-01	4.545E-01	1.045	Escherichia phage PhiV-1	strong_targeted_support	runs/v2_full_test_evidence_regime/structure_panel/esmfold_pdb/YP_009880558.1.pdb
	YP_009798834.1	Ackermannviridae		246	246	90.0	93.68	58.48	98.61	0.963	0.614				1mk0-assembly1_A	8.396E-03	1.000	96	25.000	5.787E-01	6.918E-01	2.706E-01	6.139E-01	0.39	Tequatrovirus T4	foldseek_only_low_model_confidence	runs/v2_full_test_evidence_regime/structure_panel/esmfold_pdb/YP_009798834.1.pdb
	YP_010100922.1	Lclasvirinae		343	343	89.969	94.22	47.53	98.68	0.95	0.662				3hc7-assembly1_A	6.817E-25	1.000	255	48.600	7.899E-01	8.471E-01	6.201E-01	8.282E-01	0.743	Fromanvirus D29	strong_targeted_support	runs/v2_full_test_evidence_regime/structure_panel/esmfold_pdb/YP_010100922.1.pdb
	YP_009784821.1	Slopekvirinae		84	84	89.962	90.785	73.87	92.3	1.0	0.702																runs/v2_full_test_evidence_regime/structure_panel/esmfold_pdb/YP_009784821.1.pdb
	YP_009146251.1	Ounavirinae		294	294	89.949	95.12	49.02	98.72	0.895	0.701				2dpm-assembly1_A	7.545E-16	1.000	303	19.800	6.086E-01	8.166E-01	7.102E-01	8.019E-01	1.031	Streptococcus pneumoniae	strong_targeted_support	runs/v2_full_test_evidence_regime/structure_panel/esmfold_pdb/YP_009146251.1.pdb
	YP_009621592.1	Ounavirinae		134	134	89.934	90.495	67.93	95.86	0.985	0.537				8j07-assembly1_c2	4.738E-02	0.569	151	14.500	5.104E-01	3.353E-01	3.272E-01	8.347E-02	1.127	Homo sapiens	model_confident_no_clear_pdb_analog	runs/v2_full_test_evidence_regime/structure_panel/esmfold_pdb/YP_009621592.1.pdb
	YP_008873469.1	Joanripponvirinae		325	325	89.905	93.55	40.54	98.8	0.942	0.683				1pvr-assembly1_A	2.039E-09	1.000	337	16.900	5.986E-01	7.270E-01	6.872E-01	6.891E-01	1.037	Punavirus P1	strong_targeted_support	runs/v2_full_test_evidence_regime/structure_panel/esmfold_pdb/YP_008873469.1.pdb
	YP_009321543.1	Ferrettivirinae		126	126	89.896	90.74	76.69	95.02	1.0	0.579				8sln-assembly1_A-2	1.208E-02	0.997	132	9.800	5.103E-01	5.311E-01	4.893E-01	2.930E-01	1.048	Deinococcus geothermalis DSM 11300	strong_targeted_support	runs/v2_full_test_evidence_regime/structure_panel/esmfold_pdb/YP_009321543.1.pdb
	YP_010653976.1	Powerballvirus		389	389	89.896	94.13	39.2	98.78	0.925	0.658				6emy-assembly1_B	2.210E-08	1.000	315	16.500	5.663E-01	7.756E-01	5.836E-01	7.061E-01	0.81	Enterococcus faecalis	strong_targeted_support	runs/v2_full_test_evidence_regime/structure_panel/esmfold_pdb/YP_010653976.1.pdb
	YP_010749676.1	Guernseyvirinae		384	384	89.895	93.045	49.13	98.7	0.974	0.625				6hmf-assembly1_A	2.280E-08	1.000	409	11.400	3.894E-01	4.912E-01	4.236E-01	3.756E-01	1.065	Pyrococcus abyssi GE5	strong_targeted_support	runs/v2_full_test_evidence_regime/structure_panel/esmfold_pdb/YP_010749676.1.pdb
	YP_007010632.1	Vieuvirus		181	181	89.893	92.12	62.44	96.89	0.967	0.657				6v40-assembly1_A	3.088E-13	1.000	178	48.300	8.090E-01	9.247E-01	9.007E-01	8.478E-01	0.983	Salmonella enterica subsp. enterica serovar Typhi	strong_targeted_support	runs/v2_full_test_evidence_regime/structure_panel/esmfold_pdb/YP_007010632.1.pdb
	YP_009798826.1	Ackermannviridae		473	473	89.881	93.04	52.63	98.85	0.945	0.622				6dt1-assembly1_A	5.365E-32	1.000	478	24.600	6.916E-01	7.262E-01	6.981E-01	7.101E-01	1.011	Tequatrovirus T4	strong_targeted_support	runs/v2_full_test_evidence_regime/structure_panel/esmfold_pdb/YP_009798826.1.pdb
	YP_010078696.1	Gervaisevirus		397	397	89.871	93.68	54.34	98.74	0.917	0.678				6en2-assembly1_B	2.221E-07	1.000	327	10.300	5.407E-01	7.345E-01	5.469E-01	6.771E-01	0.824	Enterococcus faecalis	strong_targeted_support	runs/v2_full_test_evidence_regime/structure_panel/esmfold_pdb/YP_010078696.1.pdb
	YP_009796763.1	Abbeymikolonvirus		822	822	89.858	93.74	43.02	98.85	0.925	0.698				8iqi-assembly1_B	1.050E-20	1.000	641	13.700	5.388E-01	5.878E-01	4.137E-01	3.763E-01	0.78	African swine fever virus BA71V	strong_targeted_support	runs/v2_full_test_evidence_regime/structure_panel/esmfold_pdb/YP_009796763.1.pdb
	YP_009303033.1	Attisvirus		138	138	89.834	93.35	41.6	95.79	0.949	0.761				6cz6-assembly1_D	1.112E-02	1.000	138	15.200	5.833E-01	7.294E-01	6.410E-01	2.952E-01	1.0	Mycobacterium tuberculosis H37Rv	strong_targeted_support	runs/v2_full_test_evidence_regime/structure_panel/esmfold_pdb/YP_009303033.1.pdb
	YP_009595796.1	Attisvirus		138	138	89.834	93.35	41.6	95.79	0.949	0.761				6cz6-assembly1_D	1.112E-02	1.000	138	15.200	5.833E-01	7.294E-01	6.410E-01	2.952E-01	1.0	Mycobacterium tuberculosis H37Rv	strong_targeted_support	runs/v2_full_test_evidence_regime/structure_panel/esmfold_pdb/YP_009595796.1.pdb
	YP_010653535.1	Attisvirus		138	138	89.834	93.35	41.6	95.79	0.949	0.761				6cz6-assembly1_D	1.112E-02	1.000	138	15.200	5.833E-01	7.294E-01	6.410E-01	2.952E-01	1.0	Mycobacterium tuberculosis H37Rv	strong_targeted_support	runs/v2_full_test_evidence_regime/structure_panel/esmfold_pdb/YP_010653535.1.pdb
	YP_010653611.1	Attisvirus		138	138	89.834	93.35	41.6	95.79	0.949	0.761				6cz6-assembly1_D	1.112E-02	1.000	138	15.200	5.833E-01	7.294E-01	6.410E-01	2.952E-01	1.0	Mycobacterium tuberculosis H37Rv	strong_targeted_support	runs/v2_full_test_evidence_regime/structure_panel/esmfold_pdb/YP_010653611.1.pdb
	YP_009215287.1	Gordtnkvirus		250	250	89.813	94.13	54.66	98.76	0.948	0.624				3orh-assembly4_D	2.145E-03	1.000	171	14.000	5.046E-01	6.694E-01	4.528E-01	5.083E-01	0.684	Homo sapiens	strong_targeted_support	runs/v2_full_test_evidence_regime/structure_panel/esmfold_pdb/YP_009215287.1.pdb
	YP_010002605.1	Stackebrandtviridae		251	251	89.807	91.92	65.93	98.64	0.984	0.614				3hc7-assembly1_A	3.335E-06	1.000	263	14.400	5.431E-01	6.326E-01	5.526E-01	5.506E-01	1.048	Fromanvirus D29	strong_targeted_support	runs/v2_full_test_evidence_regime/structure_panel/esmfold_pdb/YP_010002605.1.pdb
	YP_010680317.1	Joanripponvirinae		303	303	89.797	93.28	46.19	98.45	0.927	0.696				1s68-assembly1_A	1.138E-08	1.000	238	19.700	5.935E-01	7.824E-01	5.316E-01	6.740E-01	0.785	Tequatrovirus T4	strong_targeted_support	runs/v2_full_test_evidence_regime/structure_panel/esmfold_pdb/YP_010680317.1.pdb
	YP_006489077.1	Twarogvirinae		502	502	89.781	95.28	26.61	98.84	0.914	0.743				6dt1-assembly1_A	8.337E-58	1.000	507	48.900	8.410E-01	7.534E-01	7.015E-01	7.506E-01	1.01	Tequatrovirus T4	strong_targeted_support	runs/v2_full_test_evidence_regime/structure_panel/esmfold_pdb/YP_006489077.1.pdb
	YP_010114419.1	Immutovirus		450	450	89.766	93.705	45.68	98.91	0.918	0.689				8a3v-assembly1_A	2.777E-20	1.000	452	17.200	6.483E-01	7.071E-01	6.545E-01	6.545E-01	1.004	Vibrio cholerae	strong_targeted_support	runs/v2_full_test_evidence_regime/structure_panel/esmfold_pdb/YP_010114419.1.pdb
	YP_009214219.1	Yongloolinvirus		270	270	89.762	94.465	49.18	98.76	0.922	0.656				3qay-assembly4_D	5.382E-32	1.000	179	92.700	8.529E-01	9.418E-01	6.277E-01	9.315E-01	0.663	Colneyvirus CD27	strong_targeted_support	runs/v2_full_test_evidence_regime/structure_panel/esmfold_pdb/YP_009214219.1.pdb
	YP_010060053.1	Microwolfvirus		321	321	89.746	91.06	53.83	98.46	0.969	0.564				3hc7-assembly1_A	5.517E-32	1.000	252	63.400	8.338E-01	8.682E-01	6.614E-01	8.288E-01	0.785	Fromanvirus D29	strong_targeted_support	runs/v2_full_test_evidence_regime/structure_panel/esmfold_pdb/YP_010060053.1.pdb
	YP_009885193.1	Twarogvirinae		335	335	89.743	93.89	45.12	98.7	0.913	0.669				1s68-assembly1_A	7.293E-24	1.000	243	42.700	7.574E-01	8.425E-01	5.930E-01	8.390E-01	0.725	Tequatrovirus T4	strong_targeted_support	runs/v2_full_test_evidence_regime/structure_panel/esmfold_pdb/YP_009885193.1.pdb
	YP_010745808.1	Guernseyvirinae		384	384	89.716	92.35	50.49	98.73	0.974	0.607				6hmf-assembly2_B	7.634E-09	1.000	404	12.300	3.901E-01	4.876E-01	4.214E-01	3.721E-01	1.052	Pyrococcus abyssi GE5	strong_targeted_support	runs/v2_full_test_evidence_regime/structure_panel/esmfold_pdb/YP_010745808.1.pdb
	YP_009789252.1	Slopekvirinae		261	261	89.709	93.53	51.07	97.95	0.927	0.651				5w34-assembly1_A	2.256E-05	1.000	246	14.200	4.886E-01	7.143E-01	5.245E-01	4.424E-01	0.943	Mycobacterium tuberculosis H37Rv	strong_targeted_support	runs/v2_full_test_evidence_regime/structure_panel/esmfold_pdb/YP_009789252.1.pdb
	YP_009881441.1	Twarogvirinae		335	335	89.701	94.17	39.26	98.71	0.913	0.675				1s68-assembly1_A	4.583E-24	1.000	242	42.900	7.620E-01	8.492E-01	5.979E-01	8.458E-01	0.722	Tequatrovirus T4	strong_targeted_support	runs/v2_full_test_evidence_regime/structure_panel/esmfold_pdb/YP_009881441.1.pdb
	YP_009886036.1	Twarogvirinae		335	335	89.695	94.03	44.82	98.7	0.913	0.663				1s68-assembly1_A	1.111E-23	1.000	243	42.700	7.597E-01	8.429E-01	5.932E-01	8.395E-01	0.725	Tequatrovirus T4	strong_targeted_support	runs/v2_full_test_evidence_regime/structure_panel/esmfold_pdb/YP_009886036.1.pdb
	YP_009796778.1	Abbeymikolonvirus		571	571	89.693	92.92	53.76	98.75	0.946	0.641				4bqq-assembly1_B	1.301E-23	1.000	350	36.800	6.340E-01	4.278E-01	2.790E-01	4.031E-01	0.613	Lomovskayavirus C31	foldseek_only_low_model_confidence	runs/v2_full_test_evidence_regime/structure_panel/esmfold_pdb/YP_009796778.1.pdb
	YP_009785079.1	Autotranscriptaviridae		562	562	89.677	94.69	45.03	98.71	0.904	0.698				6n9w-assembly1_B	2.092E-53	1.000	474	54.800	7.503E-01	8.567E-01	7.158E-01	8.354E-01	0.843	Escherichia phage T7	strong_targeted_support	runs/v2_full_test_evidence_regime/structure_panel/esmfold_pdb/YP_009785079.1.pdb
	YP_009819272.1	Slopekvirinae		623	623	89.665	93.71	43.32	98.79	0.918	0.66				8dgc-assembly1_H	2.410E-43	1.000	542	32.100	6.570E-01	5.373E-01	4.618E-01	5.265E-01	0.87	Escherichia phage PhiV-1	strong_targeted_support	runs/v2_full_test_evidence_regime/structure_panel/esmfold_pdb/YP_009819272.1.pdb
	YP_010679936.1	Joanripponvirinae		190	190	89.657	94.35	51.99	98.34	0.905	0.705				1cyq-assembly1_A	3.864E-02	0.837	106	15.000	4.073E-01	4.750E-01	2.682E-01	3.058E-01	0.558	Physarum polycephalum	model_confident_no_clear_pdb_analog	runs/v2_full_test_evidence_regime/structure_panel/esmfold_pdb/YP_010679936.1.pdb
	NP_689461.1	Geminiviridae		361	361	89.653	92.95	47.93	98.61	0.942	0.651				2gxa-assembly2_K	7.236E-05	1.000	246	15.000	4.173E-01	4.947E-01	3.228E-01	4.040E-01	0.681	Deltapapillomavirus 4	local_structural_support	runs/v2_full_test_evidence_regime/structure_panel/esmfold_pdb/NP_689461.1.pdb
	YP_009874070.1	Rhodovirinae		537	537	89.642	93.66	40.25	98.75	0.914	0.683				8dgc-assembly1_H	1.481E-17	1.000	559	14.800	5.116E-01	5.187E-01	4.600E-01	4.593E-01	1.041	Escherichia phage PhiV-1	strong_targeted_support	runs/v2_full_test_evidence_regime/structure_panel/esmfold_pdb/YP_009874070.1.pdb
	YP_009277112.1	Ackermannviridae		200	200	89.632	92.885	48.71	98.63	0.94	0.635				3va3-assembly1_B	9.437E-07	1.000	217	12.900	5.618E-01	6.887E-01	6.582E-01	6.436E-01	1.085	Escherichia coli K-12	strong_targeted_support	runs/v2_full_test_evidence_regime/structure_panel/esmfold_pdb/YP_009277112.1.pdb
	YP_002898979.1	Rhodovirinae		876	876	89.625	92.245	33.94	98.29	0.955	0.645				6vde-assembly1_A	1.034E-21	1.000	855	16.800	5.037E-01	7.270E-01	5.813E-01	5.915E-01	0.976	Mycolicibacterium smegmatis	strong_targeted_support	runs/v2_full_test_evidence_regime/structure_panel/esmfold_pdb/YP_002898979.1.pdb
	YP_010745861.1	Guernseyvirinae		384	384	89.61	92.29	50.38	98.7	0.974	0.602				6hmf-assembly2_B	1.397E-08	1.000	404	12.100	3.883E-01	4.880E-01	4.217E-01	3.724E-01	1.052	Pyrococcus abyssi GE5	strong_targeted_support	runs/v2_full_test_evidence_regime/structure_panel/esmfold_pdb/YP_010745861.1.pdb
	YP_010746283.1	Guernseyvirinae		384	384	89.61	92.29	50.38	98.7	0.974	0.602				6hmf-assembly2_B	1.397E-08	1.000	404	12.100	3.883E-01	4.880E-01	4.217E-01	3.724E-01	1.052	Pyrococcus abyssi GE5	strong_targeted_support	runs/v2_full_test_evidence_regime/structure_panel/esmfold_pdb/YP_010746283.1.pdb
	YP_010746415.1	Guernseyvirinae		384	384	89.61	92.29	50.38	98.7	0.974	0.602				6hmf-assembly2_B	1.397E-08	1.000	404	12.100	3.883E-01	4.880E-01	4.217E-01	3.724E-01	1.052	Pyrococcus abyssi GE5	strong_targeted_support	runs/v2_full_test_evidence_regime/structure_panel/esmfold_pdb/YP_010746415.1.pdb
	YP_010748338.1	Guernseyvirinae		384	384	89.61	92.29	50.38	98.7	0.974	0.602				6hmf-assembly2_B	1.397E-08	1.000	404	12.100	3.883E-01	4.880E-01	4.217E-01	3.724E-01	1.052	Pyrococcus abyssi GE5	strong_targeted_support	runs/v2_full_test_evidence_regime/structure_panel/esmfold_pdb/YP_010748338.1.pdb
	YP_002899085.1	Rhodovirinae		538	538	89.608	93.435	50.19	98.66	0.92	0.675				8dgc-assembly1_H	6.621E-19	1.000	567	16.000	5.165E-01	5.082E-01	4.608E-01	4.608E-01	1.054	Escherichia phage PhiV-1	strong_targeted_support	runs/v2_full_test_evidence_regime/structure_panel/esmfold_pdb/YP_002899085.1.pdb
	YP_010061962.1	Timshelvirus		235	235	89.597	92.72	59.33	98.84	0.953	0.583				6wpx-assembly1_A	1.283E-02	0.933	225	8.800	3.400E-01	4.282E-01	3.388E-01	1.910E-01	0.957	Bacillus licheniformis	local_structural_support	runs/v2_full_test_evidence_regime/structure_panel/esmfold_pdb/YP_010061962.1.pdb
	YP_010676192.1	Ounavirinae		184	184	89.596	91.705	65.2	97.33	0.978	0.598				8jrb-assembly2_B	4.317E-03	1.000	175	18.200	5.936E-01	7.814E-01	6.300E-01	2.182E-01	0.951	Aquifex pyrophilus	strong_targeted_support	runs/v2_full_test_evidence_regime/structure_panel/esmfold_pdb/YP_010676192.1.pdb
	YP_009837007.1	Montyvirus		401	401	89.589	92.55	49.65	98.06	0.955	0.646				7sjr-assembly1_A	1.113E-08	1.000	268	22.000	5.433E-01	7.805E-01	4.752E-01	2.223E-01	0.668	Mycolicibacterium smegmatis	strong_targeted_support	runs/v2_full_test_evidence_regime/structure_panel/esmfold_pdb/YP_009837007.1.pdb
	YP_010754360.1	Finkelvirus		139	139	89.544	91.36	48.94	94.54	0.971	0.626				8slm-assembly1_A-2	1.633E-03	1.000	129	18.600	5.117E-01	6.860E-01	5.687E-01	3.463E-01	0.928	Deinococcus geothermalis DSM 11300	strong_targeted_support	runs/v2_full_test_evidence_regime/structure_panel/esmfold_pdb/YP_010754360.1.pdb
	YP_009198839.1	Benedictvirus		76	76	89.539	92.11	63.75	94.98	0.947	0.697				2qi2-assembly1_A	5.275E-03	1.000	83	13.200	6.136E-01	6.566E-01	6.422E-01	1.867E-01	1.092	Thermoplasma acidophilum	strong_targeted_support	runs/v2_full_test_evidence_regime/structure_panel/esmfold_pdb/YP_009198839.1.pdb
	YP_008433509.1	Baikalvirus		814	814	89.503	93.435	36.87	97.73	0.918	0.701				6wg3-assembly1_B	5.509E-11	1.000	876	13.500	4.237E-01	4.182E-01	3.582E-01	4.098E-01	1.076	Homo sapiens	local_structural_support	runs/v2_full_test_evidence_regime/structure_panel/esmfold_pdb/YP_008433509.1.pdb
	YP_010653823.1	Attisvirus		397	397	89.5	95.75	41.62	98.87	0.889	0.703				6emy-assembly1_B	3.512E-12	1.000	321	19.900	6.933E-01	8.365E-01	6.305E-01	7.764E-01	0.809	Enterococcus faecalis	strong_targeted_support	runs/v2_full_test_evidence_regime/structure_panel/esmfold_pdb/YP_010653823.1.pdb
	YP_009902858.1	Drexlerviridae		436	436	89.49	93.23	52.79	98.76	0.943	0.612				8hds-assembly1_A	4.088E-15	1.000	388	18.000	6.552E-01	7.310E-01	6.345E-01	6.274E-01	0.89	uncultured cyanophage	strong_targeted_support	runs/v2_full_test_evidence_regime/structure_panel/esmfold_pdb/YP_009902858.1.pdb
	YP_008239744.1	Guernseyvirinae		161	161	89.486	90.98	51.94	96.42	0.988	0.578				1u3e-assembly1_M	7.042E-03	1.000	100	24.000	5.669E-01	7.325E-01	4.316E-01	4.025E-01	0.621	Okubovirus SPO1	strong_targeted_support	runs/v2_full_test_evidence_regime/structure_panel/esmfold_pdb/YP_008239744.1.pdb
	YP_009880779.1	Twarogvirinae		335	335	89.483	93.86	36.99	98.7	0.913	0.663				1s68-assembly1_A	4.077E-24	1.000	243	42.700	7.598E-01	8.459E-01	5.956E-01	8.424E-01	0.725	Tequatrovirus T4	strong_targeted_support	runs/v2_full_test_evidence_regime/structure_panel/esmfold_pdb/YP_009880779.1.pdb
	YP_009886783.1	Twarogvirinae		335	335	89.483	93.86	36.99	98.7	0.913	0.663				1s68-assembly1_A	4.077E-24	1.000	243	42.700	7.598E-01	8.459E-01	5.956E-01	8.424E-01	0.725	Tequatrovirus T4	strong_targeted_support	runs/v2_full_test_evidence_regime/structure_panel/esmfold_pdb/YP_009886783.1.pdb
	YP_010655611.1	Zukovirus		171	171	89.482	91.7	42.31	95.38	0.982	0.719				5him-assembly1_A	7.017E-05	1.000	207	11.100	5.278E-01	6.738E-01	6.484E-01	4.741E-01	1.211	Methanohalophilus portucalensis FDF-1	strong_targeted_support	runs/v2_full_test_evidence_regime/structure_panel/esmfold_pdb/YP_010655611.1.pdb
	YP_010772804.1	Itzamnaviridae		291	291	89.463	95.92	49.08	98.82	0.876	0.704				4rto-assembly1_A	2.327E-13	1.000	296	16.800	6.195E-01	8.022E-01	6.718E-01	7.779E-01	1.017	Escherichia coli str. K-12 substr. MDS42	strong_targeted_support	runs/v2_full_test_evidence_regime/structure_panel/esmfold_pdb/YP_010772804.1.pdb
	NP_740488.1	Ensavirinae		182	182	89.434	91.75	35.26	96.37	0.978	0.654				9ax9-assembly1_B	6.241E-23	1.000	181	46.400	8.840E-01	9.791E-01	9.633E-01	9.685E-01	0.995	enterovirus D68	strong_targeted_support	runs/v2_full_test_evidence_regime/structure_panel/esmfold_pdb/NP_740488.1.pdb
	YP_009223992.1	Gordtnkvirus		252	252	89.423	93.91	47.46	98.77	0.952	0.603				3orh-assembly4_D	1.407E-03	1.000	171	14.000	5.012E-01	6.650E-01	4.472E-01	5.064E-01	0.679	Homo sapiens	strong_targeted_support	runs/v2_full_test_evidence_regime/structure_panel/esmfold_pdb/YP_009223992.1.pdb
	YP_009838281.1	Ackermannviridae		520	520	89.404	93.76	38.31	98.66	0.912	0.688				6dt1-assembly1_A	5.233E-32	1.000	509	22.900	6.474E-01	8.496E-01	7.428E-01	8.258E-01	0.979	Tequatrovirus T4	strong_targeted_support	runs/v2_full_test_evidence_regime/structure_panel/esmfold_pdb/YP_009838281.1.pdb
	YP_009791797.1	Dunnvirinae		336	336	89.376	93.9	49.95	98.33	0.902	0.685				6dt1-assembly1_A	2.270E-14	1.000	374	18.100	5.872E-01	6.767E-01	6.525E-01	4.901E-01	1.113	Tequatrovirus T4	strong_targeted_support	runs/v2_full_test_evidence_regime/structure_panel/esmfold_pdb/YP_009791797.1.pdb
	YP_009875550.1	Rhodovirinae		536	536	89.353	93.83	26.94	98.51	0.912	0.709				8dgc-assembly1_H	6.497E-18	1.000	553	15.500	5.293E-01	5.335E-01	4.718E-01	4.703E-01	1.032	Escherichia phage PhiV-1	strong_targeted_support	runs/v2_full_test_evidence_regime/structure_panel/esmfold_pdb/YP_009875550.1.pdb
	YP_007010613.1	Vieuvirus		108	108	89.333	91.06	62.44	95.1	0.981	0.62				4yly-assembly2_B	8.117E+00	0.010	76	13.100	2.680E-01	2.536E-01	1.703E-01	1.128E-01	0.704	Staphylococcus aureus	model_confident_no_clear_pdb_analog	runs/v2_full_test_evidence_regime/structure_panel/esmfold_pdb/YP_007010613.1.pdb
	YP_010681286.1	Joanripponvirinae		300	300	89.327	92.535	42.9	98.44	0.93	0.667				1s68-assembly1_A	4.309E-09	1.000	241	19.000	5.744E-01	7.731E-01	5.228E-01	6.569E-01	0.803	Tequatrovirus T4	strong_targeted_support	runs/v2_full_test_evidence_regime/structure_panel/esmfold_pdb/YP_010681286.1.pdb
	YP_009621547.1	Ounavirinae		170	170	89.299	90.89	49.1	96.52	0.988	0.553				1u3e-assembly1_M	8.008E-03	1.000	108	22.200	4.871E-01	6.589E-01	4.090E-01	4.010E-01	0.635	Okubovirus SPO1	strong_targeted_support	runs/v2_full_test_evidence_regime/structure_panel/esmfold_pdb/YP_009621547.1.pdb
	YP_008873424.1	Joanripponvirinae		300	300	89.297	92.95	44.35	98.47	0.923	0.687				2hvq-assembly1_A	8.214E-11	1.000	351	16.800	5.429E-01	5.373E-01	5.356E-01	5.096E-01	1.17	Tequatrovirus T4	strong_targeted_support	runs/v2_full_test_evidence_regime/structure_panel/esmfold_pdb/YP_008873424.1.pdb
	YP_010582611.1	Guernseyvirinae		163	163	89.289	91.45	43.9	95.89	0.963	0.638				1u3e-assembly1_M	1.000E-02	1.000	101	21.700	5.445E-01	7.186E-01	4.250E-01	4.009E-01	0.62	Okubovirus SPO1	strong_targeted_support	runs/v2_full_test_evidence_regime/structure_panel/esmfold_pdb/YP_010582611.1.pdb
	YP_009791627.1	Drexlerviridae		436	436	89.268	93.13	51.86	98.77	0.94	0.61				8hds-assembly1_A	2.351E-15	1.000	388	17.500	6.558E-01	7.310E-01	6.347E-01	6.274E-01	0.89	uncultured cyanophage	strong_targeted_support	runs/v2_full_test_evidence_regime/structure_panel/esmfold_pdb/YP_009791627.1.pdb
	YP_001552441.1	Ensavirinae		183	183	89.266	91.23	42.31	95.55	0.984	0.601				9ax9-assembly1_B	1.096E-24	1.000	181	43.600	9.056E-01	9.871E-01	9.711E-01	9.817E-01	0.989	enterovirus D68	strong_targeted_support	runs/v2_full_test_evidence_regime/structure_panel/esmfold_pdb/YP_001552441.1.pdb
	YP_010681045.1	Joanripponvirinae		199	199	89.264	91.79	60.63	97.22	0.975	0.623				6sfx-assembly1_N	2.242E-10	1.000	179	24.000	7.365E-01	8.802E-01	7.436E-01	7.577E-01	0.899	Listeria monocytogenes	strong_targeted_support	runs/v2_full_test_evidence_regime/structure_panel/esmfold_pdb/YP_010681045.1.pdb
	YP_008531998.1	Ackermannviridae		185	185	89.232	92.7	52.53	98.74	0.957	0.595				5iv5-assembly1_V	3.406E-08	1.000	203	15.700	6.604E-01	7.073E-01	6.974E-01	6.722E-01	1.097	Tequatrovirus T4	strong_targeted_support	runs/v2_full_test_evidence_regime/structure_panel/esmfold_pdb/YP_008531998.1.pdb
	YP_010659834.1	Enquatrovirinae		109	109	89.206	91.18	47.06	94.58	0.982	0.688																runs/v2_full_test_evidence_regime/structure_panel/esmfold_pdb/YP_010659834.1.pdb
	YP_010582682.1	Guernseyvirinae		233	233	89.113	92.09	59.91	98.28	0.953	0.622				6w8d-assembly1_D	6.812E-07	1.000	313	12.400	4.425E-01	5.684E-01	5.620E-01	4.716E-01	1.343	Homo sapiens	strong_targeted_support	runs/v2_full_test_evidence_regime/structure_panel/esmfold_pdb/YP_010582682.1.pdb
	YP_003857227.1	Lclasvirinae		186	186	89.104	91.715	55.81	97.92	0.952	0.624				3fc3-assembly1_B	5.535E-04	0.997	138	16.600	5.837E-01	3.930E-01	2.717E-01	2.692E-01	0.742	Helicobacter pylori J99	foldseek_only_low_model_confidence	runs/v2_full_test_evidence_regime/structure_panel/esmfold_pdb/YP_003857227.1.pdb
	YP_009202231.1	Lilyvirus		411	411	89.1	91.73	56.13	98.16	0.961	0.616				6r5w-assembly1_B	1.193E-03	1.000	155	14.100	5.141E-01	5.640E-01	2.252E-01	4.783E-01	0.377	Listeria phage PSA	foldseek_only_low_model_confidence	runs/v2_full_test_evidence_regime/structure_panel/esmfold_pdb/YP_009202231.1.pdb
	YP_008433561.1	Baikalvirus		487	487	89.087	91.62	49.58	98.45	0.953	0.602				5hx2-assembly1_D	1.485E-17	1.000	505	14.600	5.730E-01	6.224E-01	5.797E-01	4.583E-01	1.037	Tequatrovirus T4	strong_targeted_support	runs/v2_full_test_evidence_regime/structure_panel/esmfold_pdb/YP_008433561.1.pdb
	YP_009150313.1	Slopekvirinae		179	179	89.032	90.37	38.29	97.32	0.978	0.52				7m5i-assembly1_B	3.587E-08	1.000	156	21.700	6.771E-01	8.466E-01	7.062E-01	7.924E-01	0.872	Escherichia coli O157 typing phage 15	strong_targeted_support	runs/v2_full_test_evidence_regime/structure_panel/esmfold_pdb/YP_009150313.1.pdb
	YP_009822437.1	Ackermannviridae		185	185	89.013	92.75	50.69	98.74	0.951	0.578				5iv5-assembly1_V	2.851E-08	1.000	203	15.700	6.609E-01	7.105E-01	7.021E-01	6.767E-01	1.097	Tequatrovirus T4	strong_targeted_support	runs/v2_full_test_evidence_regime/structure_panel/esmfold_pdb/YP_009822437.1.pdb
	YP_010681049.1	Joanripponvirinae		301	301	88.99	92.63	40.68	98.49	0.927	0.664				2hvs-assembly1_A	9.956E-12	1.000	351	16.200	5.347E-01	5.297E-01	5.264E-01	4.991E-01	1.166	Tequatrovirus T4	strong_targeted_support	runs/v2_full_test_evidence_regime/structure_panel/esmfold_pdb/YP_010681049.1.pdb
	YP_009907861.1	Sepvirinae		205	205	88.982	89.87	61.49	98.13	0.98	0.493				7kfa-assembly1_B	1.007E-02	0.887	213	7.900	3.319E-01	3.055E-01	2.725E-01	1.415E-01	1.039	Homo sapiens	model_confident_no_clear_pdb_analog	runs/v2_full_test_evidence_regime/structure_panel/esmfold_pdb/YP_009907861.1.pdb
	YP_010679801.1	Joanripponvirinae		336	336	88.977	92.845	44.55	98.75	0.935	0.637				8bj6-assembly1_A	4.900E-17	1.000	330	23.600	7.489E-01	5.993E-01	5.554E-01	5.799E-01	0.982	Bacillus subtilis subsp. subtilis str. 168	strong_targeted_support	runs/v2_full_test_evidence_regime/structure_panel/esmfold_pdb/YP_010679801.1.pdb
	YP_009842036.1	Ackermannviridae		565	565	88.97	91.66	48.06	98.45	0.945	0.584				6dt1-assembly1_A	4.022E-30	1.000	484	21.000	6.567E-01	7.190E-01	5.929E-01	7.042E-01	0.857	Tequatrovirus T4	strong_targeted_support	runs/v2_full_test_evidence_regime/structure_panel/esmfold_pdb/YP_009842036.1.pdb
	YP_009600758.1	Lacusarxvirus		716	716	88.957	93.14	44.34	98.73	0.926	0.631				2owo-assembly1_A	4.187E-57	1.000	605	37.100	7.477E-01	5.935E-01	4.980E-01	5.849E-01	0.845	Escherichia coli K-12	strong_targeted_support	runs/v2_full_test_evidence_regime/structure_panel/esmfold_pdb/YP_009600758.1.pdb
	YP_009855484.1	Tantvirus		167	167	88.919	91.29	48.3	96.37	0.952	0.605				3vwo-assembly1_A	8.142E-08	1.000	172	21.500	6.566E-01	7.702E-01	6.943E-01	7.431E-01	1.03	Sphingomonas sp. A1	strong_targeted_support	runs/v2_full_test_evidence_regime/structure_panel/esmfold_pdb/YP_009855484.1.pdb
	YP_007675791.1	Rhodovirinae		535	535	88.913	93.42	42.81	98.46	0.921	0.656				8dgc-assembly1_H	6.613E-19	1.000	557	14.500	5.230E-01	4.642E-01	4.041E-01	4.020E-01	1.041	Escherichia phage PhiV-1	strong_targeted_support	runs/v2_full_test_evidence_regime/structure_panel/esmfold_pdb/YP_007675791.1.pdb
	YP_009635687.1	Microwolfvirus		321	321	88.865	90.25	50.57	98.39	0.963	0.52				3hc7-assembly1_A	3.098E-32	1.000	252	63.000	8.309E-01	8.661E-01	6.601E-01	8.274E-01	0.785	Fromanvirus D29	strong_targeted_support	runs/v2_full_test_evidence_regime/structure_panel/esmfold_pdb/YP_009635687.1.pdb
	YP_004464928.1	Parahepevirinae		255	255	88.85	92.64	47.82	98.49	0.918	0.596				3vkw-assembly1_A	2.299E-13	1.000	285	22.100	6.189E-01	7.988E-01	7.597E-01	4.637E-01	1.118	Tobacco mosaic virus strain tomato/L	strong_targeted_support	runs/v2_full_test_evidence_regime/structure_panel/esmfold_pdb/YP_004464928.1.pdb
	YP_010772815.1	Itzamnaviridae		746	746	88.836	90.815	46.42	97.15	0.968	0.582				2p5o-assembly3_C	9.677E-41	1.000	884	19.400	6.810E-01	8.549E-01	8.364E-01	7.372E-01	1.185	Escherichia phage RB69	strong_targeted_support	runs/v2_full_test_evidence_regime/structure_panel/esmfold_pdb/YP_010772815.1.pdb
	YP_003359175.1	Ensavirinae		183	183	88.824	90.89	41.86	95.43	0.984	0.585				9ax9-assembly1_B	9.739E-27	1.000	181	62.400	9.404E-01	9.941E-01	9.779E-01	9.886E-01	0.989	enterovirus D68	strong_targeted_support	runs/v2_full_test_evidence_regime/structure_panel/esmfold_pdb/YP_003359175.1.pdb
	YP_009219502.1	Ounavirinae		184	184	88.816	90.71	53.85	97.59	0.946	0.538				1tk8-assembly1_A	1.504E-03	1.000	190	21.000	6.761E-01	8.073E-01	7.432E-01	2.154E-01	1.033	Escherichia phage T7	strong_targeted_support	runs/v2_full_test_evidence_regime/structure_panel/esmfold_pdb/YP_009219502.1.pdb
	YP_009324648.1	Ounavirinae		184	184	88.816	90.71	53.85	97.59	0.946	0.538				1tk8-assembly1_A	1.504E-03	1.000	190	21.000	6.761E-01	8.073E-01	7.432E-01	2.154E-01	1.033	Escherichia phage T7	strong_targeted_support	runs/v2_full_test_evidence_regime/structure_panel/esmfold_pdb/YP_009324648.1.pdb
	YP_010582707.1	Guernseyvirinae		500	500	88.802	92.41	50.69	98.71	0.946	0.618				8xb5-assembly1_A	3.076E-34	1.000	469	32.100	7.330E-01	7.800E-01	7.043E-01	7.737E-01	0.938	Acinetobacter phage SH-Ab 15497	strong_targeted_support	runs/v2_full_test_evidence_regime/structure_panel/esmfold_pdb/YP_010582707.1.pdb
	NP_740416.1	Ensavirinae		143	143	88.787	91.0	67.73	95.71	0.986	0.594				9fgo-assembly1_A	7.971E-18	1.000	138	47.800	9.065E-01	9.789E-01	9.388E-01	9.018E-01	0.965	Enterovirus A71	strong_targeted_support	runs/v2_full_test_evidence_regime/structure_panel/esmfold_pdb/NP_740416.1.pdb
	YP_009886207.1	Twarogvirinae		215	215	88.769	93.0	39.9	98.41	0.916	0.642				5jbl-assembly1_B	1.044E-22	1.000	171	72.500	7.886E-01	8.902E-01	6.785E-01	8.849E-01	0.795	Tequatrovirus T4	strong_targeted_support	runs/v2_full_test_evidence_regime/structure_panel/esmfold_pdb/YP_009886207.1.pdb
	YP_009886453.1	Twarogvirinae		215	215	88.769	93.0	39.9	98.41	0.916	0.642				5jbl-assembly1_B	1.044E-22	1.000	171	72.500	7.886E-01	8.902E-01	6.785E-01	8.849E-01	0.795	Tequatrovirus T4	strong_targeted_support	runs/v2_full_test_evidence_regime/structure_panel/esmfold_pdb/YP_009886453.1.pdb
	YP_004323518.1	Eurybiavirus		266	266	88.76	95.515	48.84	98.94	0.861	0.68				9c3u-assembly1_A	7.863E-18	1.000	260	24.200	7.243E-01	7.937E-01	7.343E-01	7.846E-01	0.977	Burkholderia cenocepacia	strong_targeted_support	runs/v2_full_test_evidence_regime/structure_panel/esmfold_pdb/YP_004323518.1.pdb
	YP_009100095.1	Pairvirus		109	109	88.751	90.73	52.44	95.34	0.972	0.569				3brj-assembly1_A	2.676E-02	1.000	117	14.500	6.024E-01	5.754E-01	5.485E-01	3.784E-01	1.073	Vibrio parahaemolyticus RIMD 2210633	strong_targeted_support	runs/v2_full_test_evidence_regime/structure_panel/esmfold_pdb/YP_009100095.1.pdb
	YP_006489176.1	Twarogvirinae		151	151	88.742	93.1	43.45	97.12	0.907	0.675				7t26-assembly1_A	5.040E-15	1.000	137	52.500	8.448E-01	9.625E-01	8.631E-01	9.488E-01	0.907	Erwinia phage FBB1	strong_targeted_support	runs/v2_full_test_evidence_regime/structure_panel/esmfold_pdb/YP_006489176.1.pdb
	YP_007349143.1	Ackermannviridae		565	565	88.731	91.89	44.93	98.51	0.935	0.595				6dt1-assembly1_A	2.016E-29	1.000	481	20.900	6.669E-01	7.372E-01	6.086E-01	7.222E-01	0.851	Tequatrovirus T4	strong_targeted_support	runs/v2_full_test_evidence_regime/structure_panel/esmfold_pdb/YP_007349143.1.pdb
	YP_010659966.1	Enquatrovirinae		109	109	88.724	90.53	47.15	94.64	0.982	0.615																runs/v2_full_test_evidence_regime/structure_panel/esmfold_pdb/YP_010659966.1.pdb
	YP_009886593.1	Twarogvirinae		498	498	88.719	93.515	51.21	98.85	0.88	0.671				4esv-assembly2_H	1.295E-23	1.000	445	18.800	6.281E-01	7.350E-01	6.229E-01	7.166E-01	0.894	Geobacillus stearothermophilus	strong_targeted_support	runs/v2_full_test_evidence_regime/structure_panel/esmfold_pdb/YP_009886593.1.pdb
	YP_009889699.1	Twarogvirinae		498	498	88.719	93.515	51.21	98.85	0.88	0.671				4esv-assembly2_H	1.295E-23	1.000	445	18.800	6.281E-01	7.350E-01	6.229E-01	7.166E-01	0.894	Geobacillus stearothermophilus	strong_targeted_support	runs/v2_full_test_evidence_regime/structure_panel/esmfold_pdb/YP_009889699.1.pdb
	YP_009600297.1	Ounavirinae		184	184	88.718	90.45	53.17	97.73	0.946	0.533				1skw-assembly1_A	1.629E-03	1.000	186	22.000	6.674E-01	7.945E-01	7.140E-01	2.141E-01	1.011	Escherichia phage T7	strong_targeted_support	runs/v2_full_test_evidence_regime/structure_panel/esmfold_pdb/YP_009600297.1.pdb
	YP_010667611.1	Menderavirus		361	361	88.707	92.08	47.94	98.84	0.9	0.612				7z3m-assembly1_AAA	8.349E-20	1.000	344	22.300	6.747E-01	8.318E-01	7.057E-01	8.267E-01	0.953	unidentified	strong_targeted_support	runs/v2_full_test_evidence_regime/structure_panel/esmfold_pdb/YP_010667611.1.pdb
	YP_010104251.1	Frickvirinae		198	198	88.68	91.46	50.75	98.37	0.924	0.601				4dzg-assembly1_A	3.245E-01	0.887	107	14.000	4.194E-01	6.307E-01	3.203E-01	5.143E-01	0.54	Aeromonas hydrophila subsp. hydrophila ATCC 7966	model_confident_no_clear_pdb_analog	runs/v2_full_test_evidence_regime/structure_panel/esmfold_pdb/YP_010104251.1.pdb
	YP_010680616.1	Joanripponvirinae		282	282	88.645	89.465	60.22	98.37	0.972	0.489				5l8g-assembly1_J	4.324E+00	0.116	61	16.300	4.327E-01	4.399E-01	8.884E-02	2.235E-01	0.216	Rhodospirillum rubrum	model_confident_no_clear_pdb_analog	runs/v2_full_test_evidence_regime/structure_panel/esmfold_pdb/YP_010680616.1.pdb
	YP_009796139.1	Ackermannviridae		998	998	88.642	92.6	35.09	98.25	0.917	0.691				2p5g-assembly3_C	1.019E-59	1.000	1021	25.500	7.632E-01	8.816E-01	7.830E-01	8.787E-01	1.023	Escherichia phage RB69	strong_targeted_support	runs/v2_full_test_evidence_regime/structure_panel/esmfold_pdb/YP_009796139.1.pdb
	YP_009886843.1	Twarogvirinae		498	498	88.629	93.47	51.22	98.85	0.88	0.669				4esv-assembly2_L	1.556E-22	1.000	441	19.200	6.293E-01	7.554E-01	6.360E-01	7.412E-01	0.886	Geobacillus stearothermophilus	strong_targeted_support	runs/v2_full_test_evidence_regime/structure_panel/esmfold_pdb/YP_009886843.1.pdb
	YP_010747142.1	Guernseyvirinae		54	54	88.614	91.335	75.77	94.31	1.0	0.537				5xy3-assembly1_T	1.452E-01	1.000	66	9.000	7.945E-01	8.267E-01	8.133E-01	3.052E-01	1.222	Trichomonas vaginalis	strong_targeted_support	runs/v2_full_test_evidence_regime/structure_panel/esmfold_pdb/YP_010747142.1.pdb
	YP_010659639.1	Enquatrovirinae		68	68	88.57	91.18	42.19	95.43	0.926	0.706				8q2m-assembly1_AA	1.007E-01	0.941	61	16.300	5.281E-01	5.902E-01	5.334E-01	5.632E-01	0.897	Sulfolobus acidocaldarius	strong_targeted_support	runs/v2_full_test_evidence_regime/structure_panel/esmfold_pdb/YP_010659639.1.pdb
	YP_006906818.1	Sepvirinae		436	436	88.536	93.45	47.43	98.89	0.892	0.638				6emy-assembly1_A	4.750E-11	1.000	332	19.500	6.239E-01	8.163E-01	5.716E-01	7.733E-01	0.761	Enterococcus faecalis	strong_targeted_support	runs/v2_full_test_evidence_regime/structure_panel/esmfold_pdb/YP_006906818.1.pdb
	YP_009856330.1	Montyvirus		413	413	88.529	91.93	49.58	97.87	0.932	0.588				4ceh-assembly1_B	9.932E-08	1.000	394	14.400	4.820E-01	6.378E-01	4.717E-01	1.877E-01	0.954	Bacillus subtilis subsp. subtilis str. 168	strong_targeted_support	runs/v2_full_test_evidence_regime/structure_panel/esmfold_pdb/YP_009856330.1.pdb
	YP_010749522.1	Guernseyvirinae		406	406	88.52	92.92	44.8	98.87	0.936	0.606				6knc-assembly1_A	1.422E-06	1.000	316	11.700	4.257E-01	5.794E-01	4.124E-01	3.780E-01	0.778	Thermococcus kodakarensis KOD1	strong_targeted_support	runs/v2_full_test_evidence_regime/structure_panel/esmfold_pdb/YP_010749522.1.pdb
	YP_010060078.1	Microwolfvirus		60	60	88.506	92.255	52.67	95.58	0.933	0.7				4j2n-assembly1_A	1.170E-07	1.000	54	81.400	9.171E-01	9.700E-01	8.610E-01	9.528E-01	0.9	Pukovnikvirus pukovnik	strong_targeted_support	runs/v2_full_test_evidence_regime/structure_panel/esmfold_pdb/YP_010060078.1.pdb
	YP_010659623.1	Enquatrovirinae		323	323	88.5	91.03	60.84	98.36	0.957	0.542				4ds4-assembly1_A	6.413E-13	1.000	273	18.300	6.532E-01	8.849E-01	6.756E-01	3.852E-01	0.845	Geobacillus kaustophilus HTA426	strong_targeted_support	runs/v2_full_test_evidence_regime/structure_panel/esmfold_pdb/YP_010659623.1.pdb
	YP_009187929.1	Sepvirinae		244	244	88.445	90.815	59.82	98.7	0.971	0.512				3qrc-assembly2_B	3.472E-13	1.000	222	30.100	7.174E-01	8.447E-01	5.359E-01	8.395E-01	0.91	Yersinia pestis	strong_targeted_support	runs/v2_full_test_evidence_regime/structure_panel/esmfold_pdb/YP_009187929.1.pdb
	YP_009907938.1	Sepvirinae		244	244	88.445	90.815	59.82	98.7	0.971	0.512				3qrc-assembly2_B	3.472E-13	1.000	222	30.100	7.174E-01	8.447E-01	5.359E-01	8.395E-01	0.91	Yersinia pestis	strong_targeted_support	runs/v2_full_test_evidence_regime/structure_panel/esmfold_pdb/YP_009907938.1.pdb
	YP_009908257.1	Sepvirinae		244	244	88.445	90.815	59.82	98.7	0.971	0.512				3qrc-assembly2_B	3.472E-13	1.000	222	30.100	7.174E-01	8.447E-01	5.359E-01	8.395E-01	0.91	Yersinia pestis	strong_targeted_support	runs/v2_full_test_evidence_regime/structure_panel/esmfold_pdb/YP_009908257.1.pdb
	YP_009908418.1	Sepvirinae		244	244	88.445	90.815	59.82	98.7	0.971	0.512				3qrc-assembly2_B	3.472E-13	1.000	222	30.100	7.174E-01	8.447E-01	5.359E-01	8.395E-01	0.91	Yersinia pestis	strong_targeted_support	runs/v2_full_test_evidence_regime/structure_panel/esmfold_pdb/YP_009908418.1.pdb
	YP_009855174.1	Lillamyvirus		208	208	88.44	93.68	55.12	98.87	0.889	0.63				9c3u-assembly1_A	2.041E-11	1.000	259	18.500	6.120E-01	7.651E-01	7.209E-01	6.125E-01	1.245	Burkholderia cenocepacia	strong_targeted_support	runs/v2_full_test_evidence_regime/structure_panel/esmfold_pdb/YP_009855174.1.pdb
	YP_009190508.1	Sepvirinae		436	436	88.413	93.36	44.22	98.89	0.881	0.628				6emy-assembly1_A	6.062E-11	1.000	332	20.400	6.222E-01	8.133E-01	5.699E-01	7.705E-01	0.761	Enterococcus faecalis	strong_targeted_support	runs/v2_full_test_evidence_regime/structure_panel/esmfold_pdb/YP_009190508.1.pdb
	YP_009601960.1	Sepvirinae		244	244	88.375	90.815	59.55	98.71	0.959	0.52				3qrc-assembly2_B	2.653E-13	1.000	222	29.700	6.850E-01	8.051E-01	5.150E-01	8.002E-01	0.91	Yersinia pestis	strong_targeted_support	runs/v2_full_test_evidence_regime/structure_panel/esmfold_pdb/YP_009601960.1.pdb
	YP_009908503.1	Sepvirinae		244	244	88.375	90.815	59.55	98.71	0.959	0.52				3qrc-assembly2_B	2.653E-13	1.000	222	29.700	6.850E-01	8.051E-01	5.150E-01	8.002E-01	0.91	Yersinia pestis	strong_targeted_support	runs/v2_full_test_evidence_regime/structure_panel/esmfold_pdb/YP_009908503.1.pdb
	YP_009284896.1	Drexlerviridae		70	70	88.371	91.13	52.6	95.11	0.957	0.614				5vr3-assembly1_A	3.148E-01	0.994	53	16.900	8.272E-01	9.176E-01	6.688E-01	7.738E-01	0.757	Homo sapiens	strong_targeted_support	runs/v2_full_test_evidence_regime/structure_panel/esmfold_pdb/YP_009284896.1.pdb
	YP_009017758.1	Autotranscriptaviridae		531	531	88.347	92.32	44.97	98.5	0.911	0.601				8i4m-assembly1_T	1.651E-35	1.000	528	33.700	6.816E-01	7.899E-01	7.558E-01	7.148E-01	0.994	Prochlorococcus phage P-SCSP1u	strong_targeted_support	runs/v2_full_test_evidence_regime/structure_panel/esmfold_pdb/YP_009017758.1.pdb
	YP_009203061.1	Luchadorvirus		228	228	88.324	92.835	42.3	98.44	0.895	0.662				4qhr-assembly1_A	2.866E-02	0.772	203	10.300	3.700E-01	4.707E-01	3.753E-01	2.683E-01	0.89	Acinetobacter baumannii ACICU	model_confident_no_clear_pdb_analog	runs/v2_full_test_evidence_regime/structure_panel/esmfold_pdb/YP_009203061.1.pdb
	YP_010748119.1	Guernseyvirinae		163	163	88.299	89.71	47.51	95.42	0.982	0.466				1u3e-assembly1_M	5.459E-03	1.000	101	22.700	5.335E-01	7.018E-01	4.181E-01	3.947E-01	0.62	Okubovirus SPO1	strong_targeted_support	runs/v2_full_test_evidence_regime/structure_panel/esmfold_pdb/YP_010748119.1.pdb
	YP_008058248.1	Guernseyvirinae		163	163	88.287	89.43	46.08	95.39	0.982	0.442				1u3e-assembly1_M	9.326E-03	1.000	99	23.200	5.554E-01	7.239E-01	4.312E-01	4.070E-01	0.607	Okubovirus SPO1	strong_targeted_support	runs/v2_full_test_evidence_regime/structure_panel/esmfold_pdb/YP_008058248.1.pdb
	YP_009606733.1	Ounavirinae		637	637	88.26	92.32	45.05	98.57	0.901	0.604				6n9w-assembly1_B	1.802E-32	1.000	523	25.200	6.503E-01	8.477E-01	6.414E-01	8.411E-01	0.821	Escherichia phage T7	strong_targeted_support	runs/v2_full_test_evidence_regime/structure_panel/esmfold_pdb/YP_009606733.1.pdb
	YP_009330077.1	Riboviria		476	476	88.257	93.73	34.12	98.86	0.887	0.645				7xd9-assembly1_A	7.997E-13	1.000	593	13.100	4.479E-01	6.754E-01	6.360E-01	5.095E-01	1.246	dengue virus type 2	strong_targeted_support	runs/v2_full_test_evidence_regime/structure_panel/esmfold_pdb/YP_009330077.1.pdb
	YP_009187338.1	Sepvirinae		229	229	88.254	90.14	51.03	97.32	0.978	0.511				3slp-assembly1_B	3.226E-37	1.000	225	87.100	9.151E-01	9.817E-01	9.607E-01	9.732E-01	0.983	Lambdavirus lambda	strong_targeted_support	runs/v2_full_test_evidence_regime/structure_panel/esmfold_pdb/YP_009187338.1.pdb
	YP_009214229.1	Yongloolinvirus		73	73	88.243	89.95	70.42	94.45	1.0	0.493				2icp-assembly1_A	1.420E-01	1.000	72	18.000	7.800E-01	8.881E-01	8.557E-01	7.309E-01	0.986	Escherichia coli CFT073	strong_targeted_support	runs/v2_full_test_evidence_regime/structure_panel/esmfold_pdb/YP_009214229.1.pdb
	NP_740476.2	Ensavirinae		183	183	88.227	89.98	41.12	94.88	0.973	0.497				2ijd-assembly1_1	7.028E-32	1.000	182	97.800	9.202E-01	9.873E-01	9.767E-01	2.804E-01	0.995	Human poliovirus 1 Mahoney	strong_targeted_support	runs/v2_full_test_evidence_regime/structure_panel/esmfold_pdb/NP_740476.2.pdb
	YP_010012866.1	Lclasvirinae		342	342	88.19	92.815	52.84	98.54	0.927	0.588				3hc7-assembly1_A	4.184E-25	1.000	255	48.200	7.836E-01	8.647E-01	6.324E-01	8.427E-01	0.746	Fromanvirus D29	strong_targeted_support	runs/v2_full_test_evidence_regime/structure_panel/esmfold_pdb/YP_010012866.1.pdb
	NP_859162.1	Sepvirinae		444	444	88.161	93.085	47.2	98.89	0.89	0.624				6emy-assembly1_A	2.797E-11	1.000	332	19.200	6.242E-01	8.174E-01	5.626E-01	7.747E-01	0.748	Enterococcus faecalis	strong_targeted_support	runs/v2_full_test_evidence_regime/structure_panel/esmfold_pdb/NP_859162.1.pdb
	NP_859328.1	Sepvirinae		444	444	88.161	93.085	47.2	98.89	0.89	0.624				6emy-assembly1_A	2.797E-11	1.000	332	19.200	6.242E-01	8.174E-01	5.626E-01	7.747E-01	0.748	Enterococcus faecalis	strong_targeted_support	runs/v2_full_test_evidence_regime/structure_panel/esmfold_pdb/NP_859328.1.pdb
	YP_008857945.1	Benedictvirus		592	592	88.152	93.52	29.71	98.81	0.9	0.666				6z6d-assembly1_A	9.529E-22	1.000	561	17.200	5.358E-01	5.524E-01	4.664E-01	5.487E-01	0.948	Byrnievirus HK97	strong_targeted_support	runs/v2_full_test_evidence_regime/structure_panel/esmfold_pdb/YP_008857945.1.pdb
	YP_009607614.1	Timshelvirus		233	233	88.116	91.89	46.7	98.6	0.931	0.558				8te3-assembly1_A	1.813E-08	1.000	287	13.900	4.913E-01	6.582E-01	6.386E-01	5.572E-01	1.232	Homo sapiens	strong_targeted_support	runs/v2_full_test_evidence_regime/structure_panel/esmfold_pdb/YP_009607614.1.pdb
	YP_009908176.1	Sepvirinae		205	205	88.116	89.18	61.09	97.94	0.98	0.468				7kfa-assembly1_B	2.174E-02	0.817	217	7.300	3.317E-01	3.321E-01	2.998E-01	1.546E-01	1.059	Homo sapiens	model_confident_no_clear_pdb_analog	runs/v2_full_test_evidence_regime/structure_panel/esmfold_pdb/YP_009908176.1.pdb
	YP_009337337.1	Riboviria		205	205	88.086	91.31	62.84	97.7	0.951	0.561				2izw-assembly1_B	1.208E-12	1.000	170	21.100	7.379E-01	8.991E-01	7.076E-01	8.044E-01	0.829	Ryegrass mottle virus	strong_targeted_support	runs/v2_full_test_evidence_regime/structure_panel/esmfold_pdb/YP_009337337.1.pdb
	YP_009280719.1	Slopekvirinae		202	202	88.055	95.235	42.76	98.38	0.861	0.713				7m5i-assembly1_B	3.201E-08	1.000	176	21.500	6.557E-01	8.291E-01	6.198E-01	7.810E-01	0.871	Escherichia coli O157 typing phage 15	strong_targeted_support	runs/v2_full_test_evidence_regime/structure_panel/esmfold_pdb/YP_009280719.1.pdb
	YP_011217212.1	Guernseyvirinae		497	497	88.001	91.27	44.19	98.66	0.94	0.567				8xb5-assembly1_A	6.897E-33	1.000	476	31.500	7.212E-01	7.547E-01	6.871E-01	7.516E-01	0.958	Acinetobacter phage SH-Ab 15497	strong_targeted_support	runs/v2_full_test_evidence_regime/structure_panel/esmfold_pdb/YP_011217212.1.pdb
	YP_794075.1	Sepvirinae		205	205	87.978	88.93	60.48	97.85	0.976	0.473				7kfa-assembly1_B	1.746E-02	0.817	220	8.600	3.310E-01	3.238E-01	2.900E-01	1.519E-01	1.073	Homo sapiens	model_confident_no_clear_pdb_analog	runs/v2_full_test_evidence_regime/structure_panel/esmfold_pdb/YP_794075.1.pdb
	YP_008239713.1	Guernseyvirinae		490	490	87.976	91.21	47.02	98.77	0.929	0.553				8xb5-assembly1_A	8.889E-33	1.000	476	31.300	7.158E-01	7.540E-01	6.940E-01	7.494E-01	0.971	Acinetobacter phage SH-Ab 15497	strong_targeted_support	runs/v2_full_test_evidence_regime/structure_panel/esmfold_pdb/YP_008239713.1.pdb
	YP_012054204.1	Guernseyvirinae		497	497	87.953	91.15	43.98	98.7	0.932	0.561				8xb5-assembly1_A	4.624E-33	1.000	476	31.700	7.263E-01	7.580E-01	6.896E-01	7.549E-01	0.958	Acinetobacter phage SH-Ab 15497	strong_targeted_support	runs/v2_full_test_evidence_regime/structure_panel/esmfold_pdb/YP_012054204.1.pdb
	YP_009850288.1	Marfavirus		128	128	87.952	93.975	42.89	97.63	0.898	0.656				4etr-assembly1_A	6.141E-01	0.988	116	13.700	6.265E-01	7.999E-01	6.883E-01	7.237E-01	0.906	Pseudomonas aeruginosa PAO1	strong_targeted_support	runs/v2_full_test_evidence_regime/structure_panel/esmfold_pdb/YP_009850288.1.pdb
	NP_858978.1	Xipdecavirus		332	332	87.932	91.475	52.54	98.54	0.916	0.572				6ras-assembly1_I	7.352E-19	1.000	318	22.300	6.441E-01	7.436E-01	6.444E-01	5.082E-01	0.958	Prochlorococcus marinus str. MIT 9302	strong_targeted_support	runs/v2_full_test_evidence_regime/structure_panel/esmfold_pdb/NP_858978.1.pdb
	YP_010680125.1	Joanripponvirinae		334	334	87.931	92.085	41.12	98.72	0.913	0.608				8bj6-assembly1_A	1.130E-17	1.000	328	24.300	7.487E-01	5.985E-01	5.581E-01	5.793E-01	0.982	Bacillus subtilis subsp. subtilis str. 168	strong_targeted_support	runs/v2_full_test_evidence_regime/structure_panel/esmfold_pdb/YP_010680125.1.pdb
	YP_010740068.1	Heleneionescovirinae		341	341	87.93	92.5	52.66	98.69	0.877	0.607				5j0n-assembly1_H	1.797E-05	1.000	363	11.200	5.063E-01	6.476E-01	5.686E-01	5.487E-01	1.065	Lambdavirus lambda	strong_targeted_support	runs/v2_full_test_evidence_regime/structure_panel/esmfold_pdb/YP_010740068.1.pdb
	YP_010013136.1	Lclasvirinae		433	433	87.913	90.28	49.25	98.91	0.956	0.522				6emy-assembly1_B	1.027E-10	1.000	370	16.400	6.154E-01	7.742E-01	5.778E-01	7.698E-01	0.855	Enterococcus faecalis	strong_targeted_support	runs/v2_full_test_evidence_regime/structure_panel/esmfold_pdb/YP_010013136.1.pdb
	NP_859282.1	Sepvirinae		205	205	87.905	89.05	60.82	97.88	0.971	0.468				7kfa-assembly1_B	1.582E-02	0.817	219	7.700	3.275E-01	3.213E-01	2.906E-01	1.507E-01	1.068	Homo sapiens	model_confident_no_clear_pdb_analog	runs/v2_full_test_evidence_regime/structure_panel/esmfold_pdb/NP_859282.1.pdb
	YP_009908325.1	Sepvirinae		205	205	87.905	89.05	60.82	97.88	0.971	0.468				7kfa-assembly1_B	1.582E-02	0.817	219	7.700	3.275E-01	3.213E-01	2.906E-01	1.507E-01	1.068	Homo sapiens	model_confident_no_clear_pdb_analog	runs/v2_full_test_evidence_regime/structure_panel/esmfold_pdb/YP_009908325.1.pdb
	YP_009908502.1	Sepvirinae		205	205	87.905	89.05	60.82	97.88	0.971	0.468				7kfa-assembly1_B	1.582E-02	0.817	219	7.700	3.275E-01	3.213E-01	2.906E-01	1.507E-01	1.068	Homo sapiens	model_confident_no_clear_pdb_analog	runs/v2_full_test_evidence_regime/structure_panel/esmfold_pdb/YP_009908502.1.pdb
	YP_009886116.1	Twarogvirinae		374	374	87.858	90.17	48.89	98.12	0.96	0.519				6rgn-assembly1_A	9.851E+00	0.098	62	14.500	4.884E-01	5.502E-01	1.316E-01	4.047E-01	0.166	Bordetella pertussis	model_confident_no_clear_pdb_analog	runs/v2_full_test_evidence_regime/structure_panel/esmfold_pdb/YP_009886116.1.pdb
	YP_002456118.1	Ounavirinae		637	637	87.85	92.25	46.23	98.56	0.901	0.59				6n9w-assembly1_B	1.085E-31	1.000	526	25.200	6.480E-01	8.491E-01	6.419E-01	8.426E-01	0.826	Escherichia phage T7	strong_targeted_support	runs/v2_full_test_evidence_regime/structure_panel/esmfold_pdb/YP_002456118.1.pdb
	YP_009608668.1	Guernseyvirinae		372	372	87.84	91.235	49.41	97.4	0.954	0.543				8ppv-assembly1_A	1.225E-07	1.000	350	13.700	3.968E-01	5.025E-01	4.123E-01	3.512E-01	0.941	Pyrococcus abyssi GE5	strong_targeted_support	runs/v2_full_test_evidence_regime/structure_panel/esmfold_pdb/YP_009608668.1.pdb
	YP_024735.1	Fredfastierviridae		536	536	87.79	91.805	38.42	98.68	0.899	0.582				8dgc-assembly1_H	2.205E-15	1.000	562	15.600	4.733E-01	4.427E-01	3.906E-01	3.893E-01	1.049	Escherichia phage PhiV-1	local_structural_support	runs/v2_full_test_evidence_regime/structure_panel/esmfold_pdb/YP_024735.1.pdb
	YP_009336938.1	Riboviria		480	480	87.782	96.22	28.7	98.78	0.867	0.675				7xd9-assembly1_A	4.587E-11	1.000	568	13.500	4.946E-01	7.194E-01	6.729E-01	5.345E-01	1.183	dengue virus type 2	strong_targeted_support	runs/v2_full_test_evidence_regime/structure_panel/esmfold_pdb/YP_009336938.1.pdb
	YP_009883610.1	Ackermannviridae		209	209	87.782	91.95	54.65	97.68	0.9	0.632				2f96-assembly1_B	1.504E-06	1.000	222	16.600	5.121E-01	6.682E-01	6.244E-01	6.429E-01	1.062	Pseudomonas aeruginosa PAO1	strong_targeted_support	runs/v2_full_test_evidence_regime/structure_panel/esmfold_pdb/YP_009883610.1.pdb
	YP_010747633.1	Guernseyvirinae		163	163	87.729	89.46	42.76	94.84	0.969	0.46				1u3e-assembly1_M	3.254E-03	1.000	101	23.700	5.497E-01	7.226E-01	4.275E-01	4.033E-01	0.62	Okubovirus SPO1	strong_targeted_support	runs/v2_full_test_evidence_regime/structure_panel/esmfold_pdb/YP_010747633.1.pdb
	YP_009620082.1	Guernseyvirinae		493	493	87.724	91.16	43.5	98.58	0.923	0.56				8xb5-assembly1_A	3.158E-33	1.000	477	32.200	7.080E-01	7.304E-01	6.692E-01	7.260E-01	0.968	Acinetobacter phage SH-Ab 15497	strong_targeted_support	runs/v2_full_test_evidence_regime/structure_panel/esmfold_pdb/YP_009620082.1.pdb
	YP_011965730.1	Guernseyvirinae		497	497	87.72	91.29	40.64	98.71	0.926	0.557				8xb5-assembly1_A	2.064E-33	1.000	476	32.100	7.280E-01	7.491E-01	6.793E-01	7.430E-01	0.958	Acinetobacter phage SH-Ab 15497	strong_targeted_support	runs/v2_full_test_evidence_regime/structure_panel/esmfold_pdb/YP_011965730.1.pdb
	YP_009100286.1	Sepvirinae		244	244	87.709	90.135	59.57	98.69	0.943	0.512				3qrc-assembly2_B	2.966E-13	1.000	221	29.800	7.129E-01	8.440E-01	5.319E-01	8.334E-01	0.906	Yersinia pestis	strong_targeted_support	runs/v2_full_test_evidence_regime/structure_panel/esmfold_pdb/YP_009100286.1.pdb
	YP_009600755.1	Lacusarxvirus		280	280	87.68	89.075	55.44	97.3	0.95	0.454				2y28-assembly3_C	3.748E-12	1.000	227	26.400	7.035E-01	7.843E-01	5.068E-01	7.759E-01	0.811	Citrobacter freundii	strong_targeted_support	runs/v2_full_test_evidence_regime/structure_panel/esmfold_pdb/YP_009600755.1.pdb
	YP_009330063.1	Riboviria		201	201	87.679	95.23	58.63	98.22	0.806	0.677				7rlm-assembly6_F	3.307E-23	1.000	141	70.900	9.472E-01	9.967E-01	6.912E-01	9.827E-01	0.701	Potato leafroll virus	strong_targeted_support	runs/v2_full_test_evidence_regime/structure_panel/esmfold_pdb/YP_009330063.1.pdb
	YP_010771777.1	Rudiviridae		58	58	87.664	88.955	64.79	93.61	0.983	0.466				6iya-assembly2_C	6.976E-02	0.994	44	22.700	8.431E-01	9.193E-01	7.024E-01	8.833E-01	0.759	Shewanella oneidensis MR-1	strong_targeted_support	runs/v2_full_test_evidence_regime/structure_panel/esmfold_pdb/YP_010771777.1.pdb
	YP_009177352.1	Ounavirinae		30	30	87.652	90.54	63.57	92.08	0.967	0.533																runs/v2_full_test_evidence_regime/structure_panel/esmfold_pdb/YP_009177352.1.pdb
	YP_009187910.1	Sepvirinae		340	340	87.648	92.56	48.8	98.73	0.894	0.606				6emy-assembly1_A	2.489E-11	1.000	317	19.500	6.222E-01	8.101E-01	6.818E-01	7.320E-01	0.932	Enterococcus faecalis	strong_targeted_support	runs/v2_full_test_evidence_regime/structure_panel/esmfold_pdb/YP_009187910.1.pdb
	YP_009789511.1	Yoloswagvirus		487	487	87.548	89.81	53.26	98.31	0.936	0.491				5hx2-assembly1_D	3.036E-18	1.000	506	14.800	5.556E-01	5.839E-01	5.505E-01	4.381E-01	1.039	Tequatrovirus T4	strong_targeted_support	runs/v2_full_test_evidence_regime/structure_panel/esmfold_pdb/YP_009789511.1.pdb
	YP_009875557.1	Rhodovirinae		539	539	87.527	92.76	40.57	98.47	0.876	0.659				8dgc-assembly1_H	2.976E-16	1.000	567	14.200	5.344E-01	5.353E-01	4.789E-01	4.790E-01	1.052	Escherichia phage PhiV-1	strong_targeted_support	runs/v2_full_test_evidence_regime/structure_panel/esmfold_pdb/YP_009875557.1.pdb
	YP_010665243.1	Wolominvirus		179	179	87.527	89.64	56.39	96.32	0.939	0.458				4afl-assembly2_F	1.605E-01	0.998	82	14.600	7.571E-01	7.988E-01	3.737E-01	6.871E-01	0.458	Homo sapiens	local_structural_support	runs/v2_full_test_evidence_regime/structure_panel/esmfold_pdb/YP_010665243.1.pdb
	YP_009850470.1	Marfavirus		290	290	87.516	90.325	49.54	98.33	0.921	0.51				7bhy-assembly1_B	4.177E-01	0.992	50	14.000	7.387E-01	7.414E-01	1.430E-01	6.918E-01	0.172	Bacillus subtilis subsp. subtilis str. 168	model_confident_no_clear_pdb_analog	runs/v2_full_test_evidence_regime/structure_panel/esmfold_pdb/YP_009850470.1.pdb
	YP_009100097.1	Pairvirus		311	311	87.507	92.39	46.27	98.47	0.897	0.624				8i4l-assembly1_D	1.357E-30	1.000	289	41.500	7.118E-01	8.608E-01	7.611E-01	7.267E-01	0.929	Prochlorococcus phage P-SCSP1u	strong_targeted_support	runs/v2_full_test_evidence_regime/structure_panel/esmfold_pdb/YP_009100097.1.pdb
	YP_009337651.1	Riboviria		199	199	87.495	89.88	57.66	97.56	0.94	0.492				4sbv-assembly1_B-31	9.592E-10	1.000	195	12.800	6.840E-01	8.656E-01	7.211E-01	7.211E-01	0.98	Southern bean mosaic virus	strong_targeted_support	runs/v2_full_test_evidence_regime/structure_panel/esmfold_pdb/YP_009337651.1.pdb
	YP_010746108.1	Guernseyvirinae		165	165	87.494	89.93	35.33	96.18	0.964	0.497				1u3e-assembly1_M	4.224E-04	1.000	103	25.200	5.202E-01	6.668E-01	4.225E-01	4.035E-01	0.624	Okubovirus SPO1	strong_targeted_support	runs/v2_full_test_evidence_regime/structure_panel/esmfold_pdb/YP_010746108.1.pdb
	YP_009850725.1	Menderavirus		157	157	87.465	90.25	39.38	96.65	0.936	0.522				1lba-assembly1_A	2.088E-12	1.000	147	40.800	7.918E-01	9.413E-01	8.084E-01	8.669E-01	0.936	Escherichia phage T7	strong_targeted_support	runs/v2_full_test_evidence_regime/structure_panel/esmfold_pdb/YP_009850725.1.pdb
	YP_010801705.1	Gammaherpesvirinae		249	249	87.44	90.29	57.74	97.23	0.932	0.518				3u82-assembly1_B	1.246E-14	1.000	204	24.500	7.418E-01	8.674E-01	6.722E-01	5.650E-01	0.819	Homo sapiens	strong_targeted_support	runs/v2_full_test_evidence_regime/structure_panel/esmfold_pdb/YP_010801705.1.pdb
	YP_009903169.1	Drexlerviridae		160	160	87.425	91.12	30.39	96.58	0.938	0.619				4zpu-assembly1_A	2.259E-13	1.000	171	41.500	7.850E-01	8.201E-01	8.153E-01	7.921E-01	1.069	Escherichia coli K-12	strong_targeted_support	runs/v2_full_test_evidence_regime/structure_panel/esmfold_pdb/YP_009903169.1.pdb
	YP_009113151.1	Guernseyvirinae		494	494	87.374	90.82	41.19	98.73	0.917	0.543				8xb5-assembly1_A	1.054E-32	1.000	477	30.600	7.089E-01	7.385E-01	6.764E-01	7.341E-01	0.966	Acinetobacter phage SH-Ab 15497	strong_targeted_support	runs/v2_full_test_evidence_regime/structure_panel/esmfold_pdb/YP_009113151.1.pdb
	YP_009902967.1	Drexlerviridae		70	70	87.374	89.85	60.07	94.52	0.929	0.486				6uzj-assembly1_A	2.181E-01	0.978	69	10.100	6.109E-01	6.979E-01	5.937E-01	6.450E-01	0.986	Homo sapiens	strong_targeted_support	runs/v2_full_test_evidence_regime/structure_panel/esmfold_pdb/YP_009902967.1.pdb
	YP_009903515.1	Drexlerviridae		70	70	87.374	89.85	60.07	94.52	0.929	0.486				6uzj-assembly1_A	2.181E-01	0.978	69	10.100	6.109E-01	6.979E-01	5.937E-01	6.450E-01	0.986	Homo sapiens	strong_targeted_support	runs/v2_full_test_evidence_regime/structure_panel/esmfold_pdb/YP_009903515.1.pdb
	YP_010100999.1	Lclasvirinae		236	236	87.343	92.285	41.2	98.21	0.877	0.665				2z1w-assembly1_A-2	4.693E-03	0.986	200	11.000	3.821E-01	5.621E-01	4.009E-01	2.853E-01	0.847	Zymomonas mobilis	strong_targeted_support	runs/v2_full_test_evidence_regime/structure_panel/esmfold_pdb/YP_010100999.1.pdb
	YP_009226879.1	Sepvirinae		568	568	87.297	92.625	34.35	98.56	0.886	0.607				3cpe-assembly1_A	6.683E-23	1.000	554	17.300	6.022E-01	4.623E-01	3.836E-01	3.928E-01	0.975	Tequatrovirus T4	local_structural_support	runs/v2_full_test_evidence_regime/structure_panel/esmfold_pdb/YP_009226879.1.pdb
	YP_010582395.1	Guernseyvirinae		173	173	87.274	90.35	37.16	95.21	0.948	0.52				7et4-assembly2_D	1.483E-01	0.992	64	23.400	6.239E-01	7.422E-01	2.925E-01	4.676E-01	0.37	Arabidopsis thaliana	foldseek_only_low_model_confidence	runs/v2_full_test_evidence_regime/structure_panel/esmfold_pdb/YP_010582395.1.pdb
	YP_009854902.1	Lillamyvirus		179	179	87.261	89.2	61.86	95.14	0.972	0.48				4tma-assembly1_K	5.386E+00	0.505	40	20.000	7.158E-01	7.989E-01	1.899E-01	5.672E-01	0.223	Escherichia coli K-12	model_confident_no_clear_pdb_analog	runs/v2_full_test_evidence_regime/structure_panel/esmfold_pdb/YP_009854902.1.pdb
	YP_010659807.1	Enquatrovirinae		323	323	87.254	88.84	61.45	98.33	0.954	0.452				4ds4-assembly1_A	4.273E-13	1.000	272	18.700	6.550E-01	8.901E-01	6.768E-01	3.863E-01	0.842	Geobacillus kaustophilus HTA426	strong_targeted_support	runs/v2_full_test_evidence_regime/structure_panel/esmfold_pdb/YP_010659807.1.pdb
	YP_009595385.1	Plaisancevirus		383	383	87.245	92.26	45.61	98.4	0.869	0.614				6vt8-assembly1_A	7.219E-34	1.000	390	32.500	7.442E-01	8.104E-01	7.104E-01	7.994E-01	1.018	Naegleria gruberi	strong_targeted_support	runs/v2_full_test_evidence_regime/structure_panel/esmfold_pdb/YP_009595385.1.pdb
	YP_009821026.1	Slopekvirinae		783	783	87.241	93.62	29.54	98.68	0.876	0.653				4xvi-assembly1_A	3.042E-19	1.000	826	14.000	5.345E-01	7.472E-01	6.030E-01	7.183E-01	1.055	Homo sapiens	strong_targeted_support	runs/v2_full_test_evidence_regime/structure_panel/esmfold_pdb/YP_009821026.1.pdb
	YP_004010216.1	Twarogvirinae		497	497	87.23	93.0	45.05	98.86	0.851	0.646				4esv-assembly1_B	1.125E-22	1.000	444	18.900	6.453E-01	7.145E-01	6.129E-01	6.954E-01	0.893	Geobacillus stearothermophilus	strong_targeted_support	runs/v2_full_test_evidence_regime/structure_panel/esmfold_pdb/YP_004010216.1.pdb
	YP_010653998.1	Powerballvirus		202	202	87.229	90.86	57.45	98.19	0.886	0.525				4hec-assembly1_B	3.968E-14	1.000	188	39.800	7.283E-01	9.145E-01	7.144E-01	8.771E-01	0.931	Mycobacterium tuberculosis H37Rv	strong_targeted_support	runs/v2_full_test_evidence_regime/structure_panel/esmfold_pdb/YP_010653998.1.pdb
	YP_002899086.1	Rhodovirinae		229	229	87.225	92.19	50.29	98.46	0.886	0.572				7nww-assembly1_r	4.727E+00	0.837	39	30.700	7.803E-01	7.865E-01	1.534E-01	3.292E-01	0.17	Escherichia coli	model_confident_no_clear_pdb_analog	runs/v2_full_test_evidence_regime/structure_panel/esmfold_pdb/YP_002899086.1.pdb
	YP_009880481.1	Rhodovirinae		229	229	87.225	92.19	50.29	98.46	0.886	0.572				7nww-assembly1_r	4.727E+00	0.837	39	30.700	7.803E-01	7.865E-01	1.534E-01	3.292E-01	0.17	Escherichia coli	model_confident_no_clear_pdb_analog	runs/v2_full_test_evidence_regime/structure_panel/esmfold_pdb/YP_009880481.1.pdb
	YP_009607569.1	Timshelvirus		325	325	87.217	91.03	51.42	98.54	0.898	0.56				3hc7-assembly1_A	3.417E-34	1.000	251	69.300	8.066E-01	8.492E-01	6.490E-01	8.233E-01	0.772	Fromanvirus D29	strong_targeted_support	runs/v2_full_test_evidence_regime/structure_panel/esmfold_pdb/YP_009607569.1.pdb
	YP_009903015.1	Drexlerviridae		70	70	87.212	89.67	53.21	93.87	0.957	0.486				5lm5-assembly2_B	1.102E+00	0.941	52	17.300	8.030E-01	8.955E-01	6.738E-01	1.604E-01	0.743	Saccharomyces cerevisiae	strong_targeted_support	runs/v2_full_test_evidence_regime/structure_panel/esmfold_pdb/YP_009903015.1.pdb
	YP_010088905.1	Fredfastierviridae		713	713	87.207	91.01	18.47	98.69	0.906	0.539				8oo6-assembly1_A	1.260E-16	1.000	622	18.600	5.758E-01	7.732E-01	6.043E-01	7.014E-01	0.872	Escherichia coli 'BL21-Gold(DE3)pLysS AG'	strong_targeted_support	runs/v2_full_test_evidence_regime/structure_panel/esmfold_pdb/YP_010088905.1.pdb
	YP_010013267.1	Lclasvirinae		435	435	87.2	90.43	51.02	98.69	0.922	0.52				6emy-assembly1_B	1.041E-11	1.000	368	18.400	6.012E-01	7.820E-01	5.768E-01	7.752E-01	0.846	Enterococcus faecalis	strong_targeted_support	runs/v2_full_test_evidence_regime/structure_panel/esmfold_pdb/YP_010013267.1.pdb
	YP_009818354.1	Drexlerviridae		235	235	87.198	92.92	42.51	98.64	0.881	0.613				8tdr-assembly2_D	7.691E-06	1.000	301	14.200	4.605E-01	5.612E-01	5.465E-01	4.777E-01	1.281	Homo sapiens	strong_targeted_support	runs/v2_full_test_evidence_regime/structure_panel/esmfold_pdb/YP_009818354.1.pdb
	YP_008051906.1	Timshelvirus		227	227	87.166	92.31	49.76	98.79	0.872	0.564				2zcj-assembly1_A	1.169E-06	1.000	322	13.300	5.329E-01	7.207E-01	6.983E-01	5.060E-01	1.419	Haemophilus parahaemolyticus	strong_targeted_support	runs/v2_full_test_evidence_regime/structure_panel/esmfold_pdb/YP_008051906.1.pdb
	YP_010806092.1	Aoguangviridae		68	68	87.164	90.77	54.39	94.21	0.912	0.574				1zud-assembly1_4	1.662E-02	0.986	65	23.000	5.430E-01	5.726E-01	5.248E-01	5.376E-01	0.956	Escherichia coli K-12	strong_targeted_support	runs/v2_full_test_evidence_regime/structure_panel/esmfold_pdb/YP_010806092.1.pdb
	YP_010052674.1	Kantovirinae		221	221	87.135	88.5	60.61	97.83	0.964	0.425				8eon-assembly1_F	2.002E-10	1.000	200	19.000	6.748E-01	6.041E-01	5.301E-01	5.344E-01	0.905	Pseudomonas phage vB_PaeM_E217	strong_targeted_support	runs/v2_full_test_evidence_regime/structure_panel/esmfold_pdb/YP_010052674.1.pdb
	YP_009855255.1	Lillamyvirus		608	608	87.129	91.345	35.38	98.54	0.887	0.569				1q57-assembly1_E	3.713E-25	1.000	507	18.300	6.104E-01	6.898E-01	5.540E-01	6.734E-01	0.834	Escherichia phage T7	strong_targeted_support	runs/v2_full_test_evidence_regime/structure_panel/esmfold_pdb/YP_009855255.1.pdb
	YP_009902494.1	Drexlerviridae		219	219	87.098	89.58	55.99	97.79	0.927	0.457				3bps-assembly1_A	2.112E-02	0.601	197	12.100	2.812E-01	3.062E-01	2.430E-01	1.513E-01	0.9	Homo sapiens	model_confident_no_clear_pdb_analog	runs/v2_full_test_evidence_regime/structure_panel/esmfold_pdb/YP_009902494.1.pdb
	YP_009203071.1	Luchadorvirus		584	584	87.087	92.825	29.5	98.81	0.887	0.637				6z6d-assembly1_A	2.809E-22	1.000	571	18.700	5.509E-01	5.227E-01	4.499E-01	5.211E-01	0.978	Byrnievirus HK97	strong_targeted_support	runs/v2_full_test_evidence_regime/structure_panel/esmfold_pdb/YP_009203071.1.pdb
	YP_009100244.1	Sepvirinae		102	102	87.054	90.345	51.97	95.59	0.912	0.52				3f6w-assembly4_E	5.023E-02	1.000	71	30.900	6.780E-01	8.246E-01	5.395E-01	6.742E-01	0.696	Pseudomonas syringae pv. tomato str. DC3000	strong_targeted_support	runs/v2_full_test_evidence_regime/structure_panel/esmfold_pdb/YP_009100244.1.pdb
	YP_010109716.1	Frickvirinae		404	404	87.011	91.585	40.47	98.72	0.869	0.574				6pbd-assembly1_B	1.417E-12	1.000	255	16.000	6.365E-01	7.988E-01	4.649E-01	5.610E-01	0.631	Caulobacter vibrioides	strong_targeted_support	runs/v2_full_test_evidence_regime/structure_panel/esmfold_pdb/YP_010109716.1.pdb
	YP_010062009.1	Timshelvirus		229	229	86.989	93.68	37.95	98.81	0.86	0.581				1fjx-assembly1_A	1.199E-05	1.000	328	12.100	5.290E-01	6.939E-01	6.777E-01	4.927E-01	1.432	Haemophilus haemolyticus	strong_targeted_support	runs/v2_full_test_evidence_regime/structure_panel/esmfold_pdb/YP_010062009.1.pdb
	YP_009205505.1	Lclasvirinae		433	433	86.968	89.46	44.2	98.9	0.928	0.471				6en1-assembly1_A	1.771E-12	1.000	362	16.800	6.295E-01	8.102E-01	5.953E-01	7.983E-01	0.836	Enterococcus faecalis	strong_targeted_support	runs/v2_full_test_evidence_regime/structure_panel/esmfold_pdb/YP_009205505.1.pdb
	YP_012040222.1	Drexlerviridae		313	313	86.963	92.51	46.96	98.73	0.84	0.562				7mh2-assembly1_A	2.900E-16	1.000	277	15.800	6.001E-01	8.326E-01	7.030E-01	7.817E-01	0.885	Bacillus thermotolerans	strong_targeted_support	runs/v2_full_test_evidence_regime/structure_panel/esmfold_pdb/YP_012040222.1.pdb
	YP_006273070.1	Geminiviridae		357	357	86.954	90.95	41.86	98.53	0.891	0.532				2gxa-assembly2_K	7.633E-05	1.000	249	13.200	4.242E-01	4.762E-01	3.030E-01	3.748E-01	0.697	Deltapapillomavirus 4	local_structural_support	runs/v2_full_test_evidence_regime/structure_panel/esmfold_pdb/YP_006273070.1.pdb
	YP_010102333.1	Frickvirinae		404	404	86.954	91.74	41.16	98.67	0.869	0.577				6pbd-assembly1_B	1.069E-12	1.000	256	15.600	6.166E-01	7.880E-01	4.593E-01	5.540E-01	0.634	Caulobacter vibrioides	strong_targeted_support	runs/v2_full_test_evidence_regime/structure_panel/esmfold_pdb/YP_010102333.1.pdb
	YP_010098243.1	Frickvirinae		404	404	86.94	91.54	40.56	98.67	0.869	0.579				6pbd-assembly1_B	1.732E-12	1.000	256	15.600	6.169E-01	7.883E-01	4.594E-01	5.541E-01	0.634	Caulobacter vibrioides	strong_targeted_support	runs/v2_full_test_evidence_regime/structure_panel/esmfold_pdb/YP_010098243.1.pdb
	YP_453648.1	Kantovirinae		220	220	86.927	88.14	57.03	97.45	0.945	0.441				4ru3-assembly1_A	7.053E-10	1.000	204	19.100	6.674E-01	6.450E-01	5.551E-01	5.908E-01	0.927	Pseudomonas phage SN	strong_targeted_support	runs/v2_full_test_evidence_regime/structure_panel/esmfold_pdb/YP_453648.1.pdb
	YP_009147537.1	Ackermannviridae		183	183	86.922	93.02	48.4	98.18	0.88	0.552				5iv5-assembly1_V	3.590E-07	1.000	202	18.800	6.516E-01	7.295E-01	7.157E-01	6.833E-01	1.104	Tequatrovirus T4	strong_targeted_support	runs/v2_full_test_evidence_regime/structure_panel/esmfold_pdb/YP_009147537.1.pdb
	YP_009304735.1	Pukovnikvirus		227	227	86.904	92.69	34.51	98.76	0.877	0.59				3ubt-assembly3_B	3.483E-08	1.000	331	14.800	5.073E-01	6.773E-01	6.456E-01	4.652E-01	1.458	Haemophilus aegyptius	strong_targeted_support	runs/v2_full_test_evidence_regime/structure_panel/esmfold_pdb/YP_009304735.1.pdb
	YP_010013355.1	Lclasvirinae		351	351	86.858	93.1	28.77	98.85	0.892	0.647				1ya7-assembly1_O	3.503E-01	0.214	225	9.300	3.200E-01	2.436E-01	1.549E-01	2.136E-01	0.641	Trypanosoma brucei	model_confident_no_clear_pdb_analog	runs/v2_full_test_evidence_regime/structure_panel/esmfold_pdb/YP_010013355.1.pdb
	YP_010064221.1	Pukovnikvirus		56	56	86.713	89.365	56.82	94.79	0.929	0.482				4j2n-assembly1_A	1.257E-08	1.000	54	96.200	9.607E-01	9.921E-01	9.404E-01	9.743E-01	0.964	Pukovnikvirus pukovnik	strong_targeted_support	runs/v2_full_test_evidence_regime/structure_panel/esmfold_pdb/YP_010064221.1.pdb
	YP_009145705.1	Ounavirinae		213	213	86.662	89.56	56.19	98.2	0.953	0.46				8eon-assembly1_F	2.802E-10	1.000	204	18.100	6.739E-01	6.629E-01	6.127E-01	5.976E-01	0.958	Pseudomonas phage vB_PaeM_E217	strong_targeted_support	runs/v2_full_test_evidence_regime/structure_panel/esmfold_pdb/YP_009145705.1.pdb
	YP_007007700.1	Popoffvirus		180	180	86.61	89.81	53.63	97.25	0.917	0.494				6irw-assembly1_A	4.247E-03	1.000	159	12.500	5.163E-01	7.495E-01	5.925E-01	2.379E-01	0.883	Homo sapiens	strong_targeted_support	runs/v2_full_test_evidence_regime/structure_panel/esmfold_pdb/YP_007007700.1.pdb
	YP_004323390.1	Eurybiavirus		30	30	86.605	88.94	68.8	92.17	0.967	0.367																runs/v2_full_test_evidence_regime/structure_panel/esmfold_pdb/YP_004323390.1.pdb
	YP_009187319.1	Sepvirinae		208	208	86.578	90.205	52.07	98.63	0.889	0.505				5k7u-assembly1_A	4.430E-13	1.000	198	22.700	6.445E-01	8.075E-01	7.095E-01	7.095E-01	0.952	Homo sapiens	strong_targeted_support	runs/v2_full_test_evidence_regime/structure_panel/esmfold_pdb/YP_009187319.1.pdb
	YP_007001426.1	Sepvirinae		208	208	86.557	90.2	52.35	98.63	0.889	0.51				5k7u-assembly1_A	7.500E-13	1.000	198	22.200	6.445E-01	8.071E-01	7.092E-01	7.092E-01	0.952	Homo sapiens	strong_targeted_support	runs/v2_full_test_evidence_regime/structure_panel/esmfold_pdb/YP_007001426.1.pdb
	YP_008126253.1	Microwolfvirus		279	279	86.546	89.99	44.48	97.46	0.907	0.498				7xgf-assembly2_D	3.806E+00	0.214	150	11.300	4.245E-01	4.579E-01	2.410E-01	3.753E-01	0.538	synthetic construct	model_confident_no_clear_pdb_analog	runs/v2_full_test_evidence_regime/structure_panel/esmfold_pdb/YP_008126253.1.pdb
	YP_009219076.1	Microwolfvirus		279	279	86.546	89.99	44.48	97.46	0.907	0.498				7xgf-assembly2_D	3.806E+00	0.214	150	11.300	4.245E-01	4.579E-01	2.410E-01	3.753E-01	0.538	synthetic construct	model_confident_no_clear_pdb_analog	runs/v2_full_test_evidence_regime/structure_panel/esmfold_pdb/YP_009219076.1.pdb
	YP_009617261.1	Microwolfvirus		279	279	86.546	89.99	44.48	97.46	0.907	0.498				7xgf-assembly2_D	3.806E+00	0.214	150	11.300	4.245E-01	4.579E-01	2.410E-01	3.753E-01	0.538	synthetic construct	model_confident_no_clear_pdb_analog	runs/v2_full_test_evidence_regime/structure_panel/esmfold_pdb/YP_009617261.1.pdb
	YP_010748598.1	Guernseyvirinae		489	489	86.541	89.36	46.04	98.74	0.93	0.472				8xb5-assembly1_A	3.168E-32	1.000	474	30.500	7.061E-01	7.564E-01	6.984E-01	7.518E-01	0.969	Acinetobacter phage SH-Ab 15497	strong_targeted_support	runs/v2_full_test_evidence_regime/structure_panel/esmfold_pdb/YP_010748598.1.pdb
	YP_007673406.1	Cbastvirus		387	387	86.54	91.53	48.85	98.43	0.866	0.545				8fql-assembly1_A	1.625E-07	1.000	371	13.200	4.790E-01	6.779E-01	5.629E-01	6.197E-01	0.959	Escherichia phage HK97	strong_targeted_support	runs/v2_full_test_evidence_regime/structure_panel/esmfold_pdb/YP_007673406.1.pdb
	YP_009882264.1	Twarogvirinae		152	152	86.535	92.355	33.56	97.22	0.901	0.625				7t26-assembly1_A	2.454E-16	1.000	138	52.100	8.474E-01	9.668E-01	8.612E-01	9.530E-01	0.908	Erwinia phage FBB1	strong_targeted_support	runs/v2_full_test_evidence_regime/structure_panel/esmfold_pdb/YP_009882264.1.pdb
	YP_002456087.1	Ounavirinae		214	214	86.495	89.69	58.99	98.15	0.939	0.467				4ru3-assembly1_A	1.353E-11	1.000	216	18.900	6.980E-01	6.729E-01	6.328E-01	6.582E-01	1.009	Pseudomonas phage SN	strong_targeted_support	runs/v2_full_test_evidence_regime/structure_panel/esmfold_pdb/YP_002456087.1.pdb
	YP_010746930.1	Guernseyvirinae		72	72	86.483	91.53	42.22	96.04	0.903	0.556				3vk0-assembly2_B	7.963E-03	1.000	70	22.800	7.975E-01	9.032E-01	8.575E-01	7.204E-01	0.972	Neisseria meningitidis MC58	strong_targeted_support	runs/v2_full_test_evidence_regime/structure_panel/esmfold_pdb/YP_010746930.1.pdb
	YP_010747032.1	Guernseyvirinae		72	72	86.483	91.53	42.22	96.04	0.903	0.556				3vk0-assembly2_B	7.963E-03	1.000	70	22.800	7.975E-01	9.032E-01	8.575E-01	7.204E-01	0.972	Neisseria meningitidis MC58	strong_targeted_support	runs/v2_full_test_evidence_regime/structure_panel/esmfold_pdb/YP_010747032.1.pdb
	YP_009202423.1	Lclasvirinae		435	435	86.472	89.25	52.26	98.84	0.92	0.448				6en2-assembly1_B	4.359E-12	1.000	362	16.500	6.533E-01	8.148E-01	5.937E-01	8.051E-01	0.832	Enterococcus faecalis	strong_targeted_support	runs/v2_full_test_evidence_regime/structure_panel/esmfold_pdb/YP_009202423.1.pdb
	YP_010582177.1	Guernseyvirinae		163	163	86.47	88.97	35.76	94.75	0.969	0.405				1u3e-assembly1_M	1.082E-03	0.999	181	20.400	4.776E-01	4.647E-01	4.520E-01	4.268E-01	1.11	Okubovirus SPO1	strong_targeted_support	runs/v2_full_test_evidence_regime/structure_panel/esmfold_pdb/YP_010582177.1.pdb
	YP_003915072.1	Geminiviridae		258	258	86.437	90.7	55.6	98.02	0.926	0.523				6f2s-assembly1_I	4.558E-32	1.000	204	78.900	8.747E-01	9.555E-01	7.540E-01	9.509E-01	0.791	Ageratum yellow vein virus	strong_targeted_support	runs/v2_full_test_evidence_regime/structure_panel/esmfold_pdb/YP_003915072.1.pdb
	YP_010754380.1	Finkelvirus		317	317	86.431	91.85	35.67	98.09	0.877	0.571				3va3-assembly1_B	5.042E-05	1.000	205	17.500	5.792E-01	7.428E-01	4.624E-01	6.847E-01	0.647	Escherichia coli K-12	strong_targeted_support	runs/v2_full_test_evidence_regime/structure_panel/esmfold_pdb/YP_010754380.1.pdb
	YP_010013385.1	Lclasvirinae		435	435	86.396	89.88	42.31	98.42	0.92	0.492				6en2-assembly1_B	7.310E-11	1.000	362	17.600	5.969E-01	8.104E-01	5.865E-01	7.959E-01	0.832	Enterococcus faecalis	strong_targeted_support	runs/v2_full_test_evidence_regime/structure_panel/esmfold_pdb/YP_010013385.1.pdb
	YP_008239746.1	Guernseyvirinae		227	227	86.367	90.86	39.3	98.15	0.899	0.542				2qrv-assembly2_H	5.852E-06	1.000	281	12.400	4.760E-01	5.873E-01	5.763E-01	5.018E-01	1.238	Homo sapiens	strong_targeted_support	runs/v2_full_test_evidence_regime/structure_panel/esmfold_pdb/YP_008239746.1.pdb
	YP_010748086.1	Guernseyvirinae		489	489	86.358	89.21	38.98	98.77	0.922	0.468				8xb5-assembly1_A	5.997E-32	1.000	475	30.700	7.051E-01	7.585E-01	7.037E-01	7.540E-01	0.971	Acinetobacter phage SH-Ab 15497	strong_targeted_support	runs/v2_full_test_evidence_regime/structure_panel/esmfold_pdb/YP_010748086.1.pdb
	YP_009606702.1	Ounavirinae		214	214	86.336	89.525	60.62	97.88	0.935	0.458				4ru3-assembly1_A	9.646E-12	1.000	215	19.500	7.018E-01	6.418E-01	6.054E-01	6.302E-01	1.005	Pseudomonas phage SN	strong_targeted_support	runs/v2_full_test_evidence_regime/structure_panel/esmfold_pdb/YP_009606702.1.pdb
	YP_004538982.1	Lclasvirinae		435	435	86.317	89.49	42.46	98.84	0.906	0.471				6en1-assembly1_A	2.077E-12	1.000	363	16.500	6.324E-01	8.031E-01	5.886E-01	7.913E-01	0.834	Enterococcus faecalis	strong_targeted_support	runs/v2_full_test_evidence_regime/structure_panel/esmfold_pdb/YP_004538982.1.pdb
	YP_001994899.1	Pukovnikvirus		228	228	86.312	92.32	33.04	98.79	0.851	0.592				2i9k-assembly1_A	2.045E-06	1.000	322	13.300	5.246E-01	6.882E-01	6.587E-01	4.787E-01	1.412	Haemophilus haemolyticus	strong_targeted_support	runs/v2_full_test_evidence_regime/structure_panel/esmfold_pdb/YP_001994899.1.pdb
	YP_009785040.1	Autotranscriptaviridae		728	728	86.304	89.825	46.03	97.09	0.897	0.484				9jyy-assembly1_M	2.272E-19	1.000	691	17.600	6.528E-01	4.070E-01	3.693E-01	3.971E-01	0.949	Escherichia phage T7	local_structural_support	runs/v2_full_test_evidence_regime/structure_panel/esmfold_pdb/YP_009785040.1.pdb
	YP_010582581.1	Guernseyvirinae		497	497	86.301	89.25	49.58	98.53	0.907	0.463				8xb5-assembly1_A	9.861E-34	1.000	478	31.500	7.240E-01	7.820E-01	7.152E-01	7.804E-01	0.962	Acinetobacter phage SH-Ab 15497	strong_targeted_support	runs/v2_full_test_evidence_regime/structure_panel/esmfold_pdb/YP_010582581.1.pdb
	YP_009292522.1	Lclasvirinae		382	382	86.289	88.725	48.41	98.26	0.901	0.421				8i1v-assembly1_C	9.193E-09	1.000	439	11.100	4.976E-01	6.684E-01	5.213E-01	4.783E-01	1.149	Salmonella phage P22	strong_targeted_support	runs/v2_full_test_evidence_regime/structure_panel/esmfold_pdb/YP_009292522.1.pdb
	YP_009177268.1	Ounavirinae		744	744	86.282	88.94	28.81	96.31	0.95	0.415				6r1r-assembly1_A	4.282E-63	1.000	747	32.900	7.897E-01	9.523E-01	9.322E-01	9.396E-01	1.004	Escherichia coli	strong_targeted_support	runs/v2_full_test_evidence_regime/structure_panel/esmfold_pdb/YP_009177268.1.pdb
	YP_009703570.1	Asfarviridae		233	233	86.279	93.27	35.44	97.76	0.88	0.601				7sp7-assembly1_A	6.910E-05	1.000	291	8.200	5.007E-01	6.036E-01	6.013E-01	3.064E-01	1.249	Paramecium bursaria Chlorella virus CZ-2	strong_targeted_support	runs/v2_full_test_evidence_regime/structure_panel/esmfold_pdb/YP_009703570.1.pdb
	YP_009198484.1	Microwolfvirus		97	97	86.232	91.39	48.18	95.06	0.876	0.598				8kbb-assembly1_A	6.585E+00	0.442	43	16.200	5.993E-01	8.335E-01	3.991E-01	3.127E-01	0.443	Clostridioides mangenotii LM2	model_confident_no_clear_pdb_analog	runs/v2_full_test_evidence_regime/structure_panel/esmfold_pdb/YP_009198484.1.pdb
	YP_009854194.1	Ackermannviridae		375	375	86.223	91.27	40.48	97.11	0.885	0.555				3cmu-assembly1_A	1.020E-15	1.000	365	17.500	6.110E-01	7.499E-01	6.853E-01	1.495E-01	0.973	unclassified	strong_targeted_support	runs/v2_full_test_evidence_regime/structure_panel/esmfold_pdb/YP_009854194.1.pdb
	YP_008410913.1	Lclasvirinae		435	435	86.217	89.23	40.88	98.84	0.908	0.469				6en1-assembly1_A	2.623E-12	1.000	363	16.200	6.301E-01	8.024E-01	5.881E-01	7.906E-01	0.834	Enterococcus faecalis	strong_targeted_support	runs/v2_full_test_evidence_regime/structure_panel/esmfold_pdb/YP_008410913.1.pdb
	YP_010013007.1	Lclasvirinae		435	435	86.217	89.23	40.88	98.84	0.908	0.469				6en1-assembly1_A	2.623E-12	1.000	363	16.200	6.301E-01	8.024E-01	5.881E-01	7.906E-01	0.834	Enterococcus faecalis	strong_targeted_support	runs/v2_full_test_evidence_regime/structure_panel/esmfold_pdb/YP_010013007.1.pdb
	NP_740400.1	Ensavirinae		183	183	86.214	89.04	30.33	95.35	0.945	0.443				9ax9-assembly1_B	8.728E-22	1.000	183	44.800	8.997E-01	9.710E-01	9.553E-01	9.657E-01	1.0	enterovirus D68	strong_targeted_support	runs/v2_full_test_evidence_regime/structure_panel/esmfold_pdb/NP_740400.1.pdb
	YP_009187877.1	Sepvirinae		506	506	86.173	90.825	34.86	98.13	0.899	0.538				7r7j-assembly2_B	1.042E-21	1.000	476	20.700	5.683E-01	6.764E-01	5.461E-01	4.877E-01	0.941	Escherichia coli K-12	strong_targeted_support	runs/v2_full_test_evidence_regime/structure_panel/esmfold_pdb/YP_009187877.1.pdb
	YP_010746260.1	Guernseyvirinae		490	490	86.168	89.19	39.47	98.75	0.912	0.465				8xb5-assembly1_A	4.859E-32	1.000	476	30.800	7.033E-01	7.511E-01	6.939E-01	7.481E-01	0.971	Acinetobacter phage SH-Ab 15497	strong_targeted_support	runs/v2_full_test_evidence_regime/structure_panel/esmfold_pdb/YP_010746260.1.pdb
	YP_009017263.1	Lclasvirinae		435	435	86.158	89.14	40.86	98.83	0.908	0.46				6en1-assembly1_A	2.524E-12	1.000	363	16.200	6.295E-01	8.024E-01	5.881E-01	7.906E-01	0.834	Enterococcus faecalis	strong_targeted_support	runs/v2_full_test_evidence_regime/structure_panel/esmfold_pdb/YP_009017263.1.pdb
	YP_009806955.1	Ruthyvirus		310	310	86.157	90.015	47.26	98.12	0.91	0.503				7s4q-assembly1_B	4.975E-11	1.000	300	13.600	5.304E-01	7.266E-01	6.277E-01	6.938E-01	0.968	Myxococcus xanthus	strong_targeted_support	runs/v2_full_test_evidence_regime/structure_panel/esmfold_pdb/YP_009806955.1.pdb
	YP_009292552.1	Lclasvirinae		435	435	86.153	89.12	40.83	98.84	0.906	0.462				6emy-assembly1_B	2.601E-11	1.000	365	16.100	6.330E-01	8.083E-01	5.965E-01	8.012E-01	0.839	Enterococcus faecalis	strong_targeted_support	runs/v2_full_test_evidence_regime/structure_panel/esmfold_pdb/YP_009292552.1.pdb
	YP_010657841.1	Demetervirinae		401	401	86.139	93.43	32.99	98.77	0.84	0.646				6dt7-assembly1_B	1.448E-41	1.000	407	57.700	8.426E-01	8.895E-01	8.873E-01	8.810E-01	1.015	Enquatrovirus N4	strong_targeted_support	runs/v2_full_test_evidence_regime/structure_panel/esmfold_pdb/YP_010657841.1.pdb
	YP_008239630.1	Guernseyvirinae		497	497	86.134	89.31	49.67	98.53	0.905	0.461				8xb5-assembly1_A	1.653E-33	1.000	478	31.500	7.223E-01	7.800E-01	7.133E-01	7.785E-01	0.962	Acinetobacter phage SH-Ab 15497	strong_targeted_support	runs/v2_full_test_evidence_regime/structure_panel/esmfold_pdb/YP_008239630.1.pdb
	YP_010745969.1	Guernseyvirinae		489	489	86.127	89.1	41.61	98.76	0.922	0.464				8xb5-assembly1_A	4.781E-32	1.000	473	30.800	7.062E-01	7.578E-01	6.978E-01	7.517E-01	0.967	Acinetobacter phage SH-Ab 15497	strong_targeted_support	runs/v2_full_test_evidence_regime/structure_panel/esmfold_pdb/YP_010745969.1.pdb
	YP_008433447.1	Baikalvirus		501	501	86.126	90.43	36.18	97.91	0.892	0.525				8gms-assembly1_F	1.087E-21	1.000	433	18.700	6.270E-01	8.177E-01	5.478E-01	7.984E-01	0.864	Escherichia coli	strong_targeted_support	runs/v2_full_test_evidence_regime/structure_panel/esmfold_pdb/YP_008433447.1.pdb
	NP_045945.1	Geminiviridae		276	276	86.114	94.7	44.71	98.77	0.815	0.594				7vg8-assembly1_A	1.492E-10	1.000	108	41.600	8.282E-01	9.425E-01	3.686E-01	9.173E-01	0.391	Tomato yellow leaf curl virus	local_structural_support	runs/v2_full_test_evidence_regime/structure_panel/esmfold_pdb/NP_045945.1.pdb
	YP_007010456.1	Guernseyvirinae		489	489	86.114	89.04	39.61	98.74	0.924	0.46				8xb5-assembly1_A	8.620E-33	1.000	474	30.300	7.040E-01	7.570E-01	6.996E-01	7.525E-01	0.969	Acinetobacter phage SH-Ab 15497	strong_targeted_support	runs/v2_full_test_evidence_regime/structure_panel/esmfold_pdb/YP_007010456.1.pdb
	YP_010745906.1	Guernseyvirinae		489	489	86.106	89.24	39.76	98.75	0.924	0.464				8xb5-assembly1_A	2.472E-32	1.000	474	29.900	7.044E-01	7.608E-01	7.043E-01	7.570E-01	0.969	Acinetobacter phage SH-Ab 15497	strong_targeted_support	runs/v2_full_test_evidence_regime/structure_panel/esmfold_pdb/YP_010745906.1.pdb
	YP_010748217.1	Guernseyvirinae		490	490	86.103	89.295	39.21	98.68	0.904	0.469				8xb5-assembly1_A	3.530E-32	1.000	473	31.000	7.159E-01	7.650E-01	7.053E-01	7.590E-01	0.965	Acinetobacter phage SH-Ab 15497	strong_targeted_support	runs/v2_full_test_evidence_regime/structure_panel/esmfold_pdb/YP_010748217.1.pdb
	YP_010749294.1	Guernseyvirinae		71	71	86.103	90.13	41.61	94.45	0.915	0.521				3qq6-assembly1_A	1.589E-03	1.000	62	29.000	8.431E-01	9.719E-01	8.404E-01	8.638E-01	0.873	Bacillus subtilis	strong_targeted_support	runs/v2_full_test_evidence_regime/structure_panel/esmfold_pdb/YP_010749294.1.pdb
	YP_009818324.1	Drexlerviridae		99	99	86.1	90.73	51.59	96.05	0.879	0.525				7w65-assembly1_A	2.074E-01	0.941	125	8.000	4.878E-01	5.877E-01	4.802E-01	1.472E-01	1.263	Vibrio cholerae	strong_targeted_support	runs/v2_full_test_evidence_regime/structure_panel/esmfold_pdb/YP_009818324.1.pdb
	YP_010747444.1	Guernseyvirinae		489	489	86.094	89.06	39.41	98.74	0.926	0.462				8xb5-assembly1_A	1.090E-31	1.000	474	30.300	7.064E-01	7.569E-01	6.995E-01	7.524E-01	0.969	Acinetobacter phage SH-Ab 15497	strong_targeted_support	runs/v2_full_test_evidence_regime/structure_panel/esmfold_pdb/YP_010747444.1.pdb
	YP_010658686.1	Rhodovirinae		229	229	86.092	91.6	41.71	98.38	0.86	0.555				7uxe-assembly1_A	1.473E+00	0.537	109	16.500	5.733E-01	4.245E-01	2.096E-01	3.722E-01	0.476	Pseudomonas phage vB_PaeM_E217	model_confident_no_clear_pdb_analog	runs/v2_full_test_evidence_regime/structure_panel/esmfold_pdb/YP_010658686.1.pdb
	YP_001110831.1	Guernseyvirinae		489	489	86.091	89.03	40.65	98.75	0.924	0.466				8xb5-assembly1_A	2.699E-32	1.000	474	30.500	7.066E-01	7.566E-01	6.992E-01	7.521E-01	0.969	Acinetobacter phage SH-Ab 15497	strong_targeted_support	runs/v2_full_test_evidence_regime/structure_panel/esmfold_pdb/YP_001110831.1.pdb
	YP_007002859.1	Slopekvirinae		131	131	86.088	87.74	41.98	93.04	0.977	0.191				8bb1-assembly1_E	1.449E-08	1.000	137	24.800	7.343E-01	8.879E-01	8.503E-01	7.642E-01	1.046	Enterobacteria phage T3	strong_targeted_support	runs/v2_full_test_evidence_regime/structure_panel/esmfold_pdb/YP_007002859.1.pdb
	YP_004538950.1	Lclasvirinae		352	352	86.076	91.755	30.17	98.9	0.889	0.591				6qd6-assembly10_J	1.298E+00	0.164	183	12.500	3.253E-01	3.095E-01	1.710E-01	1.609E-01	0.52	Helicobacter pylori	model_confident_no_clear_pdb_analog	runs/v2_full_test_evidence_regime/structure_panel/esmfold_pdb/YP_004538950.1.pdb
	YP_010745842.1	Guernseyvirinae		490	490	86.072	89.22	39.34	98.75	0.914	0.465				8xb5-assembly1_A	1.501E-32	1.000	475	31.300	7.088E-01	7.575E-01	6.995E-01	7.545E-01	0.969	Acinetobacter phage SH-Ab 15497	strong_targeted_support	runs/v2_full_test_evidence_regime/structure_panel/esmfold_pdb/YP_010745842.1.pdb
	YP_010747282.1	Guernseyvirinae		489	489	86.055	89.24	40.11	98.75	0.92	0.462				8xb5-assembly1_A	5.168E-32	1.000	474	30.500	7.078E-01	7.620E-01	7.050E-01	7.575E-01	0.969	Acinetobacter phage SH-Ab 15497	strong_targeted_support	runs/v2_full_test_evidence_regime/structure_panel/esmfold_pdb/YP_010747282.1.pdb
	YP_010013236.1	Lclasvirinae		351	351	86.05	91.01	31.69	98.84	0.892	0.556				7xgg-assembly2_D	3.086E+00	0.301	178	10.100	4.422E-01	4.547E-01	2.288E-01	4.296E-01	0.507	synthetic construct	model_confident_no_clear_pdb_analog	runs/v2_full_test_evidence_regime/structure_panel/esmfold_pdb/YP_010013236.1.pdb
	YP_010747599.1	Guernseyvirinae		489	489	86.044	89.08	39.08	98.75	0.924	0.46				8xb5-assembly1_A	4.644E-32	1.000	474	30.500	7.049E-01	7.556E-01	6.993E-01	7.512E-01	0.969	Acinetobacter phage SH-Ab 15497	strong_targeted_support	runs/v2_full_test_evidence_regime/structure_panel/esmfold_pdb/YP_010747599.1.pdb
	YP_010747936.1	Guernseyvirinae		491	491	86.029	89.4	39.04	98.77	0.9	0.475				8xb5-assembly1_A	2.466E-32	1.000	474	31.400	7.137E-01	7.649E-01	7.049E-01	7.610E-01	0.965	Acinetobacter phage SH-Ab 15497	strong_targeted_support	runs/v2_full_test_evidence_regime/structure_panel/esmfold_pdb/YP_010747936.1.pdb
	YP_010747678.1	Guernseyvirinae		489	489	86.024	88.98	39.55	98.73	0.926	0.466				8xb5-assembly1_A	3.995E-32	1.000	474	30.500	7.081E-01	7.602E-01	7.033E-01	7.559E-01	0.969	Acinetobacter phage SH-Ab 15497	strong_targeted_support	runs/v2_full_test_evidence_regime/structure_panel/esmfold_pdb/YP_010747678.1.pdb
	YP_009342455.1	Riboviria		235	235	86.022	89.22	56.51	97.26	0.898	0.455				2izw-assembly1_C	1.217E-12	1.000	199	16.000	6.802E-01	8.688E-01	6.817E-01	7.642E-01	0.847	Ryegrass mottle virus	strong_targeted_support	runs/v2_full_test_evidence_regime/structure_panel/esmfold_pdb/YP_009342455.1.pdb
	YP_010012876.1	Lclasvirinae		435	435	86.012	89.85	44.09	98.83	0.901	0.485				6en1-assembly1_A	4.389E-12	1.000	365	16.100	6.204E-01	8.000E-01	5.889E-01	7.929E-01	0.839	Enterococcus faecalis	strong_targeted_support	runs/v2_full_test_evidence_regime/structure_panel/esmfold_pdb/YP_010012876.1.pdb
	NP_042597.1	Gammaherpesvirinae		383	383	86.003	89.96	50.12	98.65	0.898	0.499				7vla-assembly1_R	1.732E-20	1.000	303	50.800	7.349E-01	8.864E-01	7.055E-01	8.810E-01	0.791	Homo sapiens	strong_targeted_support	runs/v2_full_test_evidence_regime/structure_panel/esmfold_pdb/NP_042597.1.pdb
	NP_042675.1	Gammaherpesvirinae		383	383	86.003	89.96	50.12	98.65	0.898	0.499				7vla-assembly1_R	1.732E-20	1.000	303	50.800	7.349E-01	8.864E-01	7.055E-01	8.810E-01	0.791	Homo sapiens	strong_targeted_support	runs/v2_full_test_evidence_regime/structure_panel/esmfold_pdb/NP_042675.1.pdb
	YP_010748383.1	Guernseyvirinae		489	489	86.002	89.25	41.14	98.74	0.922	0.458				8xb5-assembly1_A	5.404E-32	1.000	473	30.400	7.087E-01	7.647E-01	7.057E-01	7.593E-01	0.967	Acinetobacter phage SH-Ab 15497	strong_targeted_support	runs/v2_full_test_evidence_regime/structure_panel/esmfold_pdb/YP_010748383.1.pdb
	YP_009833155.1	Ackermannviridae		560	560	85.996	92.455	32.24	98.66	0.85	0.58				5hx2-assembly1_D	3.578E-24	1.000	651	15.200	5.697E-01	6.912E-01	6.772E-01	5.977E-01	1.163	Tequatrovirus T4	strong_targeted_support	runs/v2_full_test_evidence_regime/structure_panel/esmfold_pdb/YP_009833155.1.pdb
	YP_010746441.1	Guernseyvirinae		490	490	85.98	89.065	39.12	98.75	0.914	0.465				8xb5-assembly1_A	4.439E-32	1.000	475	30.700	7.058E-01	7.536E-01	6.952E-01	7.490E-01	0.969	Acinetobacter phage SH-Ab 15497	strong_targeted_support	runs/v2_full_test_evidence_regime/structure_panel/esmfold_pdb/YP_010746441.1.pdb
	YP_010078651.1	Gervaisevirus		150	150	85.966	88.19	50.39	95.78	0.94	0.393				1u3e-assembly1_M	1.433E-03	1.000	109	22.000	5.331E-01	5.921E-01	4.054E-01	3.550E-01	0.727	Okubovirus SPO1	strong_targeted_support	runs/v2_full_test_evidence_regime/structure_panel/esmfold_pdb/YP_010078651.1.pdb
	YP_010078703.1	Gervaisevirus		150	150	85.966	88.19	50.39	95.78	0.94	0.393				1u3e-assembly1_M	1.433E-03	1.000	109	22.000	5.331E-01	5.921E-01	4.054E-01	3.550E-01	0.727	Okubovirus SPO1	strong_targeted_support	runs/v2_full_test_evidence_regime/structure_panel/esmfold_pdb/YP_010078703.1.pdb
	YP_010747795.1	Guernseyvirinae		489	489	85.962	89.13	47.15	98.74	0.912	0.468				8xb5-assembly1_A	1.018E-31	1.000	470	30.800	7.117E-01	7.637E-01	6.992E-01	7.530E-01	0.961	Acinetobacter phage SH-Ab 15497	strong_targeted_support	runs/v2_full_test_evidence_regime/structure_panel/esmfold_pdb/YP_010747795.1.pdb
	YP_007005422.1	Drexlerviridae		321	321	85.951	88.42	51.88	98.1	0.913	0.43				3idh-assembly1_A	6.570E+00	0.076	41	7.300	2.454E-01	5.266E-01	9.747E-02	7.187E-02	0.128	Homo sapiens	model_confident_no_clear_pdb_analog	runs/v2_full_test_evidence_regime/structure_panel/esmfold_pdb/YP_007005422.1.pdb
	YP_010357021.1	Helgolandviridae		181	181	85.947	87.19	57.96	97.11	0.967	0.331				4ye7-assembly2_B	2.989E-01	0.632	119	8.400	4.628E-01	5.257E-01	3.127E-01	4.997E-01	0.657	Cydia pomonella granulosis virus (isolate Mexican)	model_confident_no_clear_pdb_analog	runs/v2_full_test_evidence_regime/structure_panel/esmfold_pdb/YP_010357021.1.pdb
	YP_010658618.1	Rhodovirinae		261	261	85.924	88.67	49.49	97.69	0.92	0.437				6dt7-assembly1_A	6.725E-21	1.000	271	39.100	7.484E-01	7.978E-01	7.870E-01	7.764E-01	1.038	Enquatrovirus N4	strong_targeted_support	runs/v2_full_test_evidence_regime/structure_panel/esmfold_pdb/YP_010658618.1.pdb
	YP_010746819.1	Guernseyvirinae		490	490	85.912	88.91	39.24	98.75	0.91	0.455				8xb5-assembly1_A	2.968E-32	1.000	474	30.500	7.096E-01	7.563E-01	6.982E-01	7.519E-01	0.967	Acinetobacter phage SH-Ab 15497	strong_targeted_support	runs/v2_full_test_evidence_regime/structure_panel/esmfold_pdb/YP_010746819.1.pdb
	YP_010100932.1	Lclasvirinae		435	435	85.906	89.33	39.46	98.79	0.913	0.467				6en2-assembly1_B	3.754E-12	1.000	362	17.600	6.413E-01	8.187E-01	5.966E-01	8.090E-01	0.832	Enterococcus faecalis	strong_targeted_support	runs/v2_full_test_evidence_regime/structure_panel/esmfold_pdb/YP_010100932.1.pdb
	YP_010012844.1	Lclasvirinae		352	352	85.896	91.385	28.75	98.89	0.886	0.591				6egc-assembly1_A	2.134E+00	0.233	156	9.600	4.104E-01	3.524E-01	1.849E-01	3.348E-01	0.443	synthetic construct	model_confident_no_clear_pdb_analog	runs/v2_full_test_evidence_regime/structure_panel/esmfold_pdb/YP_010012844.1.pdb
	YP_010749516.1	Guernseyvirinae		131	131	85.887	89.97	52.93	96.34	0.878	0.489				1yb3-assembly1_A	5.151E+00	0.063	131	10.600	3.398E-01	3.868E-01	3.018E-01	2.565E-01	1.0	Pyrococcus furiosus	model_confident_no_clear_pdb_analog	runs/v2_full_test_evidence_regime/structure_panel/esmfold_pdb/YP_010749516.1.pdb
	YP_010681753.1	Heleneionescovirinae		115	115	85.884	91.36	48.98	95.97	0.87	0.583				1e1j-assembly1_A	9.817E+00	0.233	39	15.300	4.920E-01	9.097E-01	3.264E-01	3.596E-01	0.339	Homo sapiens	model_confident_no_clear_pdb_analog	runs/v2_full_test_evidence_regime/structure_panel/esmfold_pdb/YP_010681753.1.pdb
	YP_001648938.1	Sepvirinae		177	177	85.883	89.18	37.64	96.3	0.944	0.458				4zpu-assembly1_A	5.292E-09	1.000	180	30.500	6.854E-01	8.241E-01	7.595E-01	8.103E-01	1.017	Escherichia coli K-12	strong_targeted_support	runs/v2_full_test_evidence_regime/structure_panel/esmfold_pdb/YP_001648938.1.pdb
	YP_010012722.1	Lclasvirinae		351	351	85.882	92.12	30.48	98.79	0.889	0.581				3pja-assembly1_L	1.054E+00	0.150	179	11.700	3.115E-01	2.835E-01	1.460E-01	2.092E-01	0.51	Homo sapiens	model_confident_no_clear_pdb_analog	runs/v2_full_test_evidence_regime/structure_panel/esmfold_pdb/YP_010012722.1.pdb
	YP_010582213.1	Guernseyvirinae		497	497	85.844	89.03	47.87	98.52	0.893	0.455				8xb5-assembly1_A	1.572E-33	1.000	477	31.600	7.213E-01	7.782E-01	7.118E-01	7.766E-01	0.96	Acinetobacter phage SH-Ab 15497	strong_targeted_support	runs/v2_full_test_evidence_regime/structure_panel/esmfold_pdb/YP_010582213.1.pdb
	YP_009608623.1	Guernseyvirinae		491	491	85.838	89.1	38.93	98.75	0.892	0.47				8xb5-assembly1_A	4.708E-32	1.000	473	31.900	7.174E-01	7.641E-01	7.054E-01	7.595E-01	0.963	Acinetobacter phage SH-Ab 15497	strong_targeted_support	runs/v2_full_test_evidence_regime/structure_panel/esmfold_pdb/YP_009608623.1.pdb
	YP_010746910.1	Guernseyvirinae		491	491	85.815	89.19	38.47	98.77	0.894	0.473				8xb5-assembly1_A	3.736E-32	1.000	476	31.700	7.173E-01	7.610E-01	7.013E-01	7.564E-01	0.969	Acinetobacter phage SH-Ab 15497	strong_targeted_support	runs/v2_full_test_evidence_regime/structure_panel/esmfold_pdb/YP_010746910.1.pdb
	YP_009621569.1	Ounavirinae		207	207	85.774	89.87	49.7	98.22	0.903	0.493				8eon-assembly1_F	8.694E-11	1.000	222	15.700	6.802E-01	7.668E-01	7.635E-01	7.261E-01	1.072	Pseudomonas phage vB_PaeM_E217	strong_targeted_support	runs/v2_full_test_evidence_regime/structure_panel/esmfold_pdb/YP_009621569.1.pdb
	YP_010582425.1	Guernseyvirinae		497	497	85.738	89.08	49.96	98.53	0.889	0.461				8xb5-assembly1_A	1.686E-33	1.000	476	31.500	7.169E-01	7.706E-01	7.024E-01	7.690E-01	0.958	Acinetobacter phage SH-Ab 15497	strong_targeted_support	runs/v2_full_test_evidence_regime/structure_panel/esmfold_pdb/YP_010582425.1.pdb
	YP_009008487.1	Enquatrovirinae		859	859	85.723	87.51	49.61	96.79	0.946	0.318				7r0k-assembly1_A	5.466E-30	1.000	770	20.600	6.089E-01	7.652E-01	6.112E-01	7.304E-01	0.896	Thermus phage G20c	strong_targeted_support	runs/v2_full_test_evidence_regime/structure_panel/esmfold_pdb/YP_009008487.1.pdb
	YP_010012622.1	Lclasvirinae		430	430	85.713	89.035	43.88	98.84	0.874	0.458				6emy-assembly1_B	2.720E-12	1.000	361	16.300	6.290E-01	8.029E-01	5.974E-01	7.959E-01	0.84	Enterococcus faecalis	strong_targeted_support	runs/v2_full_test_evidence_regime/structure_panel/esmfold_pdb/YP_010012622.1.pdb
	YP_010061903.1	Timshelvirus		120	120	85.706	88.97	35.02	94.69	0.933	0.4				2y1v-assembly3_C	7.754E-01	0.233	71	14.000	4.029E-01	4.784E-01	2.942E-01	7.498E-02	0.592	Streptococcus pneumoniae TIGR4	model_confident_no_clear_pdb_analog	runs/v2_full_test_evidence_regime/structure_panel/esmfold_pdb/YP_010061903.1.pdb
	YP_003857167.1	Lclasvirinae		435	435	85.701	89.39	39.31	98.8	0.903	0.467				6en2-assembly1_B	3.595E-12	1.000	362	17.600	6.447E-01	8.200E-01	5.974E-01	8.102E-01	0.832	Enterococcus faecalis	strong_targeted_support	runs/v2_full_test_evidence_regime/structure_panel/esmfold_pdb/YP_003857167.1.pdb
	YP_009635880.1	Lclasvirinae		435	435	85.701	89.39	39.31	98.8	0.903	0.467				6en2-assembly1_B	3.595E-12	1.000	362	17.600	6.447E-01	8.200E-01	5.974E-01	8.102E-01	0.832	Enterococcus faecalis	strong_targeted_support	runs/v2_full_test_evidence_regime/structure_panel/esmfold_pdb/YP_009635880.1.pdb
	YP_010101341.1	Lclasvirinae		435	435	85.701	89.39	39.31	98.8	0.903	0.467				6en2-assembly1_B	3.595E-12	1.000	362	17.600	6.447E-01	8.200E-01	5.974E-01	8.102E-01	0.832	Enterococcus faecalis	strong_targeted_support	runs/v2_full_test_evidence_regime/structure_panel/esmfold_pdb/YP_010101341.1.pdb
	YP_010105437.1	Lclasvirinae		435	435	85.701	89.39	39.31	98.8	0.903	0.467				6en2-assembly1_B	3.595E-12	1.000	362	17.600	6.447E-01	8.200E-01	5.974E-01	8.102E-01	0.832	Enterococcus faecalis	strong_targeted_support	runs/v2_full_test_evidence_regime/structure_panel/esmfold_pdb/YP_010105437.1.pdb
	YP_010114735.1	Lclasvirinae		435	435	85.701	89.39	39.31	98.8	0.903	0.467				6en2-assembly1_B	3.595E-12	1.000	362	17.600	6.447E-01	8.200E-01	5.974E-01	8.102E-01	0.832	Enterococcus faecalis	strong_targeted_support	runs/v2_full_test_evidence_regime/structure_panel/esmfold_pdb/YP_010114735.1.pdb
	YP_010012986.1	Lclasvirinae		304	304	85.697	89.335	42.79	98.32	0.888	0.474				2x8k-assembly1_C	1.785E-09	1.000	290	11.300	5.197E-01	7.678E-01	6.196E-01	7.539E-01	0.954	Bacillus phage SPP1	strong_targeted_support	runs/v2_full_test_evidence_regime/structure_panel/esmfold_pdb/YP_010012986.1.pdb
	YP_010582307.1	Guernseyvirinae		497	497	85.683	89.03	49.8	98.54	0.891	0.455				8xb5-assembly1_A	1.258E-33	1.000	477	31.800	7.174E-01	7.695E-01	7.014E-01	7.679E-01	0.96	Acinetobacter phage SH-Ab 15497	strong_targeted_support	runs/v2_full_test_evidence_regime/structure_panel/esmfold_pdb/YP_010582307.1.pdb
	YP_009197002.1	Lclasvirinae		356	356	85.677	91.645	26.74	98.67	0.888	0.567				6qd6-assembly10_J	1.201E+00	0.150	145	12.400	3.210E-01	2.949E-01	1.366E-01	1.295E-01	0.407	Helicobacter pylori	model_confident_no_clear_pdb_analog	runs/v2_full_test_evidence_regime/structure_panel/esmfold_pdb/YP_009197002.1.pdb
	YP_010012465.1	Lclasvirinae		356	356	85.677	91.645	26.74	98.67	0.888	0.567				6qd6-assembly10_J	1.201E+00	0.150	145	12.400	3.210E-01	2.949E-01	1.366E-01	1.295E-01	0.407	Helicobacter pylori	model_confident_no_clear_pdb_analog	runs/v2_full_test_evidence_regime/structure_panel/esmfold_pdb/YP_010012465.1.pdb
	YP_009874071.1	Rhodovirinae		229	229	85.673	91.35	37.67	98.33	0.847	0.546				7m4z-assembly1_n	6.572E+00	0.887	33	24.200	8.143E-01	9.276E-01	1.406E-01	3.161E-01	0.144	Acinetobacter baumannii AB0057	model_confident_no_clear_pdb_analog	runs/v2_full_test_evidence_regime/structure_panel/esmfold_pdb/YP_009874071.1.pdb
	YP_008408694.1	Lclasvirinae		430	430	85.632	88.975	42.71	98.84	0.879	0.458				6en1-assembly1_A	7.938E-13	1.000	362	17.600	6.333E-01	7.976E-01	5.926E-01	7.882E-01	0.842	Enterococcus faecalis	strong_targeted_support	runs/v2_full_test_evidence_regime/structure_panel/esmfold_pdb/YP_008408694.1.pdb
	YP_009885320.1	Twarogvirinae		145	145	85.627	90.45	43.51	96.59	0.903	0.524				1mk0-assembly1_A	4.154E-03	1.000	101	22.700	6.109E-01	7.077E-01	4.624E-01	6.573E-01	0.697	Tequatrovirus T4	strong_targeted_support	runs/v2_full_test_evidence_regime/structure_panel/esmfold_pdb/YP_009885320.1.pdb
	YP_009197031.1	Lclasvirinae		430	430	85.615	89.51	47.49	98.83	0.872	0.465				6en1-assembly1_A	1.916E-12	1.000	367	16.600	6.194E-01	7.980E-01	5.961E-01	7.933E-01	0.853	Enterococcus faecalis	strong_targeted_support	runs/v2_full_test_evidence_regime/structure_panel/esmfold_pdb/YP_009197031.1.pdb
	YP_010012494.1	Lclasvirinae		430	430	85.615	89.51	47.49	98.83	0.872	0.465				6en1-assembly1_A	1.916E-12	1.000	367	16.600	6.194E-01	7.980E-01	5.961E-01	7.933E-01	0.853	Enterococcus faecalis	strong_targeted_support	runs/v2_full_test_evidence_regime/structure_panel/esmfold_pdb/YP_010012494.1.pdb
	YP_009666203.1	Drexlerviridae		318	318	85.584	86.69	51.97	97.97	0.925	0.352				4mtm-assembly1_A-3	4.346E+00	0.164	78	11.500	3.297E-01	5.607E-01	1.583E-01	3.197E-01	0.245	Acinetobacter phage AP22	model_confident_no_clear_pdb_analog	runs/v2_full_test_evidence_regime/structure_panel/esmfold_pdb/YP_009666203.1.pdb
	YP_009618705.1	Ounavirinae		488	488	85.577	90.225	33.66	98.71	0.865	0.51				4zjn-assembly1_A	4.797E-16	1.000	417	16.500	6.274E-01	7.399E-01	5.781E-01	6.713E-01	0.855	Bacteriophage sp.	strong_targeted_support	runs/v2_full_test_evidence_regime/structure_panel/esmfold_pdb/YP_009618705.1.pdb
	YP_011879400.1	Drexlerviridae		162	162	85.525	90.595	41.58	97.78	0.883	0.549				4fyp-assembly1_B	3.103E-05	1.000	153	17.600	6.650E-01	8.013E-01	7.092E-01	5.308E-01	0.944	Arabidopsis thaliana	strong_targeted_support	runs/v2_full_test_evidence_regime/structure_panel/esmfold_pdb/YP_011879400.1.pdb
	YP_010582683.1	Guernseyvirinae		163	163	85.508	89.86	26.93	95.72	0.914	0.497				6irx-assembly1_A	2.299E-04	1.000	160	10.600	4.438E-01	7.004E-01	5.828E-01	2.263E-01	0.982	Danio rerio	strong_targeted_support	runs/v2_full_test_evidence_regime/structure_panel/esmfold_pdb/YP_010582683.1.pdb
	YP_009635851.1	Lclasvirinae		351	351	85.502	91.78	30.05	98.81	0.886	0.556				1ya7-assembly1_O	3.053E-01	0.254	217	10.100	3.153E-01	2.581E-01	1.623E-01	2.223E-01	0.618	Trypanosoma brucei	model_confident_no_clear_pdb_analog	runs/v2_full_test_evidence_regime/structure_panel/esmfold_pdb/YP_009635851.1.pdb
	YP_010062380.1	Kimonavirus		155	155	85.491	88.09	35.56	96.22	0.91	0.471				6mdx-assembly1_A	1.040E-03	1.000	174	19.500	4.950E-01	5.446E-01	5.135E-01	4.439E-01	1.123	Homo sapiens	strong_targeted_support	runs/v2_full_test_evidence_regime/structure_panel/esmfold_pdb/YP_010062380.1.pdb
	YP_010582349.1	Guernseyvirinae		59	59	85.47	89.73	63.84	93.47	0.864	0.475				2luy-assembly1_A	1.019E+00	0.692	46	17.300	6.547E-01	7.582E-01	5.656E-01	3.701E-01	0.78	Schizosaccharomyces pombe 972h-	strong_targeted_support	runs/v2_full_test_evidence_regime/structure_panel/esmfold_pdb/YP_010582349.1.pdb
	YP_010109674.1	Frickvirinae		346	346	85.456	88.7	47.34	97.26	0.893	0.416				6sx4-assembly2_BBB	2.395E-14	1.000	339	22.700	5.402E-01	5.369E-01	4.344E-01	2.625E-01	0.98	Corynebacterium glutamicum	strong_targeted_support	runs/v2_full_test_evidence_regime/structure_panel/esmfold_pdb/YP_010109674.1.pdb
	YP_009621570.1	Ounavirinae		325	325	85.429	88.68	50.48	98.02	0.883	0.422				9b45-assembly1_f	2.561E-14	1.000	346	11.200	5.802E-01	6.965E-01	6.198E-01	6.952E-01	1.065	Pseudomonas virus Pa193	strong_targeted_support	runs/v2_full_test_evidence_regime/structure_panel/esmfold_pdb/YP_009621570.1.pdb
	YP_010657857.1	Demetervirinae		104	104	85.423	87.295	56.18	93.6	0.942	0.221				2mab-assembly1_B	7.258E+00	0.082	93	13.900	4.186E-01	4.383E-01	3.914E-01	3.766E-01	0.894	Trichonephila antipodiana	model_confident_no_clear_pdb_analog	runs/v2_full_test_evidence_regime/structure_panel/esmfold_pdb/YP_010657857.1.pdb
	YP_009199409.1	Ounavirinae		325	325	85.421	88.89	50.04	97.98	0.874	0.422				9b45-assembly1_f	1.069E-13	1.000	347	10.600	5.564E-01	6.781E-01	6.013E-01	6.758E-01	1.068	Pseudomonas virus Pa193	strong_targeted_support	runs/v2_full_test_evidence_regime/structure_panel/esmfold_pdb/YP_009199409.1.pdb
	YP_010061927.1	Timshelvirus		680	680	85.411	89.765	25.28	96.8	0.919	0.485				1l1l-assembly4_D	1.609E-46	1.000	739	31.500	7.029E-01	8.301E-01	8.092E-01	7.696E-01	1.087	Lactobacillus leichmannii	strong_targeted_support	runs/v2_full_test_evidence_regime/structure_panel/esmfold_pdb/YP_010061927.1.pdb
	NP_944910.1	Ounavirinae		325	325	85.398	88.85	49.34	98.04	0.871	0.431				9b45-assembly1_f	1.572E-13	1.000	347	10.300	5.814E-01	6.988E-01	6.190E-01	6.966E-01	1.068	Pseudomonas virus Pa193	strong_targeted_support	runs/v2_full_test_evidence_regime/structure_panel/esmfold_pdb/NP_944910.1.pdb
	YP_009600270.1	Ounavirinae		325	325	85.398	88.85	49.34	98.04	0.871	0.431				9b45-assembly1_f	1.572E-13	1.000	347	10.300	5.814E-01	6.988E-01	6.190E-01	6.966E-01	1.068	Pseudomonas virus Pa193	strong_targeted_support	runs/v2_full_test_evidence_regime/structure_panel/esmfold_pdb/YP_009600270.1.pdb
	YP_009618591.1	Ounavirinae		325	325	85.393	89.01	49.95	98.32	0.874	0.434				7aef-assembly1_q	5.648E-14	1.000	394	10.600	5.856E-01	6.269E-01	6.201E-01	3.693E-01	1.212	Algoriphagus machipongonensis	strong_targeted_support	runs/v2_full_test_evidence_regime/structure_panel/esmfold_pdb/YP_009618591.1.pdb
	YP_009851256.1	Menderavirus		200	200	85.393	91.51	41.6	97.88	0.845	0.565				5iv5-assembly1_W	5.581E-11	1.000	201	16.900	6.898E-01	7.529E-01	7.152E-01	7.422E-01	1.005	Tequatrovirus T4	strong_targeted_support	runs/v2_full_test_evidence_regime/structure_panel/esmfold_pdb/YP_009851256.1.pdb
	YP_009204828.1	Slopekvirinae		340	340	85.391	91.135	44.5	98.31	0.838	0.553				8em6-assembly1_A-2	4.170E-44	1.000	310	78.300	7.483E-01	8.655E-01	7.753E-01	8.601E-01	0.912	Shigella phage Buco	strong_targeted_support	runs/v2_full_test_evidence_regime/structure_panel/esmfold_pdb/YP_009204828.1.pdb
	YP_010747193.1	Guernseyvirinae		492	492	85.384	88.88	39.61	98.75	0.884	0.459				8xb5-assembly1_A	2.076E-32	1.000	474	31.000	7.109E-01	7.569E-01	6.962E-01	7.525E-01	0.963	Acinetobacter phage SH-Ab 15497	strong_targeted_support	runs/v2_full_test_evidence_regime/structure_panel/esmfold_pdb/YP_010747193.1.pdb
	YP_010747246.1	Guernseyvirinae		492	492	85.369	88.875	38.59	98.74	0.882	0.459				8xb5-assembly1_A	6.845E-33	1.000	474	31.000	7.124E-01	7.574E-01	6.960E-01	7.530E-01	0.963	Acinetobacter phage SH-Ab 15497	strong_targeted_support	runs/v2_full_test_evidence_regime/structure_panel/esmfold_pdb/YP_010747246.1.pdb
	YP_010676169.1	Ounavirinae		325	325	85.355	88.71	49.69	98.1	0.874	0.425				9b45-assembly1_f	1.918E-13	1.000	347	10.000	5.837E-01	6.988E-01	6.191E-01	6.965E-01	1.068	Pseudomonas virus Pa193	strong_targeted_support	runs/v2_full_test_evidence_regime/structure_panel/esmfold_pdb/YP_010676169.1.pdb
	YP_010102099.1	Frickvirinae		346	346	85.297	88.855	47.0	97.25	0.89	0.405				6sx4-assembly4_DDD	6.859E-14	1.000	339	22.700	5.383E-01	5.300E-01	4.289E-01	2.592E-01	0.98	Corynebacterium glutamicum	strong_targeted_support	runs/v2_full_test_evidence_regime/structure_panel/esmfold_pdb/YP_010102099.1.pdb
	YP_010103052.1	Frickvirinae		346	346	85.297	88.855	47.0	97.25	0.89	0.405				6sx4-assembly4_DDD	6.859E-14	1.000	339	22.700	5.383E-01	5.300E-01	4.289E-01	2.592E-01	0.98	Corynebacterium glutamicum	strong_targeted_support	runs/v2_full_test_evidence_regime/structure_panel/esmfold_pdb/YP_010103052.1.pdb
	YP_009147337.1	Ounavirinae		325	325	85.278	88.76	48.72	98.08	0.868	0.428				9b45-assembly1_f	2.658E-13	1.000	347	10.600	5.851E-01	7.010E-01	6.207E-01	6.988E-01	1.068	Pseudomonas virus Pa193	strong_targeted_support	runs/v2_full_test_evidence_regime/structure_panel/esmfold_pdb/YP_009147337.1.pdb
	YP_009288251.1	Ounavirinae		325	325	85.278	88.76	48.72	98.08	0.868	0.428				9b45-assembly1_f	2.658E-13	1.000	347	10.600	5.851E-01	7.010E-01	6.207E-01	6.988E-01	1.068	Pseudomonas virus Pa193	strong_targeted_support	runs/v2_full_test_evidence_regime/structure_panel/esmfold_pdb/YP_009288251.1.pdb
	YP_010754328.1	Finkelvirus		189	189	85.276	88.7	54.5	98.58	0.857	0.471				1w2w-assembly2_J	1.133E+00	0.663	52	15.300	6.308E-01	5.953E-01	1.531E-01	1.513E-01	0.275	Saccharomyces cerevisiae	model_confident_no_clear_pdb_analog	runs/v2_full_test_evidence_regime/structure_panel/esmfold_pdb/YP_010754328.1.pdb
	YP_009177313.1	Ounavirinae		325	325	85.274	88.96	48.83	98.25	0.865	0.431				9b45-assembly1_f	1.436E-13	1.000	348	10.000	5.731E-01	6.921E-01	6.132E-01	6.899E-01	1.071	Pseudomonas virus Pa193	strong_targeted_support	runs/v2_full_test_evidence_regime/structure_panel/esmfold_pdb/YP_009177313.1.pdb
	YP_009606605.1	Ounavirinae		325	325	85.274	88.96	48.83	98.25	0.865	0.431				9b45-assembly1_f	1.436E-13	1.000	348	10.000	5.731E-01	6.921E-01	6.132E-01	6.899E-01	1.071	Pseudomonas virus Pa193	strong_targeted_support	runs/v2_full_test_evidence_regime/structure_panel/esmfold_pdb/YP_009606605.1.pdb
	YP_003857137.1	Lclasvirinae		351	351	85.271	91.32	29.11	98.81	0.886	0.538				1ya7-assembly1_O	3.839E-01	0.233	199	9.500	3.061E-01	2.784E-01	1.643E-01	2.245E-01	0.567	Trypanosoma brucei	model_confident_no_clear_pdb_analog	runs/v2_full_test_evidence_regime/structure_panel/esmfold_pdb/YP_003857137.1.pdb
	YP_010101312.1	Lclasvirinae		351	351	85.271	91.32	29.11	98.81	0.886	0.538				1ya7-assembly1_O	3.839E-01	0.233	199	9.500	3.061E-01	2.784E-01	1.643E-01	2.245E-01	0.567	Trypanosoma brucei	model_confident_no_clear_pdb_analog	runs/v2_full_test_evidence_regime/structure_panel/esmfold_pdb/YP_010101312.1.pdb
	YP_010105408.1	Lclasvirinae		351	351	85.271	91.32	29.11	98.81	0.886	0.538				1ya7-assembly1_O	3.839E-01	0.233	199	9.500	3.061E-01	2.784E-01	1.643E-01	2.245E-01	0.567	Trypanosoma brucei	model_confident_no_clear_pdb_analog	runs/v2_full_test_evidence_regime/structure_panel/esmfold_pdb/YP_010105408.1.pdb
	YP_010114706.1	Lclasvirinae		351	351	85.271	91.32	29.11	98.81	0.886	0.538				1ya7-assembly1_O	3.839E-01	0.233	199	9.500	3.061E-01	2.784E-01	1.643E-01	2.245E-01	0.567	Trypanosoma brucei	model_confident_no_clear_pdb_analog	runs/v2_full_test_evidence_regime/structure_panel/esmfold_pdb/YP_010114706.1.pdb
	YP_010748852.1	Guernseyvirinae		168	168	85.271	87.97	52.65	95.61	0.917	0.381				7et4-assembly2_D	2.241E-02	1.000	51	33.300	7.450E-01	9.338E-01	2.927E-01	4.667E-01	0.304	Arabidopsis thaliana	foldseek_only_low_model_confidence	runs/v2_full_test_evidence_regime/structure_panel/esmfold_pdb/YP_010748852.1.pdb
	YP_009908140.1	Sepvirinae		175	175	85.255	89.91	37.47	95.82	0.886	0.491				6irw-assembly1_A	1.145E-04	1.000	163	14.100	5.350E-01	7.529E-01	6.021E-01	2.352E-01	0.931	Homo sapiens	strong_targeted_support	runs/v2_full_test_evidence_regime/structure_panel/esmfold_pdb/YP_009908140.1.pdb
	YP_009214226.1	Yongloolinvirus		127	127	85.253	90.36	57.45	95.16	0.898	0.512				1sd6-assembly1_B	7.644E-07	1.000	119	23.500	7.707E-01	7.959E-01	7.361E-01	7.857E-01	0.937	Staphylococcus aureus	strong_targeted_support	runs/v2_full_test_evidence_regime/structure_panel/esmfold_pdb/YP_009214226.1.pdb
	YP_009880920.1	Twarogvirinae		151	151	85.246	90.19	34.92	95.63	0.874	0.517				7t26-assembly1_A	3.625E-16	1.000	142	50.700	8.351E-01	9.313E-01	8.345E-01	9.180E-01	0.94	Erwinia phage FBB1	strong_targeted_support	runs/v2_full_test_evidence_regime/structure_panel/esmfold_pdb/YP_009880920.1.pdb
	YP_009881552.1	Twarogvirinae		151	151	85.246	90.19	34.92	95.63	0.874	0.517				7t26-assembly1_A	3.625E-16	1.000	142	50.700	8.351E-01	9.313E-01	8.345E-01	9.180E-01	0.94	Erwinia phage FBB1	strong_targeted_support	runs/v2_full_test_evidence_regime/structure_panel/esmfold_pdb/YP_009881552.1.pdb
	YP_009150177.1	Ounavirinae		325	325	85.24	88.72	48.66	98.06	0.868	0.418				9b45-assembly1_f	3.117E-13	1.000	346	9.800	5.788E-01	7.013E-01	6.220E-01	6.990E-01	1.065	Pseudomonas virus Pa193	strong_targeted_support	runs/v2_full_test_evidence_regime/structure_panel/esmfold_pdb/YP_009150177.1.pdb
	YP_009845683.1	Ackermannviridae		171	171	85.237	90.04	53.74	96.12	0.86	0.503				8urn-assembly1_A	3.544E-01	0.984	145	20.000	5.186E-01	7.242E-01	5.010E-01	5.583E-01	0.848	Escherichia coli	strong_targeted_support	runs/v2_full_test_evidence_regime/structure_panel/esmfold_pdb/YP_009845683.1.pdb
	YP_009145706.1	Ounavirinae		325	325	85.227	88.88	48.44	98.25	0.868	0.428				9b45-assembly1_f	2.420E-13	1.000	348	10.000	5.733E-01	6.927E-01	6.133E-01	6.905E-01	1.071	Pseudomonas virus Pa193	strong_targeted_support	runs/v2_full_test_evidence_regime/structure_panel/esmfold_pdb/YP_009145706.1.pdb
	YP_009552476.1	Gammaherpesvirinae		1047	1047	85.226	91.71	25.05	97.94	0.877	0.58				8oj6-assembly1_A	1.138E-82	1.000	1029	38.300	7.586E-01	8.927E-01	8.277E-01	8.004E-01	0.983	Human alphaherpesvirus 1 strain KOS	strong_targeted_support	runs/v2_full_test_evidence_regime/structure_panel/esmfold_pdb/YP_009552476.1.pdb
	YP_002922859.1	Ounavirinae		325	325	85.218	88.67	49.16	98.09	0.871	0.415				9b45-assembly1_f	4.720E-13	1.000	346	9.500	5.840E-01	7.011E-01	6.222E-01	6.988E-01	1.065	Pseudomonas virus Pa193	strong_targeted_support	runs/v2_full_test_evidence_regime/structure_panel/esmfold_pdb/YP_002922859.1.pdb
	YP_009606910.1	Ounavirinae		325	325	85.218	88.67	49.16	98.09	0.871	0.415				9b45-assembly1_f	4.720E-13	1.000	346	9.500	5.840E-01	7.011E-01	6.222E-01	6.988E-01	1.065	Pseudomonas virus Pa193	strong_targeted_support	runs/v2_full_test_evidence_regime/structure_panel/esmfold_pdb/YP_009606910.1.pdb
	NP_050531.1	Sepvirinae		175	175	85.214	89.89	37.44	95.79	0.886	0.486				6irw-assembly1_A	7.741E-05	1.000	163	14.100	5.362E-01	7.537E-01	6.023E-01	2.355E-01	0.931	Homo sapiens	strong_targeted_support	runs/v2_full_test_evidence_regime/structure_panel/esmfold_pdb/NP_050531.1.pdb
	YP_001648926.1	Sepvirinae		175	175	85.214	89.89	37.44	95.79	0.886	0.486				6irw-assembly1_A	7.741E-05	1.000	163	14.100	5.362E-01	7.537E-01	6.023E-01	2.355E-01	0.931	Homo sapiens	strong_targeted_support	runs/v2_full_test_evidence_regime/structure_panel/esmfold_pdb/YP_001648926.1.pdb
	YP_009204973.1	Ounavirinae		325	325	85.189	88.67	48.52	98.06	0.868	0.415				9b45-assembly1_f	4.472E-13	1.000	349	10.000	5.783E-01	6.913E-01	6.124E-01	6.891E-01	1.074	Pseudomonas virus Pa193	strong_targeted_support	runs/v2_full_test_evidence_regime/structure_panel/esmfold_pdb/YP_009204973.1.pdb
	YP_010681492.1	Heleneionescovirinae		568	568	85.128	90.015	35.25	98.03	0.852	0.502				3cpe-assembly1_A	7.256E-16	1.000	540	13.100	5.236E-01	4.750E-01	3.920E-01	4.015E-01	0.951	Tequatrovirus T4	local_structural_support	runs/v2_full_test_evidence_regime/structure_panel/esmfold_pdb/YP_010681492.1.pdb
	YP_009043771.1	Rhodovirinae		229	229	85.108	90.5	40.24	98.35	0.847	0.528				7uxe-assembly1_A	4.532E-01	0.601	113	19.400	5.427E-01	3.356E-01	1.477E-01	2.873E-01	0.493	Pseudomonas phage vB_PaeM_E217	model_confident_no_clear_pdb_analog	runs/v2_full_test_evidence_regime/structure_panel/esmfold_pdb/YP_009043771.1.pdb
	YP_009875551.1	Rhodovirinae		230	230	85.106	90.71	40.74	98.43	0.826	0.543				7nww-assembly1_r	8.091E+00	0.632	39	25.600	7.803E-01	7.921E-01	1.531E-01	3.311E-01	0.17	Escherichia coli	model_confident_no_clear_pdb_analog	runs/v2_full_test_evidence_regime/structure_panel/esmfold_pdb/YP_009875551.1.pdb
	YP_010114782.1	Lclasvirinae		425	425	85.08	88.22	34.54	98.25	0.899	0.435				6vtd-assembly1_A	3.520E-14	1.000	419	15.500	5.101E-01	7.243E-01	5.898E-01	7.205E-01	0.986	Naegleria gruberi	strong_targeted_support	runs/v2_full_test_evidence_regime/structure_panel/esmfold_pdb/YP_010114782.1.pdb
	YP_002899005.1	Rhodovirinae		229	229	85.077	91.18	35.3	98.4	0.834	0.524				7m4z-assembly1_n	7.301E+00	0.837	33	21.200	8.153E-01	9.281E-01	1.406E-01	3.161E-01	0.144	Acinetobacter baumannii AB0057	model_confident_no_clear_pdb_analog	runs/v2_full_test_evidence_regime/structure_panel/esmfold_pdb/YP_002899005.1.pdb
	YP_009268634.1	Ensavirinae		150	150	85.075	90.18	30.29	95.97	0.913	0.507				9fgo-assembly1_A	7.833E-24	1.000	144	94.400	8.933E-01	9.554E-01	9.121E-01	9.180E-01	0.96	Enterovirus A71	strong_targeted_support	runs/v2_full_test_evidence_regime/structure_panel/esmfold_pdb/YP_009268634.1.pdb
	YP_009146315.1	Ounavirinae		325	325	85.074	88.71	46.85	98.05	0.865	0.418				7aef-assembly1_q	1.965E-14	1.000	384	10.100	6.064E-01	6.360E-01	6.078E-01	3.573E-01	1.182	Algoriphagus machipongonensis	strong_targeted_support	runs/v2_full_test_evidence_regime/structure_panel/esmfold_pdb/YP_009146315.1.pdb
	YP_001661461.1	Geminiviridae		328	328	85.06	89.645	43.26	98.43	0.857	0.491				1l5i-assembly1_A	2.197E-18	1.000	118	77.900	7.875E-01	9.085E-01	3.411E-01	9.014E-01	0.36	Tomato yellow leaf curl Sardinia virus	local_structural_support	runs/v2_full_test_evidence_regime/structure_panel/esmfold_pdb/YP_001661461.1.pdb
	YP_010110061.1	Frickvirinae		185	185	85.06	89.33	47.88	98.39	0.87	0.481				1iuh-assembly1_A	4.055E-05	1.000	188	17.000	5.230E-01	7.112E-01	5.935E-01	5.992E-01	1.016	Thermus thermophilus	strong_targeted_support	runs/v2_full_test_evidence_regime/structure_panel/esmfold_pdb/YP_010110061.1.pdb
	YP_009885331.1	Twarogvirinae		151	151	85.049	90.2	35.66	95.61	0.868	0.517				7t26-assembly1_A	3.973E-16	1.000	138	51.400	8.374E-01	9.556E-01	8.576E-01	9.421E-01	0.914	Erwinia phage FBB1	strong_targeted_support	runs/v2_full_test_evidence_regime/structure_panel/esmfold_pdb/YP_009885331.1.pdb
	YP_009198783.1	Benedictvirus		279	279	85.043	89.71	34.32	97.04	0.892	0.487				3lhp-assembly1_S	1.037E+00	0.301	135	14.800	3.370E-01	3.947E-01	2.014E-01	3.827E-01	0.484	synthetic construct	model_confident_no_clear_pdb_analog	runs/v2_full_test_evidence_regime/structure_panel/esmfold_pdb/YP_009198783.1.pdb
	YP_003359170.1	Ensavirinae		150	150	85.031	88.595	24.93	95.23	0.947	0.42				9fgo-assembly1_A	9.262E-21	1.000	143	65.700	9.018E-01	9.804E-01	9.290E-01	9.352E-01	0.953	Enterovirus A71	strong_targeted_support	runs/v2_full_test_evidence_regime/structure_panel/esmfold_pdb/YP_003359170.1.pdb
	NP_042815.1	Asfarviridae		509	509	85.026	88.78	37.1	97.96	0.9	0.442				7o72-assembly1_7	1.545E-16	1.000	532	12.700	4.911E-01	6.738E-01	6.079E-01	5.129E-01	1.045	Saccharomyces cerevisiae S288C	strong_targeted_support	runs/v2_full_test_evidence_regime/structure_panel/esmfold_pdb/NP_042815.1.pdb
	YP_009702369.1	Asfarviridae		509	509	85.026	88.78	37.1	97.96	0.9	0.442				7o72-assembly1_7	1.545E-16	1.000	532	12.700	4.911E-01	6.738E-01	6.079E-01	5.129E-01	1.045	Saccharomyces cerevisiae S288C	strong_targeted_support	runs/v2_full_test_evidence_regime/structure_panel/esmfold_pdb/YP_009702369.1.pdb
	YP_009703178.1	Asfarviridae		509	509	85.026	88.78	37.1	97.96	0.9	0.442				7o72-assembly1_7	1.545E-16	1.000	532	12.700	4.911E-01	6.738E-01	6.079E-01	5.129E-01	1.045	Saccharomyces cerevisiae S288C	strong_targeted_support	runs/v2_full_test_evidence_regime/structure_panel/esmfold_pdb/YP_009703178.1.pdb
	YP_009703402.1	Asfarviridae		509	509	85.026	88.78	37.1	97.96	0.9	0.442				7o72-assembly1_7	1.545E-16	1.000	532	12.700	4.911E-01	6.738E-01	6.079E-01	5.129E-01	1.045	Saccharomyces cerevisiae S288C	strong_targeted_support	runs/v2_full_test_evidence_regime/structure_panel/esmfold_pdb/YP_009703402.1.pdb
	YP_009703574.1	Asfarviridae		509	509	85.026	88.78	37.1	97.96	0.9	0.442				7o72-assembly1_7	1.545E-16	1.000	532	12.700	4.911E-01	6.738E-01	6.079E-01	5.129E-01	1.045	Saccharomyces cerevisiae S288C	strong_targeted_support	runs/v2_full_test_evidence_regime/structure_panel/esmfold_pdb/YP_009703574.1.pdb
	YP_009703729.1	Asfarviridae		509	509	85.026	88.78	37.1	97.96	0.9	0.442				7o72-assembly1_7	1.545E-16	1.000	532	12.700	4.911E-01	6.738E-01	6.079E-01	5.129E-01	1.045	Saccharomyces cerevisiae S288C	strong_targeted_support	runs/v2_full_test_evidence_regime/structure_panel/esmfold_pdb/YP_009703729.1.pdb
	YP_009703890.1	Asfarviridae		509	509	85.026	88.78	37.1	97.96	0.9	0.442				7o72-assembly1_7	1.545E-16	1.000	532	12.700	4.911E-01	6.738E-01	6.079E-01	5.129E-01	1.045	Saccharomyces cerevisiae S288C	strong_targeted_support	runs/v2_full_test_evidence_regime/structure_panel/esmfold_pdb/YP_009703890.1.pdb
	YP_009284790.1	Frickvirinae		192	192	85.011	89.035	48.7	98.06	0.865	0.448				1iuh-assembly1_A	3.149E-05	1.000	189	19.000	5.421E-01	6.677E-01	5.782E-01	6.018E-01	0.984	Thermus thermophilus	strong_targeted_support	runs/v2_full_test_evidence_regime/structure_panel/esmfold_pdb/YP_009284790.1.pdb
	YP_010096624.1	Frickvirinae		192	192	85.011	89.035	48.7	98.06	0.865	0.448				1iuh-assembly1_A	3.149E-05	1.000	189	19.000	5.421E-01	6.677E-01	5.782E-01	6.018E-01	0.984	Thermus thermophilus	strong_targeted_support	runs/v2_full_test_evidence_regime/structure_panel/esmfold_pdb/YP_010096624.1.pdb
	YP_010102077.1	Frickvirinae		192	192	85.011	89.035	48.7	98.06	0.865	0.448				1iuh-assembly1_A	3.149E-05	1.000	189	19.000	5.421E-01	6.677E-01	5.782E-01	6.018E-01	0.984	Thermus thermophilus	strong_targeted_support	runs/v2_full_test_evidence_regime/structure_panel/esmfold_pdb/YP_010102077.1.pdb
	YP_010102365.1	Frickvirinae		192	192	85.011	89.035	48.7	98.06	0.865	0.448				1iuh-assembly1_A	3.149E-05	1.000	189	19.000	5.421E-01	6.677E-01	5.782E-01	6.018E-01	0.984	Thermus thermophilus	strong_targeted_support	runs/v2_full_test_evidence_regime/structure_panel/esmfold_pdb/YP_010102365.1.pdb
	YP_010103030.1	Frickvirinae		192	192	85.011	89.035	48.7	98.06	0.865	0.448				1iuh-assembly1_A	3.149E-05	1.000	189	19.000	5.421E-01	6.677E-01	5.782E-01	6.018E-01	0.984	Thermus thermophilus	strong_targeted_support	runs/v2_full_test_evidence_regime/structure_panel/esmfold_pdb/YP_010103030.1.pdb
	YP_009637914.1	Benedictvirus		279	279	84.997	89.95	34.37	97.21	0.892	0.487				3lhp-assembly1_S	6.919E-01	0.382	135	14.800	3.367E-01	3.964E-01	2.011E-01	3.836E-01	0.484	synthetic construct	model_confident_no_clear_pdb_analog	runs/v2_full_test_evidence_regime/structure_panel/esmfold_pdb/YP_009637914.1.pdb
	YP_010101979.1	Frickvirinae		192	192	84.984	88.965	51.56	97.71	0.859	0.448				5h7f-assembly1_A	2.920E-06	1.000	190	17.800	5.470E-01	6.283E-01	5.498E-01	5.751E-01	0.99	Deinococcus radiodurans	strong_targeted_support	runs/v2_full_test_evidence_regime/structure_panel/esmfold_pdb/YP_010101979.1.pdb
	YP_010103621.1	Frickvirinae		192	192	84.984	88.965	51.56	97.71	0.859	0.448				5h7f-assembly1_A	2.920E-06	1.000	190	17.800	5.470E-01	6.283E-01	5.498E-01	5.751E-01	0.99	Deinococcus radiodurans	strong_targeted_support	runs/v2_full_test_evidence_regime/structure_panel/esmfold_pdb/YP_010103621.1.pdb
	YP_010107653.1	Frickvirinae		192	192	84.984	88.965	51.56	97.71	0.859	0.448				5h7f-assembly1_A	2.920E-06	1.000	190	17.800	5.470E-01	6.283E-01	5.498E-01	5.751E-01	0.99	Deinococcus radiodurans	strong_targeted_support	runs/v2_full_test_evidence_regime/structure_panel/esmfold_pdb/YP_010107653.1.pdb
	YP_009886504.1	Twarogvirinae		308	308	84.978	89.975	41.99	98.26	0.86	0.497				2a1k-assembly1_A	7.158E-33	1.000	212	64.600	8.595E-01	9.743E-01	6.719E-01	9.566E-01	0.688	Escherichia phage RB69	strong_targeted_support	runs/v2_full_test_evidence_regime/structure_panel/esmfold_pdb/YP_009886504.1.pdb
	YP_009168841.1	Guernseyvirinae		322	322	84.97	87.645	45.76	97.88	0.901	0.373				8xb6-assembly1_T	2.417E-25	1.000	299	31.700	6.803E-01	8.384E-01	7.658E-01	7.708E-01	0.929	Acinetobacter phage SH-Ab 15497	strong_targeted_support	runs/v2_full_test_evidence_regime/structure_panel/esmfold_pdb/YP_009168841.1.pdb
	YP_009100061.1	Pairvirus		213	213	84.952	89.53	35.63	98.77	0.897	0.484				5tey-assembly1_A	1.314E-16	1.000	204	26.900	6.729E-01	8.350E-01	7.119E-01	7.383E-01	0.958	Homo sapiens	strong_targeted_support	runs/v2_full_test_evidence_regime/structure_panel/esmfold_pdb/YP_009100061.1.pdb
	YP_010100821.1	Frickvirinae		184	184	84.897	88.69	44.7	98.03	0.88	0.446				1iuh-assembly1_A	4.693E-06	1.000	185	20.500	5.182E-01	6.973E-01	5.828E-01	5.855E-01	1.005	Thermus thermophilus	strong_targeted_support	runs/v2_full_test_evidence_regime/structure_panel/esmfold_pdb/YP_010100821.1.pdb
	YP_009818307.1	Drexlerviridae		369	369	84.883	91.41	41.87	98.5	0.856	0.561				6cqo-assembly2_F	7.936E-02	0.233	173	7.500	2.918E-01	3.078E-01	9.495E-02	2.946E-01	0.469	Saccharomyces cerevisiae S288C	model_confident_no_clear_pdb_analog	runs/v2_full_test_evidence_regime/structure_panel/esmfold_pdb/YP_009818307.1.pdb
	YP_009600832.1	Lacusarxvirus		458	458	84.85	89.76	37.06	97.75	0.867	0.48				6emy-assembly1_B	2.100E-05	1.000	341	12.900	4.959E-01	6.928E-01	4.690E-01	6.590E-01	0.745	Enterococcus faecalis	strong_targeted_support	runs/v2_full_test_evidence_regime/structure_panel/esmfold_pdb/YP_009600832.1.pdb
	YP_007675790.1	Rhodovirinae		229	229	84.833	88.95	33.87	98.38	0.878	0.459				7m4z-assembly1_n	5.600E+00	0.900	32	18.700	8.182E-01	9.537E-01	1.374E-01	3.108E-01	0.14	Acinetobacter baumannii AB0057	model_confident_no_clear_pdb_analog	runs/v2_full_test_evidence_regime/structure_panel/esmfold_pdb/YP_007675790.1.pdb
	YP_004538961.1	Lclasvirinae		304	304	84.825	87.91	39.9	97.99	0.888	0.418				2x8k-assembly1_C	2.606E-09	1.000	290	11.000	5.104E-01	7.666E-01	6.195E-01	7.529E-01	0.954	Bacillus phage SPP1	strong_targeted_support	runs/v2_full_test_evidence_regime/structure_panel/esmfold_pdb/YP_004538961.1.pdb
	YP_010096665.1	Frickvirinae		318	318	84.825	92.23	33.37	98.93	0.802	0.553				8urk-assembly1_B	2.082E-19	1.000	309	23.900	6.727E-01	8.600E-01	6.804E-01	8.566E-01	0.972	Burkholderia cenocepacia	strong_targeted_support	runs/v2_full_test_evidence_regime/structure_panel/esmfold_pdb/YP_010096665.1.pdb
	YP_009886486.1	Twarogvirinae		174	174	84.801	88.34	45.57	94.61	0.891	0.368				5lop-assembly1_A	1.123E-06	1.000	132	18.100	6.288E-01	8.172E-01	5.774E-01	4.009E-01	0.759	Kluyveromyces lactis NRRL Y-1140	strong_targeted_support	runs/v2_full_test_evidence_regime/structure_panel/esmfold_pdb/YP_009886486.1.pdb
	YP_009167707.1	Slopekvirinae		460	460	84.767	88.405	43.53	97.52	0.874	0.428				5w6f-assembly1_C	2.866E-23	1.000	477	25.700	7.199E-01	8.423E-01	8.201E-01	6.235E-01	1.037	Kuttervirus CBA120	strong_targeted_support	runs/v2_full_test_evidence_regime/structure_panel/esmfold_pdb/YP_009167707.1.pdb
	YP_010012753.1	Lclasvirinae		449	449	84.757	88.41	38.38	98.9	0.842	0.439				6emy-assembly1_A	6.200E-11	1.000	360	16.300	5.606E-01	7.682E-01	5.414E-01	7.501E-01	0.802	Enterococcus faecalis	strong_targeted_support	runs/v2_full_test_evidence_regime/structure_panel/esmfold_pdb/YP_010012753.1.pdb
	YP_009336896.1	Riboviria		220	220	84.74	88.035	48.6	96.5	0.895	0.405				1opo-assembly1_C	1.131E-09	1.000	168	10.700	7.007E-01	8.637E-01	6.474E-01	5.382E-01	0.764	Carnation mottle virus	strong_targeted_support	runs/v2_full_test_evidence_regime/structure_panel/esmfold_pdb/YP_009336896.1.pdb
	YP_009886177.1	Twarogvirinae		151	151	84.734	89.38	36.61	95.26	0.868	0.497				7t27-assembly1_A	3.595E-16	1.000	143	51.700	8.424E-01	9.427E-01	8.640E-01	9.297E-01	0.947	Erwinia phage FBB1	strong_targeted_support	runs/v2_full_test_evidence_regime/structure_panel/esmfold_pdb/YP_009886177.1.pdb
	YP_002922891.1	Ounavirinae		661	661	84.706	90.42	39.27	98.29	0.815	0.511				6n9w-assembly1_B	8.623E-32	1.000	510	26.600	6.303E-01	8.737E-01	6.220E-01	8.481E-01	0.772	Escherichia phage T7	strong_targeted_support	runs/v2_full_test_evidence_regime/structure_panel/esmfold_pdb/YP_002922891.1.pdb
	YP_010749383.1	Guernseyvirinae		204	204	84.701	88.42	53.75	98.13	0.868	0.446				6mkz-assembly1_A	2.359E-06	1.000	172	11.600	5.289E-01	6.641E-01	5.157E-01	6.223E-01	0.843	Mus musculus	strong_targeted_support	runs/v2_full_test_evidence_regime/structure_panel/esmfold_pdb/YP_010749383.1.pdb
	YP_010098180.1	Frickvirinae		182	182	84.695	86.53	47.52	97.37	0.907	0.352				1iuh-assembly1_A	4.702E-06	1.000	193	19.600	5.177E-01	6.746E-01	5.751E-01	5.724E-01	1.06	Thermus thermophilus	strong_targeted_support	runs/v2_full_test_evidence_regime/structure_panel/esmfold_pdb/YP_010098180.1.pdb
	YP_010109279.1	Frickvirinae		182	182	84.695	86.53	47.52	97.37	0.907	0.352				1iuh-assembly1_A	4.702E-06	1.000	193	19.600	5.177E-01	6.746E-01	5.751E-01	5.724E-01	1.06	Thermus thermophilus	strong_targeted_support	runs/v2_full_test_evidence_regime/structure_panel/esmfold_pdb/YP_010109279.1.pdb
	YP_010109651.1	Frickvirinae		182	182	84.695	86.53	47.52	97.37	0.907	0.352				1iuh-assembly1_A	4.702E-06	1.000	193	19.600	5.177E-01	6.746E-01	5.751E-01	5.724E-01	1.06	Thermus thermophilus	strong_targeted_support	runs/v2_full_test_evidence_regime/structure_panel/esmfold_pdb/YP_010109651.1.pdb
	YP_009638098.1	Benedictvirus		279	279	84.692	89.2	39.78	96.4	0.896	0.462				3lhp-assembly1_S	2.691E+00	0.442	128	13.200	4.227E-01	5.629E-01	2.328E-01	5.080E-01	0.459	synthetic construct	model_confident_no_clear_pdb_analog	runs/v2_full_test_evidence_regime/structure_panel/esmfold_pdb/YP_009638098.1.pdb
	YP_009838060.1	Beephvirinae		605	605	84.654	87.54	47.75	98.23	0.873	0.39				7sxk-assembly1_c	1.797E-06	1.000	613	10.200	4.386E-01	5.436E-01	4.895E-01	5.150E-01	1.013	Bruynoghevirus PaP3	strong_targeted_support	runs/v2_full_test_evidence_regime/structure_panel/esmfold_pdb/YP_009838060.1.pdb
	YP_010103067.1	Frickvirinae		282	282	84.649	89.05	39.61	97.28	0.904	0.472				3l0a-assembly1_A	1.253E-06	1.000	256	12.100	5.525E-01	7.337E-01	6.114E-01	6.450E-01	0.908	Agathobacter rectalis ATCC 33656	strong_targeted_support	runs/v2_full_test_evidence_regime/structure_panel/esmfold_pdb/YP_010103067.1.pdb
	YP_009808644.1	Drexlerviridae		55	55	84.639	86.46	56.95	90.86	0.945	0.055				1gau-assembly1_A	5.629E+00	0.034	28	25.000	3.925E-01	3.880E-01	2.078E-01	1.921E-01	0.509	Gallus gallus	model_confident_no_clear_pdb_analog	runs/v2_full_test_evidence_regime/structure_panel/esmfold_pdb/YP_009808644.1.pdb
	YP_009284655.1	Drexlerviridae		382	382	84.637	90.62	38.01	98.42	0.848	0.516				8fz8-assembly1_A	3.812E+00	0.106	27	14.800	3.488E-01	5.441E-01	5.443E-02	5.349E-02	0.071	Streptomyces nodosus	model_confident_no_clear_pdb_analog	runs/v2_full_test_evidence_regime/structure_panel/esmfold_pdb/YP_009284655.1.pdb
	YP_009875558.1	Rhodovirinae		233	233	84.635	89.94	37.14	98.38	0.833	0.489				7nww-assembly1_r	6.773E+00	0.692	39	28.200	7.626E-01	8.012E-01	1.518E-01	3.328E-01	0.167	Escherichia coli	model_confident_no_clear_pdb_analog	runs/v2_full_test_evidence_regime/structure_panel/esmfold_pdb/YP_009875558.1.pdb
	YP_010102271.1	Frickvirinae		192	192	84.623	88.5	50.62	97.79	0.844	0.417				5jj2-assembly1_A	1.172E-03	1.000	213	15.000	4.808E-01	6.290E-01	5.538E-01	5.130E-01	1.109	Homo sapiens	strong_targeted_support	runs/v2_full_test_evidence_regime/structure_panel/esmfold_pdb/YP_010102271.1.pdb
	YP_009796918.1	Drexlerviridae		55	55	84.593	86.5	55.9	90.95	0.945	0.055				8qpb-assembly1_7	6.913E+00	0.034	43	11.600	4.605E-01	3.742E-01	2.887E-01	1.510E-01	0.782	Homo sapiens	model_confident_no_clear_pdb_analog	runs/v2_full_test_evidence_regime/structure_panel/esmfold_pdb/YP_009796918.1.pdb
	YP_009206170.1	Yongloolinvirus		103	103	84.528	88.11	43.0	91.97	0.922	0.243				2rh3-assembly1_A	2.979E-02	0.988	121	9.000	5.113E-01	5.516E-01	5.439E-01	4.848E-01	1.175	Agrobacterium tumefaciens	strong_targeted_support	runs/v2_full_test_evidence_regime/structure_panel/esmfold_pdb/YP_009206170.1.pdb
	YP_009324456.1	Galunavirus		183	183	84.524	89.13	56.27	97.36	0.852	0.448				6irw-assembly2_B	1.455E-04	1.000	166	12.600	5.402E-01	7.236E-01	5.977E-01	2.480E-01	0.907	Homo sapiens	strong_targeted_support	runs/v2_full_test_evidence_regime/structure_panel/esmfold_pdb/YP_009324456.1.pdb
	NP_740449.1	Ensavirinae		150	150	84.523	88.54	31.07	95.29	0.9	0.42				9fgo-assembly1_A	3.707E-20	1.000	145	59.300	8.663E-01	9.610E-01	9.236E-01	9.296E-01	0.967	Enterovirus A71	strong_targeted_support	runs/v2_full_test_evidence_regime/structure_panel/esmfold_pdb/NP_740449.1.pdb
	YP_010746244.1	Guernseyvirinae		172	172	84.509	87.18	36.85	96.12	0.924	0.297				1gcc-assembly1_A	1.256E-01	0.999	48	29.100	6.499E-01	8.827E-01	2.473E-01	6.410E-01	0.279	Arabidopsis thaliana	foldseek_only_low_model_confidence	runs/v2_full_test_evidence_regime/structure_panel/esmfold_pdb/YP_010746244.1.pdb
	YP_010085889.1	Gammaherpesvirinae		201	201	84.505	90.08	39.23	98.03	0.836	0.502				3lss-assembly1_A	2.565E+00	0.772	76	9.200	7.424E-01	8.678E-01	3.419E-01	1.618E-01	0.378	Trypanosoma brucei	model_confident_no_clear_pdb_analog	runs/v2_full_test_evidence_regime/structure_panel/esmfold_pdb/YP_010085889.1.pdb
	YP_009617951.1	Guernseyvirinae		227	227	84.502	89.74	40.51	98.37	0.855	0.485				2qrv-assembly2_H	2.290E-05	1.000	285	11.500	4.638E-01	5.708E-01	5.605E-01	4.882E-01	1.256	Homo sapiens	strong_targeted_support	runs/v2_full_test_evidence_regime/structure_panel/esmfold_pdb/YP_009617951.1.pdb
	YP_009819237.1	Slopekvirinae		178	178	84.444	89.5	47.11	97.53	0.848	0.472				1u3e-assembly1_M	1.152E-01	0.978	96	20.800	5.347E-01	6.470E-01	3.428E-01	3.499E-01	0.539	Okubovirus SPO1	local_structural_support	runs/v2_full_test_evidence_regime/structure_panel/esmfold_pdb/YP_009819237.1.pdb
	YP_010658201.1	Demetervirinae		225	225	84.439	88.45	38.35	97.85	0.849	0.436				4znv-assembly1_A	1.300E+00	0.164	129	6.900	4.483E-01	2.756E-01	1.750E-01	1.678E-01	0.573	Homo sapiens	model_confident_no_clear_pdb_analog	runs/v2_full_test_evidence_regime/structure_panel/esmfold_pdb/YP_010658201.1.pdb
	YP_009903284.1	Drexlerviridae		376	376	84.424	90.41	31.95	98.08	0.864	0.519				6cqo-assembly2_F	4.287E-01	0.116	177	6.700	2.964E-01	2.933E-01	9.125E-02	2.812E-01	0.471	Saccharomyces cerevisiae S288C	model_confident_no_clear_pdb_analog	runs/v2_full_test_evidence_regime/structure_panel/esmfold_pdb/YP_009903284.1.pdb
	YP_010096719.1	Frickvirinae		197	197	84.418	88.48	50.6	97.43	0.838	0.457				1vgj-assembly1_A	1.341E-04	1.000	196	13.700	4.933E-01	6.440E-01	5.534E-01	5.865E-01	0.995	Pyrococcus horikoshii	strong_targeted_support	runs/v2_full_test_evidence_regime/structure_panel/esmfold_pdb/YP_010096719.1.pdb
	YP_010102172.1	Frickvirinae		197	197	84.418	88.48	50.6	97.43	0.838	0.457				1vgj-assembly1_A	1.341E-04	1.000	196	13.700	4.933E-01	6.440E-01	5.534E-01	5.865E-01	0.995	Pyrococcus horikoshii	strong_targeted_support	runs/v2_full_test_evidence_regime/structure_panel/esmfold_pdb/YP_010102172.1.pdb
	YP_009274056.1	Frickvirinae		197	197	84.387	88.02	47.28	97.87	0.832	0.447				5h7f-assembly1_A	6.112E-05	1.000	188	19.600	5.445E-01	6.658E-01	5.642E-01	6.047E-01	0.954	Deinococcus radiodurans	strong_targeted_support	runs/v2_full_test_evidence_regime/structure_panel/esmfold_pdb/YP_009274056.1.pdb
	YP_010104232.1	Frickvirinae		197	197	84.387	88.02	47.28	97.87	0.832	0.447				5h7f-assembly1_A	6.112E-05	1.000	188	19.600	5.445E-01	6.658E-01	5.642E-01	6.047E-01	0.954	Deinococcus radiodurans	strong_targeted_support	runs/v2_full_test_evidence_regime/structure_panel/esmfold_pdb/YP_010104232.1.pdb
	YP_009836134.1	Beephvirinae		320	320	84.365	89.045	38.89	98.08	0.831	0.459				8h89-assembly1_A	1.366E-13	1.000	326	13.400	5.557E-01	7.655E-01	6.788E-01	6.028E-01	1.019	Ralstonia phage GP4	strong_targeted_support	runs/v2_full_test_evidence_regime/structure_panel/esmfold_pdb/YP_009836134.1.pdb
	YP_009822392.1	Ackermannviridae		759	759	84.362	88.74	26.29	96.51	0.893	0.374				4r1r-assembly1_A	2.283E-85	1.000	745	47.600	8.449E-01	9.721E-01	9.380E-01	9.708E-01	0.982	Escherichia coli	strong_targeted_support	runs/v2_full_test_evidence_regime/structure_panel/esmfold_pdb/YP_009822392.1.pdb
	YP_009032043.1	Enquatrovirinae		272	272	84.312	85.925	52.92	97.0	0.919	0.312				6dt7-assembly1_A	2.851E-33	1.000	268	64.100	8.204E-01	7.736E-01	7.538E-01	7.711E-01	0.985	Enquatrovirus N4	strong_targeted_support	runs/v2_full_test_evidence_regime/structure_panel/esmfold_pdb/YP_009032043.1.pdb
	YP_009207683.1	Benedictvirus		135	135	84.31	89.66	49.08	96.09	0.83	0.459				9d94-assembly1_If	2.143E-16	1.000	148	48.600	7.871E-01	8.836E-01	8.773E-01	8.103E-01	1.096	Mycobacterium phage Bxb1	strong_targeted_support	runs/v2_full_test_evidence_regime/structure_panel/esmfold_pdb/YP_009207683.1.pdb
	YP_950537.1	Enquatrovirinae		763	763	84.307	89.95	44.43	97.82	0.826	0.498				7sxk-assembly1_k	2.593E-15	1.000	652	15.900	5.743E-01	7.398E-01	5.334E-01	7.018E-01	0.855	Bruynoghevirus PaP3	strong_targeted_support	runs/v2_full_test_evidence_regime/structure_panel/esmfold_pdb/YP_950537.1.pdb
	YP_008857947.1	Benedictvirus		279	279	84.292	89.16	33.72	96.07	0.885	0.448				3lhp-assembly1_S	2.210E+00	0.505	128	13.200	4.213E-01	5.631E-01	2.328E-01	5.082E-01	0.459	synthetic construct	model_confident_no_clear_pdb_analog	runs/v2_full_test_evidence_regime/structure_panel/esmfold_pdb/YP_008857947.1.pdb
	YP_009836099.1	Beephvirinae		273	273	84.279	87.9	40.56	98.29	0.875	0.425				6ppr-assembly1_A	1.708E-06	1.000	265	15.000	5.091E-01	6.934E-01	6.100E-01	2.242E-01	0.971	Mycolicibacterium smegmatis	strong_targeted_support	runs/v2_full_test_evidence_regime/structure_panel/esmfold_pdb/YP_009836099.1.pdb
	YP_010115753.1	Drexlerviridae		230	230	84.273	89.15	45.99	98.09	0.826	0.474				7x9d-assembly1_D	1.119E-06	1.000	300	14.300	4.747E-01	6.101E-01	5.968E-01	5.095E-01	1.304	Homo sapiens	strong_targeted_support	runs/v2_full_test_evidence_regime/structure_panel/esmfold_pdb/YP_010115753.1.pdb
	YP_010782872.1	Geminiviridae		242	242	84.268	91.605	47.04	98.16	0.798	0.554				6f2s-assembly1_I	1.586E-16	1.000	208	19.700	7.739E-01	8.723E-01	7.207E-01	8.519E-01	0.86	Ageratum yellow vein virus	strong_targeted_support	runs/v2_full_test_evidence_regime/structure_panel/esmfold_pdb/YP_010782872.1.pdb
	NP_740530.1	Ensavirinae		150	150	84.242	89.215	27.73	95.83	0.907	0.447				9fgo-assembly1_A	1.096E-24	1.000	144	96.500	8.969E-01	9.598E-01	9.162E-01	9.222E-01	0.96	Enterovirus A71	strong_targeted_support	runs/v2_full_test_evidence_regime/structure_panel/esmfold_pdb/NP_740530.1.pdb
	YP_010050965.1	Ruthgordonvirinae		223	223	84.241	88.03	47.99	97.48	0.874	0.439				2c3f-assembly1_A	5.190E-04	1.000	110	24.500	6.363E-01	5.452E-01	2.803E-01	2.076E-01	0.493	Streptococcus pyogenes	foldseek_only_low_model_confidence	runs/v2_full_test_evidence_regime/structure_panel/esmfold_pdb/YP_010050965.1.pdb
	YP_009207676.1	Benedictvirus		279	279	84.216	88.83	34.64	97.05	0.896	0.427				3lhp-assembly1_S	2.101E+00	0.505	128	14.000	4.197E-01	5.522E-01	2.299E-01	4.980E-01	0.459	synthetic construct	model_confident_no_clear_pdb_analog	runs/v2_full_test_evidence_regime/structure_panel/esmfold_pdb/YP_009207676.1.pdb
	YP_009850205.1	Marfavirus		246	246	84.214	90.205	39.1	96.96	0.837	0.508				8vaa-assembly1_Q	1.180E+00	0.997	67	11.900	8.636E-01	9.305E-01	2.646E-01	8.932E-01	0.272	Legionella pneumophila	foldseek_only_low_model_confidence	runs/v2_full_test_evidence_regime/structure_panel/esmfold_pdb/YP_009850205.1.pdb
	YP_009055530.1	Enquatrovirinae		391	391	84.195	88.14	39.63	98.09	0.862	0.417				8fd7-assembly1_D	2.997E-03	1.000	163	12.800	5.196E-01	7.685E-01	2.812E-01	1.224E-01	0.417	Oryctolagus cuniculus	foldseek_only_low_model_confidence	runs/v2_full_test_evidence_regime/structure_panel/esmfold_pdb/YP_009055530.1.pdb
	YP_009836162.1	Beephvirinae		268	268	84.178	90.15	36.4	97.62	0.843	0.5				6ppr-assembly1_A	1.165E-07	1.000	260	15.700	5.080E-01	6.861E-01	6.020E-01	2.168E-01	0.97	Mycolicibacterium smegmatis	strong_targeted_support	runs/v2_full_test_evidence_regime/structure_panel/esmfold_pdb/YP_009836162.1.pdb
	YP_009118391.1	Gammaherpesvirinae		383	383	84.142	89.15	52.63	98.0	0.82	0.467				6wwz-assembly1_R	1.383E-11	1.000	314	30.200	6.431E-01	8.561E-01	6.941E-01	8.458E-01	0.82	Homo sapiens	strong_targeted_support	runs/v2_full_test_evidence_regime/structure_panel/esmfold_pdb/YP_009118391.1.pdb
	NP_740541.1	Ensavirinae		150	150	84.138	88.785	26.49	94.91	0.913	0.447				9fgo-assembly1_A	5.629E-22	1.000	145	73.700	9.026E-01	9.731E-01	9.349E-01	9.411E-01	0.967	Enterovirus A71	strong_targeted_support	runs/v2_full_test_evidence_regime/structure_panel/esmfold_pdb/NP_740541.1.pdb
	YP_002791011.1	Geminiviridae		249	249	84.134	87.96	53.27	96.7	0.855	0.386				6f2s-assembly1_H	4.402E-32	1.000	214	84.100	8.138E-01	8.557E-01	7.361E-01	8.368E-01	0.859	Ageratum yellow vein virus	strong_targeted_support	runs/v2_full_test_evidence_regime/structure_panel/esmfold_pdb/YP_002791011.1.pdb
	YP_009273942.1	Ruthgordonvirinae		266	266	84.127	93.985	40.33	98.71	0.805	0.545				5jbl-assembly1_B	1.516E-03	1.000	145	11.700	5.113E-01	6.764E-01	3.615E-01	5.568E-01	0.545	Tequatrovirus T4	local_structural_support	runs/v2_full_test_evidence_regime/structure_panel/esmfold_pdb/YP_009273942.1.pdb
	YP_011879410.1	Drexlerviridae		230	230	84.075	88.975	45.94	98.01	0.826	0.457				7x9d-assembly1_D	1.317E-06	1.000	300	14.300	4.742E-01	6.102E-01	5.964E-01	5.092E-01	1.304	Homo sapiens	strong_targeted_support	runs/v2_full_test_evidence_regime/structure_panel/esmfold_pdb/YP_011879410.1.pdb
	YP_010109437.1	Luchadorvirus		155	155	84.074	86.77	44.65	95.18	0.916	0.381				6mdw-assembly1_A	3.933E-03	1.000	152	18.400	4.928E-01	6.328E-01	5.339E-01	4.611E-01	0.981	Homo sapiens	strong_targeted_support	runs/v2_full_test_evidence_regime/structure_panel/esmfold_pdb/YP_010109437.1.pdb
	YP_010747768.1	Guernseyvirinae		59	59	84.071	88.31	43.76	91.97	0.898	0.271																runs/v2_full_test_evidence_regime/structure_panel/esmfold_pdb/YP_010747768.1.pdb
	YP_009624446.1	Drexlerviridae		160	160	84.056	88.14	28.29	97.17	0.85	0.381				4zpu-assembly1_A	3.937E-13	1.000	166	40.300	8.123E-01	8.434E-01	8.335E-01	8.098E-01	1.038	Escherichia coli K-12	strong_targeted_support	runs/v2_full_test_evidence_regime/structure_panel/esmfold_pdb/YP_009624446.1.pdb
	YP_009836036.1	Beephvirinae		279	279	84.034	89.5	43.01	97.52	0.875	0.477				6ppr-assembly1_A	2.259E-08	1.000	266	16.900	4.995E-01	7.013E-01	5.944E-01	2.201E-01	0.953	Mycolicibacterium smegmatis	strong_targeted_support	runs/v2_full_test_evidence_regime/structure_panel/esmfold_pdb/YP_009836036.1.pdb
	YP_009855266.1	Lillamyvirus		390	390	84.01	88.975	34.56	98.68	0.841	0.469				2fs3-assembly1_A-60	6.808E-19	1.000	261	19.900	6.756E-01	8.629E-01	5.584E-01	7.623E-01	0.669	Byrnievirus HK97	strong_targeted_support	runs/v2_full_test_evidence_regime/structure_panel/esmfold_pdb/YP_009855266.1.pdb
	YP_009815763.1	Coralvirus		251	251	84.001	90.81	40.81	98.54	0.837	0.51				5jbl-assembly1_B	2.934E-04	1.000	143	14.600	5.417E-01	7.248E-01	4.131E-01	5.995E-01	0.57	Tequatrovirus T4	strong_targeted_support	runs/v2_full_test_evidence_regime/structure_panel/esmfold_pdb/YP_009815763.1.pdb
	YP_009838367.1	Ackermannviridae		176	176	83.994	87.41	45.8	94.29	0.898	0.318				5iv5-assembly1_R	4.100E-11	1.000	169	19.500	6.866E-01	8.516E-01	7.808E-01	8.419E-01	0.96	Tequatrovirus T4	strong_targeted_support	runs/v2_full_test_evidence_regime/structure_panel/esmfold_pdb/YP_009838367.1.pdb
	YP_009902563.1	Drexlerviridae		376	376	83.976	90.01	30.65	98.17	0.848	0.5				1o6e-assembly1_A-2	5.129E-03	0.912	193	11.900	3.323E-01	4.201E-01	1.813E-01	2.835E-01	0.513	human gammaherpesvirus 4	foldseek_only_low_model_confidence	runs/v2_full_test_evidence_regime/structure_panel/esmfold_pdb/YP_009902563.1.pdb
	YP_010659686.1	Enquatrovirinae		391	391	83.971	88.42	37.89	98.02	0.862	0.417				8fd7-assembly1_D	4.008E-03	1.000	164	12.100	5.215E-01	7.721E-01	2.845E-01	1.236E-01	0.419	Oryctolagus cuniculus	foldseek_only_low_model_confidence	runs/v2_full_test_evidence_regime/structure_panel/esmfold_pdb/YP_010659686.1.pdb
	YP_009837477.1	Enquatrovirinae		383	383	83.964	88.03	37.81	98.09	0.893	0.42				8x93-assembly1_B	2.071E-02	1.000	149	10.700	4.799E-01	7.156E-01	2.342E-01	9.814E-02	0.389	Homo sapiens	foldseek_only_low_model_confidence	runs/v2_full_test_evidence_regime/structure_panel/esmfold_pdb/YP_009837477.1.pdb
	YP_010078750.1	Gervaisevirus		78	78	83.946	88.595	57.44	95.5	0.846	0.423				2auw-assembly1_B	6.778E-03	1.000	56	25.000	8.369E-01	9.633E-01	6.905E-01	3.537E-01	0.718	Nitrosomonas europaea	strong_targeted_support	runs/v2_full_test_evidence_regime/structure_panel/esmfold_pdb/YP_010078750.1.pdb
	YP_010061935.1	Timshelvirus		217	217	83.93	88.6	50.74	97.93	0.811	0.429				1dct-assembly2_B	2.112E-04	1.000	322	15.200	4.856E-01	6.105E-01	5.859E-01	4.134E-01	1.484	Haemophilus influenzae biotype aegyptius	strong_targeted_support	runs/v2_full_test_evidence_regime/structure_panel/esmfold_pdb/YP_010061935.1.pdb
	YP_009902654.1	Drexlerviridae		376	376	83.914	89.885	30.09	98.18	0.846	0.495				1o6e-assembly1_A-2	5.140E-03	0.912	193	11.900	3.316E-01	4.199E-01	1.813E-01	2.834E-01	0.513	human gammaherpesvirus 4	foldseek_only_low_model_confidence	runs/v2_full_test_evidence_regime/structure_panel/esmfold_pdb/YP_009902654.1.pdb
	YP_009856339.1	Montyvirus		285	285	83.912	87.23	52.24	97.88	0.881	0.418				5w95-assembly1_A	2.813E-10	1.000	323	19.500	5.869E-01	6.722E-01	6.096E-01	6.651E-01	1.133	Mycobacterium tuberculosis	strong_targeted_support	runs/v2_full_test_evidence_regime/structure_panel/esmfold_pdb/YP_009856339.1.pdb
	YP_007010471.1	Guernseyvirinae		139	139	83.903	88.51	41.97	95.03	0.878	0.41				2l25-assembly1_A	9.178E-07	1.000	144	18.700	6.145E-01	7.558E-01	7.462E-01	7.371E-01	1.036	Bordetella bronchiseptica	strong_targeted_support	runs/v2_full_test_evidence_regime/structure_panel/esmfold_pdb/YP_007010471.1.pdb
	YP_009035155.1	Guernseyvirinae		139	139	83.903	88.51	41.97	95.03	0.878	0.41				2l25-assembly1_A	9.178E-07	1.000	144	18.700	6.145E-01	7.558E-01	7.462E-01	7.371E-01	1.036	Bordetella bronchiseptica	strong_targeted_support	runs/v2_full_test_evidence_regime/structure_panel/esmfold_pdb/YP_009035155.1.pdb
	YP_010747950.1	Guernseyvirinae		139	139	83.903	88.51	41.97	95.03	0.878	0.41				2l25-assembly1_A	9.178E-07	1.000	144	18.700	6.145E-01	7.558E-01	7.462E-01	7.371E-01	1.036	Bordetella bronchiseptica	strong_targeted_support	runs/v2_full_test_evidence_regime/structure_panel/esmfold_pdb/YP_010747950.1.pdb
	YP_010681513.1	Heleneionescovirinae		163	163	83.892	90.18	35.53	94.65	0.871	0.509				2zdi-assembly1_B-2	1.300E+00	0.569	105	14.200	5.112E-01	6.620E-01	3.772E-01	5.434E-01	0.644	Pyrococcus horikoshii	model_confident_no_clear_pdb_analog	runs/v2_full_test_evidence_regime/structure_panel/esmfold_pdb/YP_010681513.1.pdb
	YP_009854742.1	Lillamyvirus		280	280	83.878	91.215	46.47	98.89	0.771	0.55				8urk-assembly1_B	9.642E-19	1.000	273	21.200	6.882E-01	7.790E-01	6.862E-01	7.646E-01	0.975	Burkholderia cenocepacia	strong_targeted_support	runs/v2_full_test_evidence_regime/structure_panel/esmfold_pdb/YP_009854742.1.pdb
	YP_010114936.1	Frickvirinae		182	182	83.869	87.23	55.16	96.68	0.879	0.352				1iuh-assembly1_A	2.244E-05	1.000	186	20.400	5.368E-01	7.067E-01	5.974E-01	5.946E-01	1.022	Thermus thermophilus	strong_targeted_support	runs/v2_full_test_evidence_regime/structure_panel/esmfold_pdb/YP_010114936.1.pdb
	YP_009230221.1	Rudiviridae		435	435	83.849	86.9	52.73	96.97	0.876	0.308				8emh-assembly1_B	5.607E-16	1.000	495	15.300	4.800E-01	6.334E-01	6.254E-01	4.323E-01	1.138	Acinetobacter sp. NEB 394	strong_targeted_support	runs/v2_full_test_evidence_regime/structure_panel/esmfold_pdb/YP_009230221.1.pdb
	YP_010101391.1	Lclasvirinae		424	424	83.779	87.185	36.03	97.87	0.873	0.396				6vtf-assembly4_D	5.877E-15	1.000	410	14.600	5.119E-01	7.321E-01	5.896E-01	7.208E-01	0.967	Naegleria gruberi	strong_targeted_support	runs/v2_full_test_evidence_regime/structure_panel/esmfold_pdb/YP_010101391.1.pdb
	YP_009597351.1	Guernseyvirinae		161	161	83.757	89.93	26.69	97.19	0.882	0.497				4fyp-assembly1_B	9.131E-05	1.000	147	17.000	6.626E-01	7.968E-01	7.056E-01	5.268E-01	0.913	Arabidopsis thaliana	strong_targeted_support	runs/v2_full_test_evidence_regime/structure_panel/esmfold_pdb/YP_009597351.1.pdb
	YP_010105485.1	Lclasvirinae		424	424	83.741	87.44	37.58	97.69	0.866	0.401				6vt1-assembly4_D	2.175E-14	1.000	417	15.500	5.124E-01	7.393E-01	6.040E-01	7.355E-01	0.983	Naegleria gruberi	strong_targeted_support	runs/v2_full_test_evidence_regime/structure_panel/esmfold_pdb/YP_010105485.1.pdb
	YP_010012593.1	Lclasvirinae		356	356	83.716	89.455	27.35	98.64	0.857	0.492				8s8v-assembly1_A	4.806E+00	0.164	56	17.800	3.402E-01	5.508E-01	7.760E-02	7.719E-02	0.157	Solanum lycopersicum	model_confident_no_clear_pdb_analog	runs/v2_full_test_evidence_regime/structure_panel/esmfold_pdb/YP_010012593.1.pdb
	YP_009113165.1	Guernseyvirinae		131	131	83.693	88.57	40.74	95.78	0.832	0.427				6dfl-assembly1_A	1.726E+00	0.051	146	11.600	3.234E-01	2.353E-01	2.291E-01	1.463E-01	1.115	Pseudomonas aeruginosa	model_confident_no_clear_pdb_analog	runs/v2_full_test_evidence_regime/structure_panel/esmfold_pdb/YP_009113165.1.pdb
	YP_010061456.1	Yeceytrevirus		112	112	83.68	87.505	49.07	92.03	0.875	0.321				2dyr-assembly1_V	3.828E+00	0.069	73	15.000	6.205E-01	4.518E-01	2.853E-01	4.103E-01	0.652	Bos taurus	model_confident_no_clear_pdb_analog	runs/v2_full_test_evidence_regime/structure_panel/esmfold_pdb/YP_010061456.1.pdb
	YP_009329892.1	Riboviria		531	531	83.669	91.99	27.09	97.94	0.838	0.591				6yyt-assembly1_A	1.567E-13	1.000	571	12.400	5.039E-01	7.339E-01	6.881E-01	4.450E-01	1.075	Severe acute respiratory syndrome coronavirus 2	strong_targeted_support	runs/v2_full_test_evidence_regime/structure_panel/esmfold_pdb/YP_009329892.1.pdb
	YP_009324907.1	Ferrettivirinae		140	140	83.664	88.85	46.53	93.91	0.857	0.379				3hug-assembly6_K	1.978E-01	1.000	64	15.600	7.018E-01	8.661E-01	4.047E-01	7.652E-01	0.457	Mycobacterium tuberculosis H37Rv	strong_targeted_support	runs/v2_full_test_evidence_regime/structure_panel/esmfold_pdb/YP_009324907.1.pdb
	YP_009606701.1	Ounavirinae		360	360	83.646	88.95	43.48	98.0	0.806	0.453				9b45-assembly1_f	1.456E-11	1.000	389	10.200	5.660E-01	6.775E-01	5.466E-01	6.754E-01	1.081	Pseudomonas virus Pa193	strong_targeted_support	runs/v2_full_test_evidence_regime/structure_panel/esmfold_pdb/YP_009606701.1.pdb
	YP_001718580.1	Ensavirinae		150	150	83.621	87.695	28.53	95.6	0.893	0.353				9fgo-assembly1_A	2.736E-21	1.000	145	70.300	8.945E-01	9.662E-01	9.283E-01	9.345E-01	0.967	Enterovirus A71	strong_targeted_support	runs/v2_full_test_evidence_regime/structure_panel/esmfold_pdb/YP_001718580.1.pdb
	YP_010582184.1	Guernseyvirinae		478	478	83.609	89.58	37.77	98.58	0.82	0.492				6ppr-assembly1_A	1.692E-05	1.000	286	17.400	4.102E-01	6.297E-01	3.453E-01	2.101E-01	0.598	Mycolicibacterium smegmatis	local_structural_support	runs/v2_full_test_evidence_regime/structure_panel/esmfold_pdb/YP_010582184.1.pdb
	YP_009635881.1	Lclasvirinae		260	260	83.602	86.02	46.09	95.69	0.919	0.285				6w2y-assembly1_A	3.006E-02	1.000	256	9.700	5.125E-01	6.411E-01	5.561E-01	2.516E-01	0.985	Homo sapiens	strong_targeted_support	runs/v2_full_test_evidence_regime/structure_panel/esmfold_pdb/YP_009635881.1.pdb
	YP_010653918.1	Attisvirus		291	291	83.584	86.75	54.27	95.81	0.873	0.302				3h4r-assembly1_A	2.807E-13	1.000	256	25.300	5.862E-01	7.929E-01	5.994E-01	7.796E-01	0.88	Escherichia coli K-12	strong_targeted_support	runs/v2_full_test_evidence_regime/structure_panel/esmfold_pdb/YP_010653918.1.pdb
	YP_009147630.1	Ackermannviridae		248	248	83.582	88.625	42.28	98.01	0.815	0.435				8qje-assembly1_W	7.601E-04	0.999	274	10.200	4.785E-01	3.964E-01	3.677E-01	3.546E-01	1.105	Staphylococcus phage 812	local_structural_support	runs/v2_full_test_evidence_regime/structure_panel/esmfold_pdb/YP_009147630.1.pdb
	YP_009882178.1	Twarogvirinae		88	88	83.559	86.785	53.73	93.46	0.864	0.386				8flj-assembly1_E	3.449E+00	0.254	34	29.400	7.419E-01	7.647E-01	3.413E-01	3.216E-01	0.386	Pseudomonas aeruginosa PA14	model_confident_no_clear_pdb_analog	runs/v2_full_test_evidence_regime/structure_panel/esmfold_pdb/YP_009882178.1.pdb
	YP_009337907.1	Riboviria		206	206	83.523	87.98	50.18	97.39	0.796	0.408				2izw-assembly1_B	4.981E-12	1.000	176	17.600	7.383E-01	8.822E-01	6.999E-01	7.985E-01	0.854	Ryegrass mottle virus	strong_targeted_support	runs/v2_full_test_evidence_regime/structure_panel/esmfold_pdb/YP_009337907.1.pdb
	YP_010801706.1	Gammaherpesvirinae		345	345	83.523	86.83	52.62	98.4	0.858	0.322				8k4p-assembly1_A	3.694E-24	1.000	291	63.200	7.553E-01	9.148E-01	7.770E-01	9.031E-01	0.843	Human gammaherpesvirus 8	strong_targeted_support	runs/v2_full_test_evidence_regime/structure_panel/esmfold_pdb/YP_010801706.1.pdb
	YP_009791594.1	Drexlerviridae		230	230	83.476	88.895	41.35	97.9	0.817	0.452				8eii-assembly1_B	9.240E-06	1.000	302	15.800	4.271E-01	5.864E-01	5.725E-01	3.284E-01	1.313	Homo sapiens	strong_targeted_support	runs/v2_full_test_evidence_regime/structure_panel/esmfold_pdb/YP_009791594.1.pdb
	YP_010745862.1	Guernseyvirinae		59	59	83.456	87.64	43.39	91.52	0.898	0.153																runs/v2_full_test_evidence_regime/structure_panel/esmfold_pdb/YP_010745862.1.pdb
	YP_010745928.1	Guernseyvirinae		59	59	83.456	87.64	43.39	91.52	0.898	0.153																runs/v2_full_test_evidence_regime/structure_panel/esmfold_pdb/YP_010745928.1.pdb
	YP_010745989.1	Guernseyvirinae		59	59	83.456	87.64	43.39	91.52	0.898	0.153																runs/v2_full_test_evidence_regime/structure_panel/esmfold_pdb/YP_010745989.1.pdb
	YP_010746951.1	Guernseyvirinae		59	59	83.456	87.64	43.39	91.52	0.898	0.153																runs/v2_full_test_evidence_regime/structure_panel/esmfold_pdb/YP_010746951.1.pdb
	YP_010747914.1	Guernseyvirinae		59	59	83.456	87.64	43.39	91.52	0.898	0.153																runs/v2_full_test_evidence_regime/structure_panel/esmfold_pdb/YP_010747914.1.pdb
	YP_010748745.1	Guernseyvirinae		59	59	83.456	87.64	43.39	91.52	0.898	0.153																runs/v2_full_test_evidence_regime/structure_panel/esmfold_pdb/YP_010748745.1.pdb
	YP_010748802.1	Guernseyvirinae		59	59	83.456	87.64	43.39	91.52	0.898	0.153																runs/v2_full_test_evidence_regime/structure_panel/esmfold_pdb/YP_010748802.1.pdb
	YP_009791646.1	Drexlerviridae		102	102	83.436	87.87	53.98	95.22	0.814	0.353				2vbk-assembly1_A	1.228E-01	0.923	83	22.800	4.655E-01	5.346E-01	4.141E-01	1.087E-01	0.814	Lederbergvirus Sf6	strong_targeted_support	runs/v2_full_test_evidence_regime/structure_panel/esmfold_pdb/YP_009791646.1.pdb
	YP_009818764.1	Drexlerviridae		102	102	83.436	87.87	53.98	95.22	0.814	0.353				2vbk-assembly1_A	1.228E-01	0.923	83	22.800	4.655E-01	5.346E-01	4.141E-01	1.087E-01	0.814	Lederbergvirus Sf6	strong_targeted_support	runs/v2_full_test_evidence_regime/structure_panel/esmfold_pdb/YP_009818764.1.pdb
	YP_010051028.1	Ruthgordonvirinae		266	266	83.431	91.645	40.58	98.26	0.793	0.53				1nkk-assembly2_C	1.280E-03	1.000	197	13.700	5.082E-01	5.562E-01	3.608E-01	4.194E-01	0.741	Human betaherpesvirus 5	local_structural_support	runs/v2_full_test_evidence_regime/structure_panel/esmfold_pdb/YP_010051028.1.pdb
	YP_009880512.1	Rhodovirinae		333	333	83.418	88.34	39.64	98.38	0.829	0.453				6hms-assembly1_A	2.723E-07	1.000	316	14.500	4.380E-01	5.470E-01	4.526E-01	3.897E-01	0.949	Pyrococcus abyssi	strong_targeted_support	runs/v2_full_test_evidence_regime/structure_panel/esmfold_pdb/YP_009880512.1.pdb
	YP_009200796.1	Ounavirinae		448	448	83.392	87.48	42.49	98.64	0.844	0.42				3rst-assembly1_A	1.205E-17	1.000	224	22.700	7.160E-01	9.007E-01	4.434E-01	8.484E-01	0.5	Bacillus subtilis	strong_targeted_support	runs/v2_full_test_evidence_regime/structure_panel/esmfold_pdb/YP_009200796.1.pdb
	YP_009784851.1	Slopekvirinae		188	188	83.389	84.72	35.2	96.24	0.931	0.282				7m5i-assembly1_B	2.476E-08	1.000	175	19.400	6.985E-01	8.162E-01	6.421E-01	7.551E-01	0.931	Escherichia coli O157 typing phage 15	strong_targeted_support	runs/v2_full_test_evidence_regime/structure_panel/esmfold_pdb/YP_009784851.1.pdb
	YP_009844421.1	Menderavirus		96	96	83.365	86.38	46.27	93.85	0.865	0.448				3wod-assembly1_F	9.538E+00	0.126	24	33.300	7.139E-01	9.253E-01	2.460E-01	8.578E-02	0.25	Thermus thermophilus HB8	model_confident_no_clear_pdb_analog	runs/v2_full_test_evidence_regime/structure_panel/esmfold_pdb/YP_009844421.1.pdb
	YP_009851127.1	Menderavirus		96	96	83.365	86.38	46.27	93.85	0.865	0.448				3wod-assembly1_F	9.538E+00	0.126	24	33.300	7.139E-01	9.253E-01	2.460E-01	8.578E-02	0.25	Thermus thermophilus HB8	model_confident_no_clear_pdb_analog	runs/v2_full_test_evidence_regime/structure_panel/esmfold_pdb/YP_009851127.1.pdb
	YP_009204961.1	Ounavirinae		368	368	83.362	87.985	39.52	98.56	0.823	0.405				8g1r-assembly1_A	4.134E-18	1.000	370	18.300	5.851E-01	7.060E-01	6.404E-01	7.041E-01	1.005	Vibrio phage ICP1_2011_A	strong_targeted_support	runs/v2_full_test_evidence_regime/structure_panel/esmfold_pdb/YP_009204961.1.pdb
	YP_009792116.1	Drexlerviridae		219	219	83.344	86.2	50.48	96.52	0.909	0.265				7kfa-assembly1_B	9.508E-02	0.473	227	10.500	3.032E-01	3.213E-01	2.864E-01	1.628E-01	1.037	Homo sapiens	model_confident_no_clear_pdb_analog	runs/v2_full_test_evidence_regime/structure_panel/esmfold_pdb/YP_009792116.1.pdb
	YP_010653647.1	Attisvirus		110	110	83.333	86.425	58.15	93.74	0.864	0.327				2zdi-assembly1_C-2	1.353E+00	0.442	105	8.500	6.059E-01	5.674E-01	4.545E-01	3.460E-01	0.955	Pyrococcus horikoshii	model_confident_no_clear_pdb_analog	runs/v2_full_test_evidence_regime/structure_panel/esmfold_pdb/YP_010653647.1.pdb
	YP_009824777.1	Montyvirus		654	654	83.318	90.13	36.0	98.24	0.835	0.509				6z6d-assembly1_A	3.954E-13	1.000	609	12.600	4.558E-01	4.062E-01	3.232E-01	4.041E-01	0.931	Byrnievirus HK97	local_structural_support	runs/v2_full_test_evidence_regime/structure_panel/esmfold_pdb/YP_009824777.1.pdb
	YP_010060891.1	Benedictvirus		279	279	83.314	87.52	36.7	96.19	0.878	0.344				3lhp-assembly1_S	5.746E-01	0.855	128	14.800	4.075E-01	5.572E-01	2.320E-01	5.034E-01	0.459	synthetic construct	model_confident_no_clear_pdb_analog	runs/v2_full_test_evidence_regime/structure_panel/esmfold_pdb/YP_010060891.1.pdb
	YP_009100063.1	Pairvirus		217	217	83.272	87.2	43.7	96.98	0.885	0.313				8odp-assembly1_A	1.900E-07	1.000	237	16.400	6.538E-01	7.515E-01	6.990E-01	3.287E-01	1.092	Homo sapiens	strong_targeted_support	runs/v2_full_test_evidence_regime/structure_panel/esmfold_pdb/YP_009100063.1.pdb
	YP_010078656.1	Gervaisevirus		178	178	83.272	85.765	55.61	94.56	0.865	0.264				6vy1-assembly1_f	3.102E+00	0.057	116	17.200	4.438E-01	3.324E-01	1.801E-01	2.481E-01	0.652	Methanocaldococcus jannaschii DSM 2661	model_confident_no_clear_pdb_analog	runs/v2_full_test_evidence_regime/structure_panel/esmfold_pdb/YP_010078656.1.pdb
	YP_009850777.1	Menderavirus		96	96	83.269	85.63	45.93	94.01	0.865	0.448				3wod-assembly1_F	9.538E+00	0.126	24	33.300	7.134E-01	9.243E-01	2.460E-01	8.578E-02	0.25	Thermus thermophilus HB8	model_confident_no_clear_pdb_analog	runs/v2_full_test_evidence_regime/structure_panel/esmfold_pdb/YP_009850777.1.pdb
	YP_009342304.1	Riboviria		258	258	83.268	87.2	46.4	96.63	0.864	0.411				2izw-assembly1_C	6.252E-12	1.000	187	16.000	7.151E-01	8.857E-01	6.294E-01	7.701E-01	0.725	Ryegrass mottle virus	strong_targeted_support	runs/v2_full_test_evidence_regime/structure_panel/esmfold_pdb/YP_009342304.1.pdb
	YP_009196669.1	Drexlerviridae		114	114	83.261	87.015	32.67	94.27	0.904	0.246				8xcg-assembly1_e	6.557E-06	1.000	115	24.300	7.098E-01	8.513E-01	8.105E-01	8.442E-01	1.009	Escherichia phage Lambda	strong_targeted_support	runs/v2_full_test_evidence_regime/structure_panel/esmfold_pdb/YP_009196669.1.pdb
	YP_009600445.1	Ounavirinae		448	448	83.237	87.33	42.36	98.64	0.846	0.413				3rst-assembly1_A	8.308E-18	1.000	224	22.700	7.157E-01	9.005E-01	4.433E-01	8.482E-01	0.5	Bacillus subtilis	strong_targeted_support	runs/v2_full_test_evidence_regime/structure_panel/esmfold_pdb/YP_009600445.1.pdb
	YP_794166.1	Geminiviridae		258	258	83.228	88.78	48.6	95.07	0.81	0.442				6f2s-assembly1_I	9.245E-11	1.000	227	17.100	6.219E-01	7.197E-01	5.559E-01	6.908E-01	0.88	Ageratum yellow vein virus	strong_targeted_support	runs/v2_full_test_evidence_regime/structure_panel/esmfold_pdb/YP_794166.1.pdb
	YP_009854979.1	Lillamyvirus		147	147	83.186	89.18	53.35	93.86	0.796	0.415				4dyc-assembly1_B	1.529E-07	1.000	143	30.000	7.446E-01	6.825E-01	5.993E-01	6.645E-01	0.973	Enterobacteria phage HK620	strong_targeted_support	runs/v2_full_test_evidence_regime/structure_panel/esmfold_pdb/YP_009854979.1.pdb
	YP_009855188.1	Lillamyvirus		147	147	83.186	89.18	53.35	93.86	0.796	0.415				4dyc-assembly1_B	1.529E-07	1.000	143	30.000	7.446E-01	6.825E-01	5.993E-01	6.645E-01	0.973	Enterobacteria phage HK620	strong_targeted_support	runs/v2_full_test_evidence_regime/structure_panel/esmfold_pdb/YP_009855188.1.pdb
	YP_009821326.1	Slopekvirinae		868	868	83.141	86.645	37.1	96.79	0.856	0.359				8vb2-assembly1_I	2.239E-17	1.000	887	16.400	5.230E-01	2.718E-01	2.619E-01	2.679E-01	1.022	Pectobacterium phage PhiM1	foldseek_only_low_model_confidence	runs/v2_full_test_evidence_regime/structure_panel/esmfold_pdb/YP_009821326.1.pdb
	YP_009618708.1	Ounavirinae		448	448	83.127	87.075	43.83	98.62	0.846	0.404				3rst-assembly1_A	1.691E-17	1.000	224	24.100	7.151E-01	9.022E-01	4.438E-01	8.494E-01	0.5	Bacillus subtilis	strong_targeted_support	runs/v2_full_test_evidence_regime/structure_panel/esmfold_pdb/YP_009618708.1.pdb
	YP_009177325.1	Ounavirinae		367	367	83.121	87.86	40.37	98.32	0.847	0.409				8g1r-assembly1_A	2.101E-16	1.000	372	17.700	5.599E-01	7.020E-01	6.389E-01	7.001E-01	1.014	Vibrio phage ICP1_2011_A	strong_targeted_support	runs/v2_full_test_evidence_regime/structure_panel/esmfold_pdb/YP_009177325.1.pdb
	YP_010052616.1	Kantovirinae		89	89	83.085	85.76	59.55	92.19	0.888	0.146				5iw9-assembly1_B	3.582E-04	1.000	94	10.600	6.941E-01	8.373E-01	8.208E-01	6.062E-01	1.056	Tequatrovirus T4	strong_targeted_support	runs/v2_full_test_evidence_regime/structure_panel/esmfold_pdb/YP_010052616.1.pdb
	YP_009618577.1	Ounavirinae		449	449	83.082	86.85	43.93	98.62	0.849	0.403				3rst-assembly1_A	1.683E-17	1.000	224	24.100	7.151E-01	9.025E-01	4.429E-01	8.497E-01	0.499	Bacillus subtilis	strong_targeted_support	runs/v2_full_test_evidence_regime/structure_panel/esmfold_pdb/YP_009618577.1.pdb
	YP_009362870.1	Rudiviridae		435	435	83.075	85.28	46.47	97.82	0.862	0.299				8emh-assembly1_H	3.481E-17	1.000	488	16.300	4.668E-01	6.116E-01	6.004E-01	4.199E-01	1.122	Acinetobacter sp. NEB 394	strong_targeted_support	runs/v2_full_test_evidence_regime/structure_panel/esmfold_pdb/YP_009362870.1.pdb
	YP_009808719.1	Drexlerviridae		143	143	83.075	87.29	43.23	93.11	0.902	0.28				2l25-assembly1_A	1.773E-06	1.000	142	23.200	5.514E-01	7.346E-01	6.945E-01	7.029E-01	0.993	Bordetella bronchiseptica	strong_targeted_support	runs/v2_full_test_evidence_regime/structure_panel/esmfold_pdb/YP_009808719.1.pdb
	YP_009152759.1	Enhodamvirus		322	322	83.073	86.08	52.75	97.74	0.839	0.398				3j7v-assembly1_F	7.153E-06	1.000	326	12.200	4.529E-01	6.706E-01	6.216E-01	6.628E-01	1.012	Escherichia phage T7	strong_targeted_support	runs/v2_full_test_evidence_regime/structure_panel/esmfold_pdb/YP_009152759.1.pdb
	YP_053011.1	Enhodamvirus		322	322	83.073	86.08	52.75	97.74	0.839	0.398				3j7v-assembly1_F	7.153E-06	1.000	326	12.200	4.529E-01	6.706E-01	6.216E-01	6.628E-01	1.012	Escherichia phage T7	strong_targeted_support	runs/v2_full_test_evidence_regime/structure_panel/esmfold_pdb/YP_053011.1.pdb
	YP_009337885.1	Riboviria		554	554	83.065	90.375	33.33	98.44	0.827	0.52				7btf-assembly1_A	6.015E-15	1.000	534	14.700	5.278E-01	8.029E-01	6.760E-01	4.243E-01	0.964	Severe acute respiratory syndrome coronavirus 2	strong_targeted_support	runs/v2_full_test_evidence_regime/structure_panel/esmfold_pdb/YP_009337885.1.pdb
	YP_004323595.1	Eurybiavirus		154	154	83.027	88.685	32.72	94.37	0.877	0.39				1nsn-assembly1_S	9.172E-07	1.000	143	22.300	5.895E-01	7.431E-01	6.367E-01	7.038E-01	0.929	Staphylococcus aureus	strong_targeted_support	runs/v2_full_test_evidence_regime/structure_panel/esmfold_pdb/YP_004323595.1.pdb
	YP_010013008.1	Lclasvirinae		259	259	82.997	87.43	42.71	94.19	0.861	0.332				8oyy-assembly2_B	4.724E-02	1.000	230	10.000	4.979E-01	6.493E-01	5.261E-01	5.757E-01	0.888	synthetic construct	strong_targeted_support	runs/v2_full_test_evidence_regime/structure_panel/esmfold_pdb/YP_010013008.1.pdb
	YP_004009544.1	Twarogvirinae		218	218	82.996	88.94	37.73	97.91	0.803	0.482				5jbl-assembly1_B	2.569E-22	1.000	170	72.900	7.890E-01	8.849E-01	6.568E-01	8.690E-01	0.78	Tequatrovirus T4	strong_targeted_support	runs/v2_full_test_evidence_regime/structure_panel/esmfold_pdb/YP_004009544.1.pdb
	YP_010655643.1	Zukovirus		306	306	82.992	88.885	33.01	98.24	0.83	0.461				4knl-assembly2_B	9.588E-04	1.000	211	11.300	4.200E-01	6.108E-01	3.357E-01	4.772E-01	0.69	Staphylococcus aureus subsp. aureus NCTC 8325	local_structural_support	runs/v2_full_test_evidence_regime/structure_panel/esmfold_pdb/YP_010655643.1.pdb
	YP_009854981.1	Lillamyvirus		403	403	82.97	88.88	37.33	98.55	0.801	0.486				6toa-assembly1_A	6.049E-11	1.000	380	13.900	6.228E-01	7.223E-01	6.263E-01	6.766E-01	0.943	Rhodobacter capsulatus DE442	strong_targeted_support	runs/v2_full_test_evidence_regime/structure_panel/esmfold_pdb/YP_009854981.1.pdb
	YP_009902664.1	Drexlerviridae		108	108	82.96	89.06	41.11	96.0	0.815	0.454				8i83-assembly1_E-2	9.579E-01	0.277	32	18.700	3.603E-01	6.380E-01	2.300E-01	6.813E-02	0.296	Lysinibacillus composti	model_confident_no_clear_pdb_analog	runs/v2_full_test_evidence_regime/structure_panel/esmfold_pdb/YP_009902664.1.pdb
	YP_008767201.1	Guernseyvirinae		852	852	82.955	88.6	30.09	98.38	0.846	0.448				8xcg-assembly1_Z	2.143E-27	1.000	774	13.800	4.734E-01	6.496E-01	4.746E-01	6.448E-01	0.908	Escherichia phage Lambda	strong_targeted_support	runs/v2_full_test_evidence_regime/structure_panel/esmfold_pdb/YP_008767201.1.pdb
	YP_010104395.1	Luchadorvirus		155	155	82.942	85.95	42.84	95.42	0.884	0.394				6mdx-assembly1_A	5.876E-04	1.000	155	19.300	4.941E-01	6.344E-01	5.442E-01	4.746E-01	1.0	Homo sapiens	strong_targeted_support	runs/v2_full_test_evidence_regime/structure_panel/esmfold_pdb/YP_010104395.1.pdb
	YP_005098156.1	Guernseyvirinae		852	852	82.936	88.52	32.75	98.33	0.842	0.43				8xcg-assembly1_Z	1.830E-26	1.000	775	13.600	4.683E-01	6.408E-01	4.663E-01	6.361E-01	0.91	Escherichia phage Lambda	strong_targeted_support	runs/v2_full_test_evidence_regime/structure_panel/esmfold_pdb/YP_005098156.1.pdb
	YP_009618579.1	Ounavirinae		367	367	82.93	87.22	39.76	98.07	0.842	0.384				8vji-assembly1_G	1.923E-11	1.000	368	13.500	5.412E-01	7.141E-01	6.321E-01	6.897E-01	1.003	Chivirus chi	strong_targeted_support	runs/v2_full_test_evidence_regime/structure_panel/esmfold_pdb/YP_009618579.1.pdb
	YP_009902880.1	Drexlerviridae		219	219	82.918	85.96	51.82	96.74	0.863	0.242				8fpq-assembly1_B	9.244E-02	0.473	221	10.800	3.067E-01	3.225E-01	2.837E-01	1.631E-01	1.009	Homo sapiens	model_confident_no_clear_pdb_analog	runs/v2_full_test_evidence_regime/structure_panel/esmfold_pdb/YP_009902880.1.pdb
	YP_010114417.1	Immutovirus		358	358	82.897	87.295	45.57	98.14	0.835	0.372				8gms-assembly1_F	6.073E-16	1.000	370	17.000	5.820E-01	6.944E-01	6.341E-01	6.772E-01	1.034	Escherichia coli	strong_targeted_support	runs/v2_full_test_evidence_regime/structure_panel/esmfold_pdb/YP_010114417.1.pdb
	YP_009336968.1	Riboviria		221	221	82.839	84.37	49.53	97.23	0.828	0.385				1c8n-assembly1_C	1.650E-11	1.000	186	21.500	7.152E-01	8.828E-01	6.641E-01	6.699E-01	0.842	unidentified tobacco necrosis virus	strong_targeted_support	runs/v2_full_test_evidence_regime/structure_panel/esmfold_pdb/YP_009336968.1.pdb
	YP_008058251.1	Guernseyvirinae		852	852	82.834	88.625	30.63	98.33	0.839	0.44				8xcg-assembly1_Z	8.589E-27	1.000	772	13.600	4.732E-01	6.573E-01	4.783E-01	6.524E-01	0.906	Escherichia phage Lambda	strong_targeted_support	runs/v2_full_test_evidence_regime/structure_panel/esmfold_pdb/YP_008058251.1.pdb
	YP_010680694.1	Joanripponvirinae		299	299	82.834	89.87	41.02	98.33	0.786	0.492				1z0k-assembly2_D	9.961E+00	0.353	41	9.700	6.521E-01	9.556E-01	1.327E-01	6.338E-01	0.137	Homo sapiens	model_confident_no_clear_pdb_analog	runs/v2_full_test_evidence_regime/structure_panel/esmfold_pdb/YP_010680694.1.pdb
	YP_001285678.1	Xipdecavirus		245	245	82.794	87.71	44.29	98.18	0.812	0.412				5g1s-assembly1_J	1.086E-12	1.000	173	20.200	7.585E-01	8.825E-01	6.101E-01	7.845E-01	0.706	Francisella tularensis	strong_targeted_support	runs/v2_full_test_evidence_regime/structure_panel/esmfold_pdb/YP_001285678.1.pdb
	YP_002922847.1	Ounavirinae		368	368	82.783	87.255	41.28	98.19	0.812	0.389				8g1r-assembly1_D	5.813E-17	1.000	363	19.000	5.654E-01	7.246E-01	6.398E-01	7.145E-01	0.986	Vibrio phage ICP1_2011_A	strong_targeted_support	runs/v2_full_test_evidence_regime/structure_panel/esmfold_pdb/YP_002922847.1.pdb
	YP_010745996.1	Guernseyvirinae		852	852	82.777	88.13	29.78	98.34	0.843	0.423				8xcg-assembly1_Z	2.645E-27	1.000	776	13.200	4.697E-01	6.401E-01	4.665E-01	6.358E-01	0.911	Escherichia phage Lambda	strong_targeted_support	runs/v2_full_test_evidence_regime/structure_panel/esmfold_pdb/YP_010745996.1.pdb
	YP_010655598.1	Zukovirus		181	181	82.736	87.4	42.32	96.0	0.823	0.37				5dm0-assembly1_A	1.908E-04	1.000	230	12.100	5.631E-01	7.253E-01	6.819E-01	4.878E-01	1.271	Bacillus velezensis FZB42	strong_targeted_support	runs/v2_full_test_evidence_regime/structure_panel/esmfold_pdb/YP_010655598.1.pdb
	YP_008873479.1	Joanripponvirinae		331	331	82.725	84.67	52.64	93.35	0.909	0.103				7y3t-assembly1_G	2.723E-06	1.000	304	9.200	4.460E-01	6.584E-01	5.332E-01	5.082E-01	0.918	Klebsiella phage Kp7	strong_targeted_support	runs/v2_full_test_evidence_regime/structure_panel/esmfold_pdb/YP_008873479.1.pdb
	YP_010680627.1	Joanripponvirinae		299	299	82.715	89.25	42.88	98.46	0.773	0.478				2yqm-assembly1_A	1.954E+00	0.473	38	23.600	5.078E-01	6.172E-01	9.202E-02	2.761E-01	0.127	Homo sapiens	model_confident_no_clear_pdb_analog	runs/v2_full_test_evidence_regime/structure_panel/esmfold_pdb/YP_010680627.1.pdb
	YP_009593384.1	Vieuvirus		156	156	82.713	85.83	50.75	93.68	0.865	0.269				6xg8-assembly1_A	6.072E+00	0.569	37	16.200	5.995E-01	8.948E-01	2.297E-01	9.088E-02	0.237	Acetivibrio thermocellus ATCC 27405	model_confident_no_clear_pdb_analog	runs/v2_full_test_evidence_regime/structure_panel/esmfold_pdb/YP_009593384.1.pdb
	YP_003857216.1	Lclasvirinae		425	425	82.697	86.44	36.18	97.72	0.861	0.348				6vt5-assembly1_A	1.664E-14	1.000	409	15.400	5.144E-01	7.436E-01	5.913E-01	7.261E-01	0.962	Naegleria gruberi	strong_targeted_support	runs/v2_full_test_evidence_regime/structure_panel/esmfold_pdb/YP_003857216.1.pdb
	YP_010745922.1	Guernseyvirinae		139	139	82.679	86.97	41.55	94.99	0.878	0.331				2l25-assembly1_A	1.363E-06	1.000	144	18.000	6.161E-01	7.572E-01	7.476E-01	7.382E-01	1.036	Bordetella bronchiseptica	strong_targeted_support	runs/v2_full_test_evidence_regime/structure_panel/esmfold_pdb/YP_010745922.1.pdb
	YP_008408665.1	Lclasvirinae		356	356	82.657	88.11	27.34	98.58	0.837	0.433				7xgg-assembly2_D	3.443E+00	0.116	177	8.400	3.864E-01	3.438E-01	1.887E-01	3.312E-01	0.497	synthetic construct	model_confident_no_clear_pdb_analog	runs/v2_full_test_evidence_regime/structure_panel/esmfold_pdb/YP_008408665.1.pdb
	YP_010658062.1	Demetervirinae		91	91	82.649	89.29	44.68	94.0	0.813	0.462				8uez-assembly1_1J	7.597E+00	0.106	82	18.200	5.241E-01	5.086E-01	4.527E-01	2.750E-01	0.901	Sus scrofa	model_confident_no_clear_pdb_analog	runs/v2_full_test_evidence_regime/structure_panel/esmfold_pdb/YP_010658062.1.pdb
	YP_010745869.1	Guernseyvirinae		852	852	82.639	88.41	29.79	98.07	0.832	0.428				8xcg-assembly1_Z	7.548E-26	1.000	775	13.600	4.904E-01	6.687E-01	4.859E-01	6.639E-01	0.91	Escherichia phage Lambda	strong_targeted_support	runs/v2_full_test_evidence_regime/structure_panel/esmfold_pdb/YP_010745869.1.pdb
	YP_010746877.1	Guernseyvirinae		852	852	82.634	88.25	30.23	98.24	0.84	0.415				8xcg-assembly1_Z	2.177E-26	1.000	701	14.500	4.495E-01	5.928E-01	4.291E-01	5.857E-01	0.823	Escherichia phage Lambda	strong_targeted_support	runs/v2_full_test_evidence_regime/structure_panel/esmfold_pdb/YP_010746877.1.pdb
	YP_009202394.1	Lclasvirinae		356	356	82.628	88.86	29.74	98.61	0.815	0.469				1rci-assembly1_A	1.840E+00	0.301	103	18.400	4.062E-01	4.181E-01	1.118E-01	2.239E-01	0.289	Aquarana catesbeiana	model_confident_no_clear_pdb_analog	runs/v2_full_test_evidence_regime/structure_panel/esmfold_pdb/YP_009202394.1.pdb
	NP_690913.1	Geminiviridae		256	256	82.621	88.185	52.02	97.09	0.727	0.414				6f2s-assembly1_I	1.375E-32	1.000	203	83.700	8.211E-01	8.953E-01	7.148E-01	8.911E-01	0.793	Ageratum yellow vein virus	strong_targeted_support	runs/v2_full_test_evidence_regime/structure_panel/esmfold_pdb/NP_690913.1.pdb
	YP_009618741.1	Ounavirinae		146	146	82.578	84.295	47.8	92.08	0.938	0.082				2caz-assembly1_C	4.323E+00	0.663	59	11.800	7.439E-01	9.059E-01	3.821E-01	8.288E-01	0.404	Saccharomyces cerevisiae	model_confident_no_clear_pdb_analog	runs/v2_full_test_evidence_regime/structure_panel/esmfold_pdb/YP_009618741.1.pdb
	YP_010680723.1	Joanripponvirinae		224	224	82.577	86.225	34.51	97.04	0.848	0.433				2yn3-assembly1_C	2.084E-04	1.000	241	12.000	4.622E-01	6.088E-01	5.276E-01	4.265E-01	1.076	Salmonella enterica subsp. enterica serovar Typhimurium str. LT2	strong_targeted_support	runs/v2_full_test_evidence_regime/structure_panel/esmfold_pdb/YP_010680723.1.pdb
	YP_010060986.1	Benedictvirus		337	337	82.456	88.25	42.09	97.67	0.792	0.43				9d93-assembly1_Mc	2.147E-32	1.000	679	27.800	7.657E-01	8.279E-01	8.233E-01	4.320E-01	2.015	Mycobacterium phage Bxb1	strong_targeted_support	runs/v2_full_test_evidence_regime/structure_panel/esmfold_pdb/YP_010060986.1.pdb
	YP_009600443.1	Ounavirinae		368	368	82.451	86.865	41.06	97.62	0.821	0.367				8g1r-assembly1_D	6.244E-16	1.000	366	18.500	5.653E-01	7.211E-01	6.445E-01	7.191E-01	0.995	Vibrio phage ICP1_2011_A	strong_targeted_support	runs/v2_full_test_evidence_regime/structure_panel/esmfold_pdb/YP_009600443.1.pdb
	YP_009844359.1	Menderavirus		216	216	82.446	90.435	38.03	97.71	0.796	0.505				5jbl-assembly1_B	1.443E-11	1.000	148	27.700	7.682E-01	9.223E-01	6.241E-01	8.140E-01	0.685	Tequatrovirus T4	strong_targeted_support	runs/v2_full_test_evidence_regime/structure_panel/esmfold_pdb/YP_009844359.1.pdb
	YP_010102932.1	Frickvirinae		197	197	82.438	87.1	44.75	97.49	0.807	0.391				5h7f-assembly1_A	4.579E-05	1.000	189	19.500	5.204E-01	6.290E-01	5.344E-01	5.728E-01	0.959	Deinococcus radiodurans	strong_targeted_support	runs/v2_full_test_evidence_regime/structure_panel/esmfold_pdb/YP_010102932.1.pdb
	YP_009843010.1	Montyvirus		399	399	82.431	85.92	43.63	98.31	0.764	0.393				6xgq-assembly1_G	9.915E-15	1.000	385	12.200	5.240E-01	6.840E-01	5.658E-01	6.660E-01	0.965	Bacteriophage sp.	strong_targeted_support	runs/v2_full_test_evidence_regime/structure_panel/esmfold_pdb/YP_009843010.1.pdb
	YP_010582342.1	Guernseyvirinae		427	427	82.418	88.28	36.08	98.66	0.796	0.426				6ppr-assembly1_A	6.274E-04	1.000	238	17.600	3.790E-01	5.955E-01	3.086E-01	1.708E-01	0.557	Mycolicibacterium smegmatis	local_structural_support	runs/v2_full_test_evidence_regime/structure_panel/esmfold_pdb/YP_010582342.1.pdb
	YP_009275114.1	Montyvirus		259	259	82.412	83.66	51.29	97.33	0.88	0.286				5w95-assembly2_B	5.307E-06	1.000	285	17.500	6.116E-01	7.146E-01	6.312E-01	6.204E-01	1.1	Mycobacterium tuberculosis	strong_targeted_support	runs/v2_full_test_evidence_regime/structure_panel/esmfold_pdb/YP_009275114.1.pdb
	YP_009903509.1	Drexlerviridae		230	230	82.389	88.34	48.79	98.02	0.774	0.461				7x9d-assembly1_D	2.336E-07	1.000	299	15.300	4.665E-01	6.168E-01	6.034E-01	5.145E-01	1.3	Homo sapiens	strong_targeted_support	runs/v2_full_test_evidence_regime/structure_panel/esmfold_pdb/YP_009903509.1.pdb
	YP_009789937.1	Drexlerviridae		375	375	82.374	88.24	30.58	98.58	0.805	0.419				3njq-assembly1_B	3.506E-01	0.442	98	12.200	3.392E-01	5.302E-01	1.574E-01	2.763E-01	0.261	Human herpesvirus 8 type M	model_confident_no_clear_pdb_analog	runs/v2_full_test_evidence_regime/structure_panel/esmfold_pdb/YP_009789937.1.pdb
	YP_009508967.1	Ensavirinae		150	150	82.372	86.975	26.39	93.66	0.887	0.26				9fgo-assembly1_A	4.047E-20	1.000	145	66.800	8.419E-01	9.485E-01	9.119E-01	9.178E-01	0.967	Enterovirus A71	strong_targeted_support	runs/v2_full_test_evidence_regime/structure_panel/esmfold_pdb/YP_009508967.1.pdb
	YP_009903006.1	Drexlerviridae		230	230	82.359	88.36	49.11	98.11	0.774	0.457				7x9d-assembly1_D	1.715E-07	1.000	299	15.300	4.674E-01	6.174E-01	6.040E-01	5.147E-01	1.3	Homo sapiens	strong_targeted_support	runs/v2_full_test_evidence_regime/structure_panel/esmfold_pdb/YP_009903006.1.pdb
	NP_042670.1	Gammaherpesvirinae		330	330	82.339	85.14	49.93	93.45	0.894	0.133				6lfo-assembly1_R	2.445E-08	1.000	298	19.700	6.872E-01	8.484E-01	7.438E-01	7.952E-01	0.903	Homo sapiens	strong_targeted_support	runs/v2_full_test_evidence_regime/structure_panel/esmfold_pdb/NP_042670.1.pdb
	YP_009187879.1	Sepvirinae		67	67	82.321	88.73	46.24	94.36	0.806	0.388				1d1l-assembly1_A	1.526E-07	1.000	60	53.300	8.340E-01	9.087E-01	8.041E-01	8.801E-01	0.896	Lambdavirus lambda	strong_targeted_support	runs/v2_full_test_evidence_regime/structure_panel/esmfold_pdb/YP_009187879.1.pdb
	YP_009907900.1	Sepvirinae		67	67	82.321	88.73	46.24	94.36	0.806	0.388				1d1l-assembly1_A	1.526E-07	1.000	60	53.300	8.340E-01	9.087E-01	8.041E-01	8.801E-01	0.896	Lambdavirus lambda	strong_targeted_support	runs/v2_full_test_evidence_regime/structure_panel/esmfold_pdb/YP_009907900.1.pdb
	YP_010761389.1	Drexlerviridae		371	371	82.273	87.93	23.33	98.42	0.803	0.383				5v5e-assembly3_B-2	1.246E-02	0.971	187	12.200	4.097E-01	5.172E-01	2.101E-01	3.930E-01	0.504	Human gammaherpesvirus 8	foldseek_only_low_model_confidence	runs/v2_full_test_evidence_regime/structure_panel/esmfold_pdb/YP_010761389.1.pdb
	YP_010681399.1	Heleneionescovirinae		151	151	82.259	85.1	52.16	93.85	0.861	0.212				4yc0-assembly1_A	2.987E-05	1.000	171	18.100	5.228E-01	5.930E-01	5.759E-01	4.103E-01	1.132	Vibrio splendidus	strong_targeted_support	runs/v2_full_test_evidence_regime/structure_panel/esmfold_pdb/YP_010681399.1.pdb
	YP_010681344.1	Joanripponvirinae		475	475	82.251	88.41	36.3	97.92	0.749	0.459				4v08-assembly1_A	1.239E-01	0.663	187	9.600	3.780E-01	4.896E-01	1.652E-01	3.370E-01	0.394	Suid alphaherpesvirus 1	model_confident_no_clear_pdb_analog	runs/v2_full_test_evidence_regime/structure_panel/esmfold_pdb/YP_010681344.1.pdb
	YP_009903476.1	Drexlerviridae		108	108	82.174	87.71	42.98	94.67	0.787	0.426				8i83-assembly1_E-2	7.022E-01	0.353	31	19.300	3.652E-01	6.772E-01	2.273E-01	6.641E-02	0.287	Lysinibacillus composti	model_confident_no_clear_pdb_analog	runs/v2_full_test_evidence_regime/structure_panel/esmfold_pdb/YP_009903476.1.pdb
	YP_010748026.1	Guernseyvirinae		227	227	82.13	87.33	39.16	98.0	0.819	0.414				8tdr-assembly1_A	1.162E-07	1.000	288	12.800	4.937E-01	6.313E-01	6.172E-01	5.255E-01	1.269	Homo sapiens	strong_targeted_support	runs/v2_full_test_evidence_regime/structure_panel/esmfold_pdb/YP_010748026.1.pdb
	YP_009903558.1	Drexlerviridae		678	678	82.109	86.965	29.45	98.48	0.826	0.376				8h5z-assembly1_B	4.793E-23	1.000	682	20.500	5.223E-01	5.664E-01	4.680E-01	5.617E-01	1.006	Escherichia coli K-12	strong_targeted_support	runs/v2_full_test_evidence_regime/structure_panel/esmfold_pdb/YP_009903558.1.pdb
	YP_011413798.1	Valentinivirus		405	405	82.109	87.1	47.18	95.59	0.825	0.279				6bzo-assembly1_J	3.817E+00	0.164	53	24.500	4.178E-01	4.247E-01	8.410E-02	2.474E-01	0.131	Mycobacterium tuberculosis	model_confident_no_clear_pdb_analog	runs/v2_full_test_evidence_regime/structure_panel/esmfold_pdb/YP_011413798.1.pdb
	YP_007673752.1	Eurybiavirus		560	560	82.054	86.7	35.88	98.42	0.796	0.414				3ja7-assembly1_A	2.022E-28	1.000	450	36.600	6.895E-01	7.380E-01	5.738E-01	7.332E-01	0.804	Tequatrovirus T4	strong_targeted_support	runs/v2_full_test_evidence_regime/structure_panel/esmfold_pdb/YP_007673752.1.pdb
	YP_009808754.1	Drexlerviridae		230	230	82.028	87.555	49.68	97.67	0.774	0.422				7x9d-assembly1_D	4.216E-07	1.000	297	15.400	4.669E-01	6.215E-01	6.078E-01	5.185E-01	1.291	Homo sapiens	strong_targeted_support	runs/v2_full_test_evidence_regime/structure_panel/esmfold_pdb/YP_009808754.1.pdb
	YP_010064244.1	Pukovnikvirus		154	154	81.997	86.74	51.91	93.53	0.844	0.292				1en7-assembly1_B	1.807E-03	1.000	114	27.100	5.634E-01	5.816E-01	3.798E-01	3.739E-01	0.74	Tequatrovirus T4	local_structural_support	runs/v2_full_test_evidence_regime/structure_panel/esmfold_pdb/YP_010064244.1.pdb
	YP_004782187.1	Enquatrovirinae		406	406	81.995	86.355	54.05	98.13	0.717	0.367				2k7r-assembly1_A	8.886E+00	0.057	66	22.700	4.073E-01	4.220E-01	1.073E-01	3.059E-01	0.163	Bacillus subtilis	model_confident_no_clear_pdb_analog	runs/v2_full_test_evidence_regime/structure_panel/esmfold_pdb/YP_004782187.1.pdb
	YP_009044397.1	Gammaherpesvirinae		302	302	81.981	83.455	55.98	96.43	0.877	0.222				8yic-assembly1_R	3.303E-04	1.000	300	13.000	6.155E-01	7.957E-01	7.308E-01	7.375E-01	0.993	Tequatrovirus T4	strong_targeted_support	runs/v2_full_test_evidence_regime/structure_panel/esmfold_pdb/YP_009044397.1.pdb
	YP_009553694.1	Riboviria		342	342	81.979	86.195	36.32	95.55	0.833	0.287				5grb-assembly1_F	4.756E-09	1.000	225	15.500	6.042E-01	7.509E-01	4.537E-01	7.146E-01	0.658	Enterovirus	strong_targeted_support	runs/v2_full_test_evidence_regime/structure_panel/esmfold_pdb/YP_009553694.1.pdb
	YP_009850715.1	Menderavirus		221	221	81.96	89.34	38.55	97.74	0.778	0.475				5jbl-assembly1_B	2.040E-11	1.000	147	27.200	7.709E-01	9.289E-01	6.143E-01	8.197E-01	0.665	Tequatrovirus T4	strong_targeted_support	runs/v2_full_test_evidence_regime/structure_panel/esmfold_pdb/YP_009850715.1.pdb
	YP_010680370.1	Joanripponvirinae		297	297	81.924	89.35	41.33	98.24	0.758	0.478				2yqm-assembly1_A	1.740E+00	0.473	38	23.600	5.107E-01	6.198E-01	9.255E-02	2.762E-01	0.128	Homo sapiens	model_confident_no_clear_pdb_analog	runs/v2_full_test_evidence_regime/structure_panel/esmfold_pdb/YP_010680370.1.pdb
	YP_010746050.1	Guernseyvirinae		59	59	81.89	86.12	45.84	91.47	0.847	0.136																runs/v2_full_test_evidence_regime/structure_panel/esmfold_pdb/YP_010746050.1.pdb
	YP_009796266.1	Ackermannviridae		126	126	81.885	83.39	45.38	93.51	0.897	0.183				2ia7-assembly1_A	2.779E-07	1.000	109	22.900	7.113E-01	8.540E-01	7.370E-01	8.265E-01	0.865	Geobacter sulfurreducens	strong_targeted_support	runs/v2_full_test_evidence_regime/structure_panel/esmfold_pdb/YP_009796266.1.pdb
	YP_002224029.1	Geminiviridae		258	258	81.812	86.335	43.87	97.41	0.81	0.333				6f2s-assembly1_I	2.372E-32	1.000	202	84.100	8.451E-01	9.050E-01	7.116E-01	8.963E-01	0.783	Ageratum yellow vein virus	strong_targeted_support	runs/v2_full_test_evidence_regime/structure_panel/esmfold_pdb/YP_002224029.1.pdb
	NP_047238.1	Geminiviridae		251	251	81.807	86.97	43.74	97.6	0.793	0.355				6f2s-assembly1_I	9.397E-33	1.000	203	82.200	8.308E-01	8.806E-01	7.154E-01	8.764E-01	0.809	Ageratum yellow vein virus	strong_targeted_support	runs/v2_full_test_evidence_regime/structure_panel/esmfold_pdb/NP_047238.1.pdb
	YP_009497863.1	Portogloboviridae		96	96	81.787	86.595	41.55	92.01	0.885	0.24				5kk1-assembly1_A	2.669E-03	1.000	85	16.400	6.869E-01	8.607E-01	7.283E-01	7.890E-01	0.885	Sulfolobus sp. NOB8H2	strong_targeted_support	runs/v2_full_test_evidence_regime/structure_panel/esmfold_pdb/YP_009497863.1.pdb
	YP_115513.1	Geminiviridae		253	253	81.76	85.7	47.43	94.11	0.85	0.281				6f2s-assembly1_H	4.610E-09	1.000	207	13.000	5.975E-01	7.798E-01	5.744E-01	6.564E-01	0.818	Ageratum yellow vein virus	strong_targeted_support	runs/v2_full_test_evidence_regime/structure_panel/esmfold_pdb/YP_115513.1.pdb
	YP_010746490.1	Guernseyvirinae		144	144	81.692	85.385	53.31	95.18	0.812	0.257				1m4y-assembly1_A	7.017E-07	1.000	186	20.400	5.868E-01	7.209E-01	7.027E-01	6.006E-01	1.292	Thermotoga maritima	strong_targeted_support	runs/v2_full_test_evidence_regime/structure_panel/esmfold_pdb/YP_010746490.1.pdb
	YP_010064352.1	Pukovnikvirus		156	156	81.682	85.27	37.04	95.74	0.827	0.397				6mdx-assembly1_A	1.349E-04	1.000	177	19.700	5.120E-01	5.590E-01	5.344E-01	4.664E-01	1.135	Homo sapiens	strong_targeted_support	runs/v2_full_test_evidence_regime/structure_panel/esmfold_pdb/YP_010064352.1.pdb
	YP_009506456.1	Geminiviridae		257	257	81.667	87.02	44.39	97.27	0.798	0.354				6f2s-assembly1_I	1.569E-31	1.000	203	79.300	8.230E-01	8.772E-01	6.948E-01	8.730E-01	0.79	Ageratum yellow vein virus	strong_targeted_support	runs/v2_full_test_evidence_regime/structure_panel/esmfold_pdb/YP_009506456.1.pdb
	YP_009508123.1	Geminiviridae		257	257	81.651	87.48	46.9	97.47	0.724	0.385				6f2s-assembly1_I	2.090E-31	1.000	203	78.300	8.339E-01	8.855E-01	7.006E-01	8.812E-01	0.79	Ageratum yellow vein virus	strong_targeted_support	runs/v2_full_test_evidence_regime/structure_panel/esmfold_pdb/YP_009508123.1.pdb
	YP_009854219.1	Ackermannviridae		604	604	81.58	88.19	30.7	97.78	0.79	0.44				3d8p-assembly2_B	8.639E-03	1.000	197	16.700	5.182E-01	6.160E-01	1.766E-01	5.959E-01	0.326	Staphylococcus aureus subsp. aureus Mu50	foldseek_only_low_model_confidence	runs/v2_full_test_evidence_regime/structure_panel/esmfold_pdb/YP_009854219.1.pdb
	YP_008433560.1	Baikalvirus		132	132	81.558	85.845	32.93	93.87	0.871	0.212				5iw9-assembly1_B	1.242E-05	1.000	100	27.000	6.882E-01	8.431E-01	6.473E-01	6.797E-01	0.758	Tequatrovirus T4	strong_targeted_support	runs/v2_full_test_evidence_regime/structure_panel/esmfold_pdb/YP_008433560.1.pdb
	YP_007236711.1	Coetzeevirus		248	248	81.506	86.015	44.03	97.54	0.766	0.339				3l0a-assembly1_A	8.943E-06	1.000	249	15.200	5.392E-01	7.274E-01	6.728E-01	6.321E-01	1.004	Agathobacter rectalis ATCC 33656	strong_targeted_support	runs/v2_full_test_evidence_regime/structure_panel/esmfold_pdb/YP_007236711.1.pdb
	YP_009608644.1	Guernseyvirinae		61	61	81.481	85.05	43.47	90.52	0.902	0.033				6ama-assembly1_A	6.935E-03	1.000	57	22.800	6.395E-01	6.997E-01	6.043E-01	6.682E-01	0.934	Streptomyces venezuelae	strong_targeted_support	runs/v2_full_test_evidence_regime/structure_panel/esmfold_pdb/YP_009608644.1.pdb
	YP_009881551.1	Twarogvirinae		79	79	81.449	87.61	47.23	92.92	0.81	0.316				3u5v-assembly1_A-2	1.758E+00	0.277	54	9.200	6.940E-01	6.267E-01	4.511E-01	5.517E-01	0.684	Mus musculus	model_confident_no_clear_pdb_analog	runs/v2_full_test_evidence_regime/structure_panel/esmfold_pdb/YP_009881551.1.pdb
	YP_008051929.1	Timshelvirus		158	158	81.441	85.04	42.39	95.62	0.823	0.392				6mdw-assembly1_A	2.816E-04	1.000	153	21.500	4.920E-01	6.087E-01	4.992E-01	4.373E-01	0.968	Homo sapiens	strong_targeted_support	runs/v2_full_test_evidence_regime/structure_panel/esmfold_pdb/YP_008051929.1.pdb
	YP_010114447.1	Immutovirus		186	186	81.384	89.53	44.82	98.53	0.737	0.484				7qfu-assembly1_A	1.675E-03	1.000	166	20.400	5.752E-01	6.095E-01	4.689E-01	5.316E-01	0.892	Enterococcus faecalis	strong_targeted_support	runs/v2_full_test_evidence_regime/structure_panel/esmfold_pdb/YP_010114447.1.pdb
	YP_009417306.1	Geminiviridae		236	236	81.37	87.895	45.64	97.35	0.733	0.462				8ugq-assembly1_B	2.414E-13	1.000	214	17.700	6.585E-01	8.429E-01	7.175E-01	7.811E-01	0.907	Maize streak virus - [Nigeria]	strong_targeted_support	runs/v2_full_test_evidence_regime/structure_panel/esmfold_pdb/YP_009417306.1.pdb
	NP_660085.1	Geminiviridae		253	253	81.367	86.31	46.26	93.16	0.838	0.233				6f2s-assembly1_I	9.740E-10	1.000	208	13.900	6.568E-01	7.915E-01	5.768E-01	7.081E-01	0.822	Ageratum yellow vein virus	strong_targeted_support	runs/v2_full_test_evidence_regime/structure_panel/esmfold_pdb/NP_660085.1.pdb
	YP_010667567.1	Menderavirus		131	131	81.359	84.95	36.61	94.44	0.878	0.229				2ia7-assembly1_A	4.768E-06	1.000	99	17.100	7.335E-01	8.761E-01	6.657E-01	7.751E-01	0.756	Geobacter sulfurreducens	strong_targeted_support	runs/v2_full_test_evidence_regime/structure_panel/esmfold_pdb/YP_010667567.1.pdb
	YP_009020966.1	Ensavirinae		150	150	81.35	86.715	26.33	94.66	0.887	0.2				9fgo-assembly1_A	2.823E-20	1.000	145	62.000	8.858E-01	9.705E-01	9.325E-01	9.386E-01	0.967	Enterovirus A71	strong_targeted_support	runs/v2_full_test_evidence_regime/structure_panel/esmfold_pdb/YP_009020966.1.pdb
	YP_009362821.1	Rudiviridae		160	160	81.34	84.955	35.46	95.22	0.819	0.219				3m70-assembly1_A	7.443E-05	1.000	196	12.700	5.628E-01	7.477E-01	7.192E-01	4.280E-01	1.225	Haemophilus influenzae	strong_targeted_support	runs/v2_full_test_evidence_regime/structure_panel/esmfold_pdb/YP_009362821.1.pdb
	YP_009621728.1	Ounavirinae		377	377	81.331	96.75	33.93	98.65	0.679	0.65				9flp-assembly1_A	3.529E-15	1.000	264	27.200	6.132E-01	7.045E-01	4.899E-01	2.229E-01	0.7	Aureispira sp. CCB-QB1	strong_targeted_support	runs/v2_full_test_evidence_regime/structure_panel/esmfold_pdb/YP_009621728.1.pdb
	YP_010080467.1	Agmunavirus		197	197	81.258	83.45	52.09	97.58	0.782	0.381				8dcb-assembly2_B	1.525E-07	1.000	260	21.500	5.400E-01	5.621E-01	5.482E-01	2.640E-01	1.32	Pyrococcus horikoshii OT3	strong_targeted_support	runs/v2_full_test_evidence_regime/structure_panel/esmfold_pdb/YP_010080467.1.pdb
	YP_010245853.1	Geminiviridae		252	252	81.172	85.215	47.55	93.84	0.837	0.135				6f2s-assembly1_I	4.918E-11	1.000	208	16.800	6.367E-01	8.023E-01	5.867E-01	7.156E-01	0.825	Ageratum yellow vein virus	strong_targeted_support	runs/v2_full_test_evidence_regime/structure_panel/esmfold_pdb/YP_010245853.1.pdb
	NP_049524.1	Sepvirinae		75	75	81.169	86.94	46.87	95.13	0.8	0.373				6mic-assembly1_A	1.058E+00	0.505	124	12.000	4.701E-01	5.409E-01	5.190E-01	2.731E-01	1.653	Vibrio cholerae O395	strong_targeted_support	runs/v2_full_test_evidence_regime/structure_panel/esmfold_pdb/NP_049524.1.pdb
	NP_859280.1	Sepvirinae		75	75	81.169	86.94	46.87	95.13	0.8	0.373				6mic-assembly1_A	1.058E+00	0.505	124	12.000	4.701E-01	5.409E-01	5.190E-01	2.731E-01	1.653	Vibrio cholerae O395	strong_targeted_support	runs/v2_full_test_evidence_regime/structure_panel/esmfold_pdb/NP_859280.1.pdb
	YP_010050880.1	Ruthgordonvirinae		416	416	81.11	89.34	34.89	98.36	0.764	0.493				2fs3-assembly1_A-60	4.071E-24	1.000	266	29.600	7.084E-01	8.532E-01	5.380E-01	7.772E-01	0.639	Byrnievirus HK97	strong_targeted_support	runs/v2_full_test_evidence_regime/structure_panel/esmfold_pdb/YP_010050880.1.pdb
	YP_010582526.1	Guernseyvirinae		680	680	81.105	85.65	39.71	98.24	0.775	0.372				6g0x-assembly1_A	1.312E-06	1.000	632	12.300	4.527E-01	5.700E-01	4.455E-01	4.993E-01	0.929	Enterobacteria phage HK620	strong_targeted_support	runs/v2_full_test_evidence_regime/structure_panel/esmfold_pdb/YP_010582526.1.pdb
	YP_009152754.1	Enhodamvirus		568	568	81.099	89.32	29.78	98.58	0.799	0.475				3cpe-assembly1_A	9.152E-12	1.000	539	11.600	4.849E-01	4.198E-01	3.166E-01	3.247E-01	0.949	Tequatrovirus T4	local_structural_support	runs/v2_full_test_evidence_regime/structure_panel/esmfold_pdb/YP_009152754.1.pdb
	YP_009837516.1	Enquatrovirinae		409	409	81.068	85.79	47.77	98.22	0.685	0.399				7ek7-assembly1_C	1.754E+00	0.051	161	15.500	4.188E-01	1.714E-01	7.772E-02	1.513E-01	0.394	Penaeus japonicus	model_confident_no_clear_pdb_analog	runs/v2_full_test_evidence_regime/structure_panel/esmfold_pdb/YP_009837516.1.pdb
	YP_009336965.1	Riboviria		476	476	81.059	92.875	27.3	98.73	0.777	0.555				5u0b-assembly2_B	1.866E-11	1.000	524	14.500	5.130E-01	7.531E-01	6.649E-01	3.815E-01	1.101	Zika virus	strong_targeted_support	runs/v2_full_test_evidence_regime/structure_panel/esmfold_pdb/YP_009336965.1.pdb
	YP_009043737.1	Rhodovirinae		149	149	81.002	87.48	45.25	95.63	0.785	0.349				7bgn-assembly2_D	1.878E+00	0.106	104	11.500	4.272E-01	3.775E-01	2.418E-01	1.921E-01	0.698	Medicago truncatula	model_confident_no_clear_pdb_analog	runs/v2_full_test_evidence_regime/structure_panel/esmfold_pdb/YP_009043737.1.pdb
	YP_009903413.1	Drexlerviridae		681	681	80.992	86.56	33.5	98.42	0.79	0.383				8h5z-assembly1_B	7.809E-26	1.000	691	20.900	5.438E-01	5.580E-01	4.608E-01	5.552E-01	1.015	Escherichia coli K-12	strong_targeted_support	runs/v2_full_test_evidence_regime/structure_panel/esmfold_pdb/YP_009903413.1.pdb
	YP_009204833.1	Slopekvirinae		894	894	80.968	86.035	36.54	96.46	0.809	0.357				8vb2-assembly1_I	2.868E-18	1.000	934	17.800	5.085E-01	2.594E-01	2.467E-01	2.575E-01	1.045	Pectobacterium phage PhiM1	foldseek_only_low_model_confidence	runs/v2_full_test_evidence_regime/structure_panel/esmfold_pdb/YP_009204833.1.pdb
	YP_009903063.1	Drexlerviridae		678	678	80.929	86.405	31.1	98.49	0.789	0.381				7r7j-assembly2_B	1.882E-31	1.000	698	23.000	5.381E-01	5.246E-01	4.493E-01	5.213E-01	1.029	Escherichia coli K-12	strong_targeted_support	runs/v2_full_test_evidence_regime/structure_panel/esmfold_pdb/YP_009903063.1.pdb
	YP_009188786.1	Slopekvirinae		894	894	80.87	85.565	33.14	96.65	0.81	0.346				8vb2-assembly1_I	2.391E-17	1.000	916	18.400	5.110E-01	2.970E-01	2.819E-01	2.949E-01	1.025	Pectobacterium phage PhiM1	foldseek_only_low_model_confidence	runs/v2_full_test_evidence_regime/structure_panel/esmfold_pdb/YP_009188786.1.pdb
	YP_010052582.1	Kantovirinae		379	379	80.841	88.12	39.62	97.88	0.726	0.443				4v07-assembly1_A	3.170E-03	0.999	184	18.400	4.723E-01	5.721E-01	2.338E-01	3.885E-01	0.485	Suid alphaherpesvirus 1	foldseek_only_low_model_confidence	runs/v2_full_test_evidence_regime/structure_panel/esmfold_pdb/YP_010052582.1.pdb
	YP_009789640.1	Yoloswagvirus		156	156	80.828	88.015	34.74	96.22	0.776	0.429				7t26-assembly1_A	4.400E-07	1.000	153	22.800	6.079E-01	7.543E-01	6.614E-01	7.444E-01	0.981	Erwinia phage FBB1	strong_targeted_support	runs/v2_full_test_evidence_regime/structure_panel/esmfold_pdb/YP_009789640.1.pdb
	YP_009902606.1	Drexlerviridae		230	230	80.708	86.02	43.61	98.35	0.735	0.378				8eih-assembly1_A	2.357E-06	1.000	290	13.400	4.542E-01	5.831E-01	5.659E-01	3.327E-01	1.261	Homo sapiens	strong_targeted_support	runs/v2_full_test_evidence_regime/structure_panel/esmfold_pdb/YP_009902606.1.pdb
	YP_009324683.1	Ounavirinae		58	58	80.684	81.56	50.71	91.36	0.914	0.103				3ld0-assembly1_A	1.429E-01	0.984	29	34.400	7.074E-01	8.227E-01	4.398E-01	4.771E-01	0.5	Bacillus licheniformis DSM 13 = ATCC 14580	strong_targeted_support	runs/v2_full_test_evidence_regime/structure_panel/esmfold_pdb/YP_009324683.1.pdb
	YP_007005414.1	Drexlerviridae		236	236	80.654	86.79	39.98	98.4	0.784	0.428				6irx-assembly1_A	4.509E-06	1.000	168	16.600	4.895E-01	6.778E-01	4.464E-01	2.323E-01	0.712	Danio rerio	strong_targeted_support	runs/v2_full_test_evidence_regime/structure_panel/esmfold_pdb/YP_007005414.1.pdb
	YP_009336686.1	Riboviria		416	416	80.611	85.575	45.59	97.97	0.767	0.349				4llf-assembly1_D	1.265E-16	1.000	338	17.100	6.367E-01	6.963E-01	5.061E-01	6.328E-01	0.812	Cucumber necrosis virus	strong_targeted_support	runs/v2_full_test_evidence_regime/structure_panel/esmfold_pdb/YP_009336686.1.pdb
	YP_010653380.1	Attisvirus		140	140	80.556	85.1	48.02	95.0	0.807	0.257				8yrj-assembly1_B	8.661E-02	0.933	145	13.700	4.315E-01	4.261E-01	3.942E-01	3.584E-01	1.036	Mus musculus	local_structural_support	runs/v2_full_test_evidence_regime/structure_panel/esmfold_pdb/YP_010653380.1.pdb
	YP_009702846.1	Asfarviridae		359	359	80.534	85.74	37.82	95.61	0.786	0.301				8q3k-assembly1_C	1.204E-53	1.000	361	91.100	7.890E-01	8.497E-01	8.475E-01	8.475E-01	1.006	African swine fever virus BA71V	strong_targeted_support	runs/v2_full_test_evidence_regime/structure_panel/esmfold_pdb/YP_009702846.1.pdb
	YP_009814963.1	Drexlerviridae		236	236	80.509	86.785	37.77	98.36	0.788	0.432				6irw-assembly2_B	5.420E-05	1.000	175	12.000	5.320E-01	6.788E-01	4.351E-01	2.183E-01	0.742	Homo sapiens	strong_targeted_support	runs/v2_full_test_evidence_regime/structure_panel/esmfold_pdb/YP_009814963.1.pdb
	YP_009337165.1	Riboviria		470	470	80.43	91.49	24.09	98.74	0.728	0.532				4e76-assembly1_A	5.149E-13	1.000	492	12.300	5.063E-01	7.124E-01	6.528E-01	5.761E-01	1.047	Hepatitis C virus JFH-1	strong_targeted_support	runs/v2_full_test_evidence_regime/structure_panel/esmfold_pdb/YP_009337165.1.pdb
	YP_009168859.1	Guernseyvirinae		851	851	80.386	88.64	28.67	98.38	0.765	0.428				8xcg-assembly1_Z	2.289E-27	1.000	784	14.400	4.726E-01	6.332E-01	4.632E-01	6.305E-01	0.921	Escherichia phage Lambda	strong_targeted_support	runs/v2_full_test_evidence_regime/structure_panel/esmfold_pdb/YP_009168859.1.pdb
	YP_009337330.1	Riboviria		248	248	80.364	86.545	48.84	96.69	0.726	0.411				2izw-assembly1_C	6.702E-12	1.000	209	18.100	6.841E-01	7.498E-01	5.843E-01	6.891E-01	0.843	Ryegrass mottle virus	strong_targeted_support	runs/v2_full_test_evidence_regime/structure_panel/esmfold_pdb/YP_009337330.1.pdb
	YP_010061497.1	Yeceytrevirus		62	62	80.335	83.275	54.16	88.68	0.839	0.0				1bhb-assembly1_A	7.297E+00	0.090	49	22.400	6.130E-01	5.116E-01	4.060E-01	3.833E-01	0.79	Halobacterium salinarum	model_confident_no_clear_pdb_analog	runs/v2_full_test_evidence_regime/structure_panel/esmfold_pdb/YP_010061497.1.pdb
	YP_009199927.1	Slopekvirinae		894	894	80.329	84.94	31.47	97.06	0.814	0.343				8vb2-assembly1_I	4.859E-17	1.000	911	18.400	5.229E-01	3.171E-01	2.987E-01	3.117E-01	1.019	Pectobacterium phage PhiM1	foldseek_only_low_model_confidence	runs/v2_full_test_evidence_regime/structure_panel/esmfold_pdb/YP_009199927.1.pdb
	YP_009846031.1	Montyvirus		156	156	80.323	86.695	33.34	94.32	0.833	0.244				6o3h-assembly1_H	6.260E-03	0.956	154	17.500	3.644E-01	5.018E-01	4.147E-01	4.410E-01	0.987	Oshimavirus P7426	strong_targeted_support	runs/v2_full_test_evidence_regime/structure_panel/esmfold_pdb/YP_009846031.1.pdb
	YP_009020978.1	Ensavirinae		150	150	80.285	85.46	23.23	93.72	0.86	0.167				9fgo-assembly1_A	2.592E-20	1.000	145	59.300	8.789E-01	9.520E-01	9.147E-01	9.207E-01	0.967	Enterovirus A71	strong_targeted_support	runs/v2_full_test_evidence_regime/structure_panel/esmfold_pdb/YP_009020978.1.pdb
	YP_009845811.1	Ackermannviridae		218	218	80.244	90.31	35.9	98.26	0.734	0.514				5jbl-assembly1_A	8.459E-12	1.000	135	34.000	7.957E-01	9.626E-01	5.814E-01	7.635E-01	0.619	Tequatrovirus T4	strong_targeted_support	runs/v2_full_test_evidence_regime/structure_panel/esmfold_pdb/YP_009845811.1.pdb
	YP_009702645.1	Asfarviridae		354	354	80.234	84.275	36.09	97.84	0.811	0.268				6t8o-assembly1_A	3.510E-04	1.000	354	12.400	4.097E-01	5.472E-01	4.171E-01	3.785E-01	1.0	Pseudomonas aeruginosa PAO1	strong_targeted_support	runs/v2_full_test_evidence_regime/structure_panel/esmfold_pdb/YP_009702645.1.pdb
	YP_009304732.1	Pukovnikvirus		156	156	80.226	83.095	37.83	95.9	0.782	0.372				6mdx-assembly1_A	5.500E-04	1.000	154	20.700	5.049E-01	6.188E-01	5.304E-01	4.657E-01	0.987	Homo sapiens	strong_targeted_support	runs/v2_full_test_evidence_regime/structure_panel/esmfold_pdb/YP_009304732.1.pdb
	YP_009616031.1	Ackermannviridae		221	221	80.214	89.26	35.43	97.99	0.729	0.443				5jbl-assembly1_A	1.071E-12	1.000	151	35.000	7.472E-01	8.813E-01	5.874E-01	7.792E-01	0.683	Tequatrovirus T4	strong_targeted_support	runs/v2_full_test_evidence_regime/structure_panel/esmfold_pdb/YP_009616031.1.pdb
	YP_003857199.1	Lclasvirinae		74	74	80.199	85.805	38.43	93.64	0.838	0.203				6onu-assembly3_E	2.354E-02	1.000	62	22.500	6.643E-01	7.882E-01	6.396E-01	6.550E-01	0.838	Mycobacterium tuberculosis H37Rv	strong_targeted_support	runs/v2_full_test_evidence_regime/structure_panel/esmfold_pdb/YP_003857199.1.pdb
	YP_009635914.1	Lclasvirinae		74	74	80.199	85.805	38.43	93.64	0.838	0.203				6onu-assembly3_E	2.354E-02	1.000	62	22.500	6.643E-01	7.882E-01	6.396E-01	6.550E-01	0.838	Mycobacterium tuberculosis H37Rv	strong_targeted_support	runs/v2_full_test_evidence_regime/structure_panel/esmfold_pdb/YP_009635914.1.pdb
	YP_009908108.1	Sepvirinae		421	421	80.199	84.18	35.14	96.37	0.781	0.299				2xkl-assembly1_A-2	1.151E+00	0.569	34	2.900	3.903E-01	7.356E-01	7.435E-02	1.976E-01	0.081	Mus musculus	model_confident_no_clear_pdb_analog	runs/v2_full_test_evidence_regime/structure_panel/esmfold_pdb/YP_009908108.1.pdb
	YP_010101374.1	Lclasvirinae		74	74	80.199	85.805	38.43	93.64	0.838	0.203				6onu-assembly3_E	2.354E-02	1.000	62	22.500	6.643E-01	7.882E-01	6.396E-01	6.550E-01	0.838	Mycobacterium tuberculosis H37Rv	strong_targeted_support	runs/v2_full_test_evidence_regime/structure_panel/esmfold_pdb/YP_010101374.1.pdb
	YP_010105468.1	Lclasvirinae		74	74	80.199	85.805	38.43	93.64	0.838	0.203				6onu-assembly3_E	2.354E-02	1.000	62	22.500	6.643E-01	7.882E-01	6.396E-01	6.550E-01	0.838	Mycobacterium tuberculosis H37Rv	strong_targeted_support	runs/v2_full_test_evidence_regime/structure_panel/esmfold_pdb/YP_010105468.1.pdb
	YP_002317400.1	Geminiviridae		258	258	80.193	84.535	41.04	96.27	0.771	0.333				8ugq-assembly1_B	1.699E-09	1.000	233	14.500	5.449E-01	6.816E-01	5.580E-01	6.563E-01	0.903	Maize streak virus - [Nigeria]	strong_targeted_support	runs/v2_full_test_evidence_regime/structure_panel/esmfold_pdb/YP_002317400.1.pdb
	YP_009219466.1	Ounavirinae		58	58	80.153	81.035	49.76	91.82	0.914	0.103				3ld0-assembly1_A	1.003E-01	0.996	31	32.200	7.712E-01	8.405E-01	4.779E-01	5.185E-01	0.534	Bacillus licheniformis DSM 13 = ATCC 14580	strong_targeted_support	runs/v2_full_test_evidence_regime/structure_panel/esmfold_pdb/YP_009219466.1.pdb
	YP_009796174.1	Ackermannviridae		177	177	80.142	83.89	42.37	91.0	0.847	0.034				5iv5-assembly1_W	1.688E-08	1.000	195	14.300	7.099E-01	8.149E-01	7.941E-01	7.377E-01	1.102	Tequatrovirus T4	strong_targeted_support	runs/v2_full_test_evidence_regime/structure_panel/esmfold_pdb/YP_009796174.1.pdb
	YP_009616102.1	Ackermannviridae		126	126	80.133	82.055	44.82	92.56	0.849	0.127				2ia7-assembly1_A	4.347E-07	1.000	109	22.900	7.198E-01	8.635E-01	7.445E-01	8.353E-01	0.865	Geobacter sulfurreducens	strong_targeted_support	runs/v2_full_test_evidence_regime/structure_panel/esmfold_pdb/YP_009616102.1.pdb
	YP_010657796.1	Enquatrovirinae		411	411	80.111	85.23	43.26	98.01	0.701	0.363				6s3r-assembly1_A	5.185E+00	0.024	177	15.200	4.226E-01	1.869E-01	9.343E-02	1.644E-01	0.431	Pseudomonas savastanoi pv. phaseolicola 1448A	model_confident_no_clear_pdb_analog	runs/v2_full_test_evidence_regime/structure_panel/esmfold_pdb/YP_010657796.1.pdb
	NP_042806.1	Asfarviridae		359	359	80.105	84.87	38.34	95.1	0.797	0.245				8q3k-assembly1_C	3.426E-53	1.000	360	98.300	7.648E-01	8.523E-01	8.501E-01	8.501E-01	1.003	African swine fever virus BA71V	strong_targeted_support	runs/v2_full_test_evidence_regime/structure_panel/esmfold_pdb/NP_042806.1.pdb
	YP_009703392.1	Asfarviridae		359	359	80.105	84.87	38.34	95.1	0.797	0.245				8q3k-assembly1_C	3.426E-53	1.000	360	98.300	7.648E-01	8.523E-01	8.501E-01	8.501E-01	1.003	African swine fever virus BA71V	strong_targeted_support	runs/v2_full_test_evidence_regime/structure_panel/esmfold_pdb/YP_009703392.1.pdb
	YP_009703720.1	Asfarviridae		359	359	80.105	84.87	38.34	95.1	0.797	0.245				8q3k-assembly1_C	3.426E-53	1.000	360	98.300	7.648E-01	8.523E-01	8.501E-01	8.501E-01	1.003	African swine fever virus BA71V	strong_targeted_support	runs/v2_full_test_evidence_regime/structure_panel/esmfold_pdb/YP_009703720.1.pdb
	YP_009908100.1	Sepvirinae		92	92	80.102	84.325	51.02	94.29	0.804	0.239				6mic-assembly1_A	7.595E-01	0.569	124	11.200	4.599E-01	5.459E-01	4.467E-01	2.758E-01	1.348	Vibrio cholerae O395	strong_targeted_support	runs/v2_full_test_evidence_regime/structure_panel/esmfold_pdb/YP_009908100.1.pdb
	YP_009336808.1	Riboviria		525	525	80.093	87.59	20.36	98.35	0.811	0.39				7btf-assembly1_A	4.695E-15	1.000	521	13.200	5.584E-01	8.144E-01	7.193E-01	4.278E-01	0.992	Severe acute respiratory syndrome coronavirus 2	strong_targeted_support	runs/v2_full_test_evidence_regime/structure_panel/esmfold_pdb/YP_009336808.1.pdb
	YP_012054232.1	Guernseyvirinae		274	274	80.032	87.44	37.77	98.8	0.748	0.409				6fdf-assembly1_A	2.255E-07	1.000	354	14.100	4.336E-01	5.211E-01	5.194E-01	4.471E-01	1.292	Schizosaccharomyces pombe	strong_targeted_support	runs/v2_full_test_evidence_regime/structure_panel/esmfold_pdb/YP_012054232.1.pdb
	YP_010080439.1	Agmunavirus		666	666	79.99	85.72	42.11	98.21	0.715	0.405				4xnf-assembly1_A	9.470E-06	1.000	611	14.200	3.868E-01	5.260E-01	3.985E-01	4.367E-01	0.917	Enterobacteria phage HK620	local_structural_support	runs/v2_full_test_evidence_regime/structure_panel/esmfold_pdb/YP_010080439.1.pdb
	YP_009796399.1	Ackermannviridae		221	221	79.929	89.53	33.9	97.94	0.733	0.475				5jbl-assembly1_A	6.004E-13	1.000	151	34.400	7.511E-01	8.945E-01	5.973E-01	7.904E-01	0.683	Tequatrovirus T4	strong_targeted_support	runs/v2_full_test_evidence_regime/structure_panel/esmfold_pdb/YP_009796399.1.pdb
	YP_009822534.1	Ackermannviridae		221	221	79.929	89.53	33.9	97.94	0.733	0.475				5jbl-assembly1_A	6.004E-13	1.000	151	34.400	7.511E-01	8.945E-01	5.973E-01	7.904E-01	0.683	Tequatrovirus T4	strong_targeted_support	runs/v2_full_test_evidence_regime/structure_panel/esmfold_pdb/YP_009822534.1.pdb
	YP_009883479.1	Ackermannviridae		221	221	79.929	89.53	33.9	97.94	0.733	0.475				5jbl-assembly1_A	6.004E-13	1.000	151	34.400	7.511E-01	8.945E-01	5.973E-01	7.904E-01	0.683	Tequatrovirus T4	strong_targeted_support	runs/v2_full_test_evidence_regime/structure_panel/esmfold_pdb/YP_009883479.1.pdb
	YP_009884751.1	Ackermannviridae		221	221	79.929	89.53	33.9	97.94	0.733	0.475				5jbl-assembly1_A	6.004E-13	1.000	151	34.400	7.511E-01	8.945E-01	5.973E-01	7.904E-01	0.683	Tequatrovirus T4	strong_targeted_support	runs/v2_full_test_evidence_regime/structure_panel/esmfold_pdb/YP_009884751.1.pdb
	YP_009600277.1	Ounavirinae		453	453	79.926	82.48	52.24	92.55	0.861	0.04				4a0t-assembly1_C	1.154E-03	1.000	59	30.500	7.795E-01	8.574E-01	1.236E-01	2.973E-01	0.13	Escherichia phage T7	model_confident_no_clear_pdb_analog	runs/v2_full_test_evidence_regime/structure_panel/esmfold_pdb/YP_009600277.1.pdb
	YP_009205494.1	Lclasvirinae		389	389	79.916	83.32	46.31	96.42	0.774	0.237				3lat-assembly2_B	3.600E-08	1.000	197	17.700	5.353E-01	7.380E-01	3.706E-01	6.522E-01	0.506	Staphylococcus epidermidis	local_structural_support	runs/v2_full_test_evidence_regime/structure_panel/esmfold_pdb/YP_009205494.1.pdb
	YP_009854734.1	Lillamyvirus		248	248	79.894	82.67	44.94	98.8	0.73	0.327				8te1-assembly1_A	4.045E-06	1.000	279	14.300	4.850E-01	6.191E-01	5.429E-01	4.993E-01	1.125	Homo sapiens	strong_targeted_support	runs/v2_full_test_evidence_regime/structure_panel/esmfold_pdb/YP_009854734.1.pdb
	YP_009855361.1	Lillamyvirus		248	248	79.894	82.67	44.94	98.8	0.73	0.327				8te1-assembly1_A	4.045E-06	1.000	279	14.300	4.850E-01	6.191E-01	5.429E-01	4.993E-01	1.125	Homo sapiens	strong_targeted_support	runs/v2_full_test_evidence_regime/structure_panel/esmfold_pdb/YP_009855361.1.pdb
	YP_010084338.1	Geminiviridae		256	256	79.879	87.615	49.67	97.07	0.691	0.387				6f2s-assembly1_I	1.753E-33	1.000	202	82.600	8.247E-01	9.043E-01	7.203E-01	8.958E-01	0.789	Ageratum yellow vein virus	strong_targeted_support	runs/v2_full_test_evidence_regime/structure_panel/esmfold_pdb/YP_010084338.1.pdb
	YP_009887100.1	Twarogvirinae		735	735	79.823	83.94	29.07	98.18	0.793	0.287				7kck-assembly1_A	6.082E-14	1.000	765	12.500	4.014E-01	4.099E-01	3.375E-01	4.008E-01	1.041	Homo sapiens	local_structural_support	runs/v2_full_test_evidence_regime/structure_panel/esmfold_pdb/YP_009887100.1.pdb
	YP_007714631.1	Bidnaviridae		1115	1115	79.821	85.76	25.69	98.2	0.755	0.421				2pzs-assembly4_D	1.256E-18	1.000	803	12.400	4.518E-01	7.227E-01	3.873E-01	7.193E-01	0.72	Salasvirus phi29	local_structural_support	runs/v2_full_test_evidence_regime/structure_panel/esmfold_pdb/YP_007714631.1.pdb
	YP_010100832.1	Frickvirinae		232	232	79.796	83.285	39.89	94.9	0.828	0.151				1pkx-assembly1_A	8.790E+00	0.034	56	8.900	3.541E-01	3.680E-01	1.339E-01	6.241E-02	0.241	Homo sapiens	model_confident_no_clear_pdb_analog	runs/v2_full_test_evidence_regime/structure_panel/esmfold_pdb/YP_010100832.1.pdb
	NP_945023.1	Ounavirinae		58	58	79.778	80.85	48.5	91.15	0.897	0.086				3ld0-assembly1_A	4.351E-01	0.933	29	34.400	7.157E-01	8.250E-01	4.413E-01	4.788E-01	0.5	Bacillus licheniformis DSM 13 = ATCC 14580	strong_targeted_support	runs/v2_full_test_evidence_regime/structure_panel/esmfold_pdb/NP_945023.1.pdb
	YP_009621511.1	Ounavirinae		58	58	79.778	80.85	48.5	91.15	0.897	0.086				3ld0-assembly1_A	4.351E-01	0.933	29	34.400	7.157E-01	8.250E-01	4.413E-01	4.788E-01	0.5	Bacillus licheniformis DSM 13 = ATCC 14580	strong_targeted_support	runs/v2_full_test_evidence_regime/structure_panel/esmfold_pdb/YP_009621511.1.pdb
	YP_009702337.1	Asfarviridae		1211	1211	79.777	90.61	23.12	98.63	0.775	0.526				7kc0-assembly1_A	4.302E-41	1.000	1119	15.900	5.860E-01	7.281E-01	6.006E-01	7.146E-01	0.924	Saccharomyces cerevisiae	strong_targeted_support	runs/v2_full_test_evidence_regime/structure_panel/esmfold_pdb/YP_009702337.1.pdb
	YP_009702656.1	Asfarviridae		1211	1211	79.777	90.61	23.12	98.63	0.775	0.526				7kc0-assembly1_A	4.302E-41	1.000	1119	15.900	5.860E-01	7.281E-01	6.006E-01	7.146E-01	0.924	Saccharomyces cerevisiae	strong_targeted_support	runs/v2_full_test_evidence_regime/structure_panel/esmfold_pdb/YP_009702656.1.pdb
	YP_010665270.1	Wolominvirus		170	170	79.704	84.93	49.13	92.59	0.759	0.153				4nsr-assembly2_C	7.527E+00	0.051	86	19.700	4.472E-01	3.116E-01	1.927E-01	2.872E-01	0.506	Vibrio cholerae O1 biovar El Tor str. N16961	model_confident_no_clear_pdb_analog	runs/v2_full_test_evidence_regime/structure_panel/esmfold_pdb/YP_010665270.1.pdb
	YP_009789449.1	Yoloswagvirus		702	702	79.682	86.3	29.46	97.65	0.805	0.34				7qss-assembly1_A	1.689E-10	1.000	472	12.500	5.330E-01	6.680E-01	3.660E-01	5.602E-01	0.672	Thermococcus litoralis	local_structural_support	runs/v2_full_test_evidence_regime/structure_panel/esmfold_pdb/YP_009789449.1.pdb
	YP_012054228.1	Guernseyvirinae		851	851	79.626	88.08	29.9	98.41	0.759	0.416				8xcg-assembly1_Z	1.579E-27	1.000	762	14.300	4.817E-01	6.575E-01	4.735E-01	6.459E-01	0.895	Escherichia phage Lambda	strong_targeted_support	runs/v2_full_test_evidence_regime/structure_panel/esmfold_pdb/YP_012054228.1.pdb
	NP_620750.1	Geminiviridae		256	256	79.625	83.085	42.42	93.74	0.801	0.164				6f2s-assembly1_I	1.353E-10	1.000	217	14.700	6.560E-01	7.919E-01	5.982E-01	7.416E-01	0.848	Ageratum yellow vein virus	strong_targeted_support	runs/v2_full_test_evidence_regime/structure_panel/esmfold_pdb/NP_620750.1.pdb
	YP_009056852.1	Geminiviridae		278	278	79.607	84.87	46.48	97.29	0.719	0.327				6f2s-assembly1_I	2.050E-11	1.000	205	14.100	6.222E-01	8.210E-01	5.481E-01	7.322E-01	0.737	Ageratum yellow vein virus	strong_targeted_support	runs/v2_full_test_evidence_regime/structure_panel/esmfold_pdb/YP_009056852.1.pdb
	YP_008239638.1	Guernseyvirinae		349	349	79.603	84.15	40.91	94.76	0.842	0.209				6r3b-assembly1_E	8.616E-18	1.000	356	29.200	5.410E-01	7.526E-01	7.009E-01	7.506E-01	1.02	Bacillus phage SPP1	strong_targeted_support	runs/v2_full_test_evidence_regime/structure_panel/esmfold_pdb/YP_008239638.1.pdb
	YP_009612740.1	Ounavirinae		325	325	79.58	86.33	23.97	97.95	0.775	0.274				7aef-assembly1_q	1.577E-14	1.000	399	11.000	5.961E-01	6.321E-01	6.165E-01	3.640E-01	1.228	Algoriphagus machipongonensis	strong_targeted_support	runs/v2_full_test_evidence_regime/structure_panel/esmfold_pdb/YP_009612740.1.pdb
	YP_009618722.1	Ounavirinae		325	325	79.58	86.33	23.97	97.95	0.775	0.274				7aef-assembly1_q	1.577E-14	1.000	399	11.000	5.961E-01	6.321E-01	6.165E-01	3.640E-01	1.228	Algoriphagus machipongonensis	strong_targeted_support	runs/v2_full_test_evidence_regime/structure_panel/esmfold_pdb/YP_009618722.1.pdb
	YP_010801639.1	Gammaherpesvirinae		230	230	79.556	80.08	52.43	96.06	0.804	0.213				1vyx-assembly1_A	1.950E-05	1.000	60	60.000	6.376E-01	7.819E-01	2.334E-01	7.711E-01	0.261	Human gammaherpesvirus 8	foldseek_only_low_model_confidence	runs/v2_full_test_evidence_regime/structure_panel/esmfold_pdb/YP_010801639.1.pdb
	YP_008532061.1	Ackermannviridae		560	560	79.55	86.09	31.02	98.55	0.739	0.407				6uzc-assembly1_H	2.383E-29	1.000	514	31.100	6.708E-01	6.848E-01	6.009E-01	6.780E-01	0.918	Tequatrovirus T4	strong_targeted_support	runs/v2_full_test_evidence_regime/structure_panel/esmfold_pdb/YP_008532061.1.pdb
	YP_008532063.1	Ackermannviridae		222	222	79.55	89.065	32.41	98.1	0.725	0.464				5jbl-assembly1_A	4.264E-13	1.000	151	34.400	7.540E-01	8.940E-01	5.946E-01	7.897E-01	0.68	Tequatrovirus T4	strong_targeted_support	runs/v2_full_test_evidence_regime/structure_panel/esmfold_pdb/YP_008532063.1.pdb
	YP_009362818.1	Rudiviridae		271	271	79.527	84.08	39.39	94.66	0.827	0.133				3qwu-assembly1_B	8.308E-08	1.000	271	15.800	4.794E-01	5.734E-01	5.122E-01	3.966E-01	1.0	Aquifex aeolicus	strong_targeted_support	runs/v2_full_test_evidence_regime/structure_panel/esmfold_pdb/YP_009362818.1.pdb
	YP_010582525.1	Guernseyvirinae		850	850	79.506	85.8	25.82	98.14	0.791	0.314				8xcg-assembly1_Z	5.258E-27	1.000	773	13.100	4.535E-01	6.367E-01	4.613E-01	6.272E-01	0.909	Escherichia phage Lambda	strong_targeted_support	runs/v2_full_test_evidence_regime/structure_panel/esmfold_pdb/YP_010582525.1.pdb
	YP_010109645.1	Frickvirinae		104	104	79.5	83.355	36.32	90.12	0.894	0.019				4did-assembly1_B	7.924E+00	0.090	105	12.300	4.704E-01	4.362E-01	3.659E-01	3.079E-01	1.01	Salmonella enterica subsp. enterica serovar Typhimurium	model_confident_no_clear_pdb_analog	runs/v2_full_test_evidence_regime/structure_panel/esmfold_pdb/YP_010109645.1.pdb
	YP_010102165.1	Frickvirinae		528	528	79.444	83.72	34.45	97.23	0.784	0.278				8cez-assembly1_A	2.791E-09	1.000	376	13.200	4.840E-01	6.308E-01	4.414E-01	5.947E-01	0.712	Hendrixvirus	strong_targeted_support	runs/v2_full_test_evidence_regime/structure_panel/esmfold_pdb/YP_010102165.1.pdb
	YP_009187884.1	Sepvirinae		215	215	79.42	85.1	33.64	98.09	0.767	0.465				6abq-assembly1_A	4.079E-01	0.326	99	13.100	4.263E-01	4.191E-01	1.955E-01	3.316E-01	0.46	Listeria monocytogenes	model_confident_no_clear_pdb_analog	runs/v2_full_test_evidence_regime/structure_panel/esmfold_pdb/YP_009187884.1.pdb
	YP_009275106.1	Montyvirus		33	33	79.361	82.36	48.03	90.51	0.818	0.061				6onu-assembly3_E	1.933E-01	0.981	26	46.100	8.044E-01	8.499E-01	6.943E-01	3.430E-01	0.788	Mycobacterium tuberculosis H37Rv	strong_targeted_support	runs/v2_full_test_evidence_regime/structure_panel/esmfold_pdb/YP_009275106.1.pdb
	YP_009837008.1	Montyvirus		33	33	79.361	82.36	48.03	90.51	0.818	0.061				6onu-assembly3_E	1.933E-01	0.981	26	46.100	8.044E-01	8.499E-01	6.943E-01	3.430E-01	0.788	Mycobacterium tuberculosis H37Rv	strong_targeted_support	runs/v2_full_test_evidence_regime/structure_panel/esmfold_pdb/YP_009837008.1.pdb
	YP_009853288.1	Montyvirus		33	33	79.361	82.36	48.03	90.51	0.818	0.061				6onu-assembly3_E	1.933E-01	0.981	26	46.100	8.044E-01	8.499E-01	6.943E-01	3.430E-01	0.788	Mycobacterium tuberculosis H37Rv	strong_targeted_support	runs/v2_full_test_evidence_regime/structure_panel/esmfold_pdb/YP_009853288.1.pdb
	YP_009856331.1	Montyvirus		33	33	79.361	82.36	48.03	90.51	0.818	0.061				6onu-assembly3_E	1.933E-01	0.981	26	46.100	8.044E-01	8.499E-01	6.943E-01	3.430E-01	0.788	Mycobacterium tuberculosis H37Rv	strong_targeted_support	runs/v2_full_test_evidence_regime/structure_panel/esmfold_pdb/YP_009856331.1.pdb
	YP_009597309.1	Guernseyvirinae		851	851	79.336	88.04	27.47	98.5	0.753	0.408				8xcg-assembly1_Z	1.723E-27	1.000	784	14.100	4.830E-01	6.613E-01	4.836E-01	6.584E-01	0.921	Escherichia phage Lambda	strong_targeted_support	runs/v2_full_test_evidence_regime/structure_panel/esmfold_pdb/YP_009597309.1.pdb
	YP_009792089.1	Slopekvirinae		893	893	79.251	83.24	29.82	96.7	0.765	0.323				8vb2-assembly1_I	2.664E-16	1.000	903	18.400	5.113E-01	3.149E-01	2.958E-01	3.091E-01	1.011	Pectobacterium phage PhiM1	foldseek_only_low_model_confidence	runs/v2_full_test_evidence_regime/structure_panel/esmfold_pdb/YP_009792089.1.pdb
	YP_009880996.1	Twarogvirinae		92	92	79.245	80.325	53.54	92.67	0.804	0.13				6e55-assembly5_E	1.124E-01	0.747	94	10.600	4.387E-01	5.430E-01	4.500E-01	4.974E-01	1.022	Klebsiella pneumoniae	strong_targeted_support	runs/v2_full_test_evidence_regime/structure_panel/esmfold_pdb/YP_009880996.1.pdb
	YP_009167696.1	Slopekvirinae		894	894	79.226	83.97	34.49	97.0	0.768	0.275				8vb2-assembly1_I	9.584E-18	1.000	892	16.000	5.133E-01	2.598E-01	2.433E-01	2.542E-01	0.998	Pectobacterium phage PhiM1	foldseek_only_low_model_confidence	runs/v2_full_test_evidence_regime/structure_panel/esmfold_pdb/YP_009167696.1.pdb
	YP_009850410.1	Marfavirus		186	186	79.199	84.46	28.59	95.55	0.806	0.285				1vq2-assembly1_A	1.246E-28	1.000	186	72.000	8.491E-01	9.317E-01	8.631E-01	9.264E-01	1.0	Tequatrovirus T4	strong_targeted_support	runs/v2_full_test_evidence_regime/structure_panel/esmfold_pdb/YP_009850410.1.pdb
	YP_010103023.1	Frickvirinae		528	528	79.192	83.85	36.5	97.26	0.778	0.282				8cez-assembly1_A	3.650E-09	1.000	376	13.200	4.800E-01	6.333E-01	4.417E-01	5.970E-01	0.712	Hendrixvirus	strong_targeted_support	runs/v2_full_test_evidence_regime/structure_panel/esmfold_pdb/YP_010103023.1.pdb
	YP_009807014.1	Ruthyvirus		87	87	79.18	81.56	50.23	90.48	0.862	0.011				7bhy-assembly2_C-2	1.359E+00	0.956	45	24.400	7.397E-01	8.673E-01	4.419E-01	6.790E-01	0.517	Bacillus subtilis subsp. subtilis str. 168	strong_targeted_support	runs/v2_full_test_evidence_regime/structure_panel/esmfold_pdb/YP_009807014.1.pdb
	YP_009821892.1	Guernseyvirinae		95	95	79.168	83.61	48.33	90.71	0.789	0.042				3x38-assembly2_D	1.655E+00	0.473	77	10.300	5.371E-01	5.867E-01	4.644E-01	5.497E-01	0.811	Saccharomyces cerevisiae S288C	model_confident_no_clear_pdb_analog	runs/v2_full_test_evidence_regime/structure_panel/esmfold_pdb/YP_009821892.1.pdb
	YP_008410963.1	Lclasvirinae		432	432	79.131	84.585	28.15	97.77	0.764	0.336				6vte-assembly1_A	4.642E-14	1.000	418	15.300	5.071E-01	7.130E-01	5.623E-01	6.991E-01	0.968	Naegleria gruberi	strong_targeted_support	runs/v2_full_test_evidence_regime/structure_panel/esmfold_pdb/YP_008410963.1.pdb
	YP_009310075.1	Geminiviridae		256	256	79.128	82.905	48.7	93.84	0.785	0.152				6f2s-assembly1_I	5.193E-10	1.000	207	14.400	6.196E-01	7.949E-01	5.800E-01	7.167E-01	0.809	Ageratum yellow vein virus	strong_targeted_support	runs/v2_full_test_evidence_regime/structure_panel/esmfold_pdb/YP_009310075.1.pdb
	YP_010103632.1	Frickvirinae		228	228	79.126	83.155	44.35	95.44	0.772	0.241				6ltj-assembly1_N	4.301E+00	0.051	154	8.400	4.859E-01	2.328E-01	1.346E-01	1.219E-01	0.675	Homo sapiens	model_confident_no_clear_pdb_analog	runs/v2_full_test_evidence_regime/structure_panel/esmfold_pdb/YP_010103632.1.pdb
	YP_009819267.1	Slopekvirinae		917	917	79.119	85.2	29.89	96.13	0.778	0.255				8vb2-assembly1_I	1.102E-15	1.000	926	14.900	4.818E-01	2.962E-01	2.766E-01	2.953E-01	1.01	Pectobacterium phage PhiM1	foldseek_only_low_model_confidence	runs/v2_full_test_evidence_regime/structure_panel/esmfold_pdb/YP_009819267.1.pdb
	YP_010050991.1	Ruthgordonvirinae		124	124	79.102	83.16	41.4	90.62	0.831	0.032				1ob8-assembly1_A	2.383E-02	0.961	128	14.800	5.246E-01	5.073E-01	4.504E-01	4.642E-01	1.032	Saccharolobus solfataricus	strong_targeted_support	runs/v2_full_test_evidence_regime/structure_panel/esmfold_pdb/YP_010050991.1.pdb
	YP_009702854.1	Asfarviridae		706	706	79.094	86.805	22.79	98.64	0.752	0.346				6rfl-assembly1_Y	4.805E-20	1.000	699	18.300	5.169E-01	6.411E-01	5.235E-01	6.071E-01	0.99	Vaccinia virus GLV-1h68	strong_targeted_support	runs/v2_full_test_evidence_regime/structure_panel/esmfold_pdb/YP_009702854.1.pdb
	YP_009508018.1	Geminiviridae		256	256	79.07	83.7	42.37	94.25	0.789	0.227				8ugq-assembly1_B	1.059E-08	1.000	241	12.000	5.826E-01	6.795E-01	5.710E-01	6.683E-01	0.941	Maize streak virus - [Nigeria]	strong_targeted_support	runs/v2_full_test_evidence_regime/structure_panel/esmfold_pdb/YP_009508018.1.pdb
	YP_009638094.1	Benedictvirus		305	305	79.062	85.52	35.04	95.34	0.77	0.252				4c2e-assembly1_B	9.886E-02	1.000	73	27.300	6.587E-01	8.948E-01	2.117E-01	1.499E-01	0.239	Bacillus subtilis subsp. subtilis str. 168	model_confident_no_clear_pdb_analog	runs/v2_full_test_evidence_regime/structure_panel/esmfold_pdb/YP_009638094.1.pdb
	YP_010012672.1	Lclasvirinae		432	432	79.026	84.76	28.92	98.21	0.796	0.347				6vtf-assembly4_D	5.903E-15	1.000	419	16.900	5.240E-01	7.345E-01	5.846E-01	7.232E-01	0.97	Naegleria gruberi	strong_targeted_support	runs/v2_full_test_evidence_regime/structure_panel/esmfold_pdb/YP_010012672.1.pdb
	YP_010114930.1	Frickvirinae		104	104	79.006	82.98	36.28	89.64	0.894	0.0				4did-assembly1_B	7.924E+00	0.090	105	12.300	4.710E-01	4.356E-01	3.654E-01	3.076E-01	1.01	Salmonella enterica subsp. enterica serovar Typhimurium	model_confident_no_clear_pdb_analog	runs/v2_full_test_evidence_regime/structure_panel/esmfold_pdb/YP_010114930.1.pdb
	YP_009787661.1	Drexlerviridae		348	348	78.987	83.36	44.5	97.39	0.724	0.267				3h4r-assembly1_A	2.414E-08	1.000	311	14.400	5.508E-01	7.499E-01	4.768E-01	7.280E-01	0.894	Escherichia coli K-12	strong_targeted_support	runs/v2_full_test_evidence_regime/structure_panel/esmfold_pdb/YP_009787661.1.pdb
	YP_010582222.1	Guernseyvirinae		116	116	78.976	85.71	32.81	96.32	0.759	0.31				5k6z-assembly1_B	2.052E-05	1.000	91	24.100	7.600E-01	8.832E-01	6.679E-01	2.144E-01	0.784	Mus musculus	strong_targeted_support	runs/v2_full_test_evidence_regime/structure_panel/esmfold_pdb/YP_010582222.1.pdb
	YP_009624453.1	Drexlerviridae		227	227	78.967	86.2	35.01	98.42	0.718	0.405				8tdr-assembly1_A	6.984E-06	1.000	289	12.400	4.601E-01	5.829E-01	5.697E-01	4.896E-01	1.273	Homo sapiens	strong_targeted_support	runs/v2_full_test_evidence_regime/structure_panel/esmfold_pdb/YP_009624453.1.pdb
	YP_010653737.1	Attisvirus		140	140	78.891	83.31	46.89	93.89	0.779	0.186				8zgt-assembly1_B	1.316E-01	0.912	146	10.200	4.543E-01	4.151E-01	3.938E-01	3.658E-01	1.043	Rattus norvegicus	local_structural_support	runs/v2_full_test_evidence_regime/structure_panel/esmfold_pdb/YP_010653737.1.pdb
	YP_004327074.1	Ounavirinae		171	171	78.886	85.16	41.57	94.86	0.76	0.234				1ln0-assembly1_A	7.266E-02	0.923	101	16.800	4.464E-01	6.662E-01	3.504E-01	5.993E-01	0.591	Tequatrovirus T4	local_structural_support	runs/v2_full_test_evidence_regime/structure_panel/esmfold_pdb/YP_004327074.1.pdb
	YP_009880933.1	Twarogvirinae		288	288	78.886	85.305	36.41	94.58	0.788	0.177				5iv7-assembly1_F	1.412E-27	1.000	290	48.900	6.737E-01	3.897E-01	3.873E-01	3.873E-01	1.007	Tequatrovirus T4	local_structural_support	runs/v2_full_test_evidence_regime/structure_panel/esmfold_pdb/YP_009880933.1.pdb
	YP_010653882.1	Attisvirus		140	140	78.884	82.705	48.15	93.88	0.75	0.193				8yrj-assembly1_B	2.716E-01	0.817	154	15.500	4.324E-01	4.370E-01	4.117E-01	3.782E-01	1.1	Mus musculus	strong_targeted_support	runs/v2_full_test_evidence_regime/structure_panel/esmfold_pdb/YP_010653882.1.pdb
	YP_009902591.1	Drexlerviridae		243	243	78.862	86.17	39.53	98.54	0.72	0.424				6irw-assembly1_A	1.101E-04	1.000	168	9.500	5.188E-01	7.014E-01	4.423E-01	2.277E-01	0.691	Homo sapiens	strong_targeted_support	runs/v2_full_test_evidence_regime/structure_panel/esmfold_pdb/YP_009902591.1.pdb
	YP_009927245.1	Asfarviridae		706	706	78.844	86.595	22.38	98.6	0.759	0.346				6rfl-assembly1_Y	4.467E-20	1.000	704	17.400	5.127E-01	6.353E-01	5.208E-01	6.022E-01	0.997	Vaccinia virus GLV-1h68	strong_targeted_support	runs/v2_full_test_evidence_regime/structure_panel/esmfold_pdb/YP_009927245.1.pdb
	YP_009702526.1	Asfarviridae		706	706	78.84	86.585	22.58	98.58	0.762	0.341				6rfl-assembly1_Y	2.053E-20	1.000	705	17.500	5.117E-01	6.297E-01	5.153E-01	5.965E-01	0.999	Vaccinia virus GLV-1h68	strong_targeted_support	runs/v2_full_test_evidence_regime/structure_panel/esmfold_pdb/YP_009702526.1.pdb
	YP_009703177.1	Asfarviridae		706	706	78.84	86.585	22.58	98.58	0.762	0.341				6rfl-assembly1_Y	2.053E-20	1.000	705	17.500	5.117E-01	6.297E-01	5.153E-01	5.965E-01	0.999	Vaccinia virus GLV-1h68	strong_targeted_support	runs/v2_full_test_evidence_regime/structure_panel/esmfold_pdb/YP_009703177.1.pdb
	YP_009703401.1	Asfarviridae		706	706	78.84	86.585	22.58	98.58	0.762	0.341				6rfl-assembly1_Y	2.053E-20	1.000	705	17.500	5.117E-01	6.297E-01	5.153E-01	5.965E-01	0.999	Vaccinia virus GLV-1h68	strong_targeted_support	runs/v2_full_test_evidence_regime/structure_panel/esmfold_pdb/YP_009703401.1.pdb
	YP_009703889.1	Asfarviridae		706	706	78.84	86.585	22.58	98.58	0.762	0.341				6rfl-assembly1_Y	2.053E-20	1.000	705	17.500	5.117E-01	6.297E-01	5.153E-01	5.965E-01	0.999	Vaccinia virus GLV-1h68	strong_targeted_support	runs/v2_full_test_evidence_regime/structure_panel/esmfold_pdb/YP_009703889.1.pdb
	YP_009249467.1	Ensavirinae		153	153	78.828	84.93	30.8	93.94	0.804	0.157				9fgo-assembly1_A	4.924E-16	1.000	150	48.000	7.618E-01	8.991E-01	8.658E-01	8.877E-01	0.98	Enterovirus A71	strong_targeted_support	runs/v2_full_test_evidence_regime/structure_panel/esmfold_pdb/YP_009249467.1.pdb
	YP_009284700.1	Drexlerviridae		229	229	78.783	87.0	35.34	98.17	0.707	0.424				8te1-assembly1_A	2.580E-05	1.000	281	14.500	4.675E-01	6.017E-01	5.798E-01	4.988E-01	1.227	Homo sapiens	strong_targeted_support	runs/v2_full_test_evidence_regime/structure_panel/esmfold_pdb/YP_009284700.1.pdb
	YP_010655714.1	Zukovirus		180	180	78.777	85.015	36.25	93.82	0.817	0.189				5dm4-assembly1_A	1.208E-05	1.000	223	9.400	5.394E-01	7.301E-01	6.920E-01	5.091E-01	1.239	Bacillus pumilus ATCC 7061	strong_targeted_support	runs/v2_full_test_evidence_regime/structure_panel/esmfold_pdb/YP_010655714.1.pdb
	YP_009152763.1	Enhodamvirus		157	157	78.774	85.92	28.53	95.64	0.796	0.287				1lbu-assembly1_A	5.044E-03	0.995	137	18.900	4.294E-01	6.000E-01	4.678E-01	3.604E-01	0.873	Streptomyces albus G	strong_targeted_support	runs/v2_full_test_evidence_regime/structure_panel/esmfold_pdb/YP_009152763.1.pdb
	YP_024420.1	Enhodamvirus		157	157	78.774	85.92	28.53	95.64	0.796	0.287				1lbu-assembly1_A	5.044E-03	0.995	137	18.900	4.294E-01	6.000E-01	4.678E-01	3.604E-01	0.873	Streptomyces albus G	strong_targeted_support	runs/v2_full_test_evidence_regime/structure_panel/esmfold_pdb/YP_024420.1.pdb
	YP_010012543.1	Lclasvirinae		432	432	78.773	84.44	26.85	98.22	0.799	0.345				6vt5-assembly1_A	5.762E-15	1.000	417	17.000	5.090E-01	7.242E-01	5.710E-01	7.073E-01	0.965	Naegleria gruberi	strong_targeted_support	runs/v2_full_test_evidence_regime/structure_panel/esmfold_pdb/YP_010012543.1.pdb
	YP_009551849.1	Gammaherpesvirinae		379	379	78.77	83.95	33.86	96.0	0.763	0.24				5k7v-assembly1_B	2.026E+00	0.164	329	7.900	3.439E-01	2.948E-01	2.369E-01	2.925E-01	0.868	synthetic construct	model_confident_no_clear_pdb_analog	runs/v2_full_test_evidence_regime/structure_panel/esmfold_pdb/YP_009551849.1.pdb
	YP_010085914.1	Gammaherpesvirinae		383	383	78.756	80.74	32.97	96.39	0.778	0.188				7xp5-assembly1_R	1.693E+00	0.179	299	11.000	3.367E-01	3.005E-01	2.076E-01	2.497E-01	0.781	Acetivibrio thermocellus	model_confident_no_clear_pdb_analog	runs/v2_full_test_evidence_regime/structure_panel/esmfold_pdb/YP_010085914.1.pdb
	YP_009841898.1	Ackermannviridae		420	420	78.754	78.95	45.04	95.52	0.812	0.138				5iv7-assembly1_F	7.896E-04	1.000	113	9.700	5.592E-01	7.147E-01	2.058E-01	2.894E-01	0.269	Tequatrovirus T4	foldseek_only_low_model_confidence	runs/v2_full_test_evidence_regime/structure_panel/esmfold_pdb/YP_009841898.1.pdb
	YP_009226020.1	Drexlerviridae		243	243	78.744	85.55	38.51	98.49	0.753	0.407				3tpz-assembly2_B	2.514E-03	0.984	217	9.600	3.611E-01	5.251E-01	3.749E-01	3.464E-01	0.893	Escherichia coli K-12	local_structural_support	runs/v2_full_test_evidence_regime/structure_panel/esmfold_pdb/YP_009226020.1.pdb
	YP_004958237.1	Geminiviridae		265	265	78.727	82.96	45.52	94.03	0.804	0.098				8ugq-assembly1_B	7.766E-09	1.000	224	10.700	5.786E-01	7.254E-01	5.643E-01	6.823E-01	0.845	Maize streak virus - [Nigeria]	strong_targeted_support	runs/v2_full_test_evidence_regime/structure_panel/esmfold_pdb/YP_004958237.1.pdb
	YP_010582373.1	Guernseyvirinae		349	349	78.72	83.22	35.43	94.94	0.817	0.203				6r3b-assembly1_E	1.277E-17	1.000	355	28.400	5.389E-01	7.308E-01	6.807E-01	7.287E-01	1.017	Bacillus phage SPP1	strong_targeted_support	runs/v2_full_test_evidence_regime/structure_panel/esmfold_pdb/YP_010582373.1.pdb
	YP_010761409.1	Drexlerviridae		308	308	78.714	85.265	40.07	96.99	0.737	0.315				1q57-assembly1_E	1.422E-02	0.990	145	8.200	4.047E-01	6.165E-01	2.909E-01	1.953E-01	0.471	Escherichia phage T7	foldseek_only_low_model_confidence	runs/v2_full_test_evidence_regime/structure_panel/esmfold_pdb/YP_010761409.1.pdb
	YP_009321978.1	Ferrettivirinae		119	119	78.703	83.08	47.92	92.16	0.798	0.193				3hug-assembly6_A	4.613E-02	1.000	68	20.500	7.581E-01	7.602E-01	4.356E-01	6.289E-01	0.571	Mycobacterium tuberculosis H37Rv	strong_targeted_support	runs/v2_full_test_evidence_regime/structure_panel/esmfold_pdb/YP_009321978.1.pdb
	YP_009845677.1	Ackermannviridae		126	126	78.601	80.4	45.41	91.99	0.833	0.04				6j0n-assembly1_D	1.203E-04	1.000	111	18.900	6.819E-01	8.433E-01	7.363E-01	7.311E-01	0.881	Photorhabdus asymbiotica subsp. asymbiotica ATCC 43949	strong_targeted_support	runs/v2_full_test_evidence_regime/structure_panel/esmfold_pdb/YP_009845677.1.pdb
	YP_011807639.1	Drexlerviridae		243	243	78.593	85.2	41.11	98.53	0.704	0.42				6irw-assembly1_A	1.491E-04	1.000	195	11.200	4.866E-01	5.974E-01	4.366E-01	2.294E-01	0.802	Homo sapiens	strong_targeted_support	runs/v2_full_test_evidence_regime/structure_panel/esmfold_pdb/YP_011807639.1.pdb
	YP_010012971.1	Lclasvirinae		129	129	78.567	84.36	42.17	92.96	0.798	0.194				4fxx-assembly5_A	5.812E-01	0.692	86	13.900	5.581E-01	5.417E-01	3.120E-01	4.213E-01	0.667	Homo sapiens	model_confident_no_clear_pdb_analog	runs/v2_full_test_evidence_regime/structure_panel/esmfold_pdb/YP_010012971.1.pdb
	YP_009607636.1	Timshelvirus		160	160	78.56	83.11	43.83	94.21	0.762	0.319				6mdx-assembly1_A	2.670E-04	1.000	153	21.500	4.903E-01	6.068E-01	4.966E-01	4.438E-01	0.956	Homo sapiens	strong_targeted_support	runs/v2_full_test_evidence_regime/structure_panel/esmfold_pdb/YP_009607636.1.pdb
	YP_009818314.1	Drexlerviridae		142	142	78.558	82.915	45.87	92.0	0.775	0.099				2l25-assembly1_A	2.714E-06	1.000	144	20.800	5.459E-01	7.166E-01	6.796E-01	6.837E-01	1.014	Bordetella bronchiseptica	strong_targeted_support	runs/v2_full_test_evidence_regime/structure_panel/esmfold_pdb/YP_009818314.1.pdb
	YP_009598344.1	Enquatrovirinae		704	704	78.434	83.11	32.37	98.13	0.754	0.276				5w6h-assembly1_C	8.500E-83	1.000	693	72.800	7.967E-01	6.357E-01	6.212E-01	6.269E-01	0.984	Kuttervirus CBA120	strong_targeted_support	runs/v2_full_test_evidence_regime/structure_panel/esmfold_pdb/YP_009598344.1.pdb
	YP_001218814.1	Fredfastierviridae		418	418	78.41	83.91	34.8	98.42	0.746	0.316				9in6-assembly1_Q	5.095E-28	1.000	422	26.000	5.913E-01	6.772E-01	6.467E-01	6.743E-01	1.01	Vibrio cholerae	strong_targeted_support	runs/v2_full_test_evidence_regime/structure_panel/esmfold_pdb/YP_001218814.1.pdb
	YP_009191605.1	Guernseyvirinae		61	61	78.365	82.13	37.73	88.21	0.852	0.0				6ama-assembly1_B	3.252E-03	1.000	57	22.800	6.306E-01	6.970E-01	6.017E-01	6.556E-01	0.934	Streptomyces venezuelae	strong_targeted_support	runs/v2_full_test_evidence_regime/structure_panel/esmfold_pdb/YP_009191605.1.pdb
	YP_010357042.1	Helgolandviridae		429	429	78.343	82.98	40.93	98.53	0.718	0.331				4kwb-assembly1_C	7.742E-15	1.000	218	22.900	6.651E-01	8.347E-01	4.306E-01	7.476E-01	0.508	Bacillus subtilis subsp. subtilis str. 168	strong_targeted_support	runs/v2_full_test_evidence_regime/structure_panel/esmfold_pdb/YP_010357042.1.pdb
	YP_009321794.1	Ferrettivirinae		119	119	78.305	82.83	46.13	92.26	0.79	0.202				3hug-assembly6_A	4.669E-02	1.000	68	20.500	7.585E-01	7.602E-01	4.356E-01	6.289E-01	0.571	Mycobacterium tuberculosis H37Rv	strong_targeted_support	runs/v2_full_test_evidence_regime/structure_panel/esmfold_pdb/YP_009321794.1.pdb
	YP_009322352.1	Ferrettivirinae		119	119	78.305	82.83	46.13	92.26	0.79	0.202				3hug-assembly6_A	4.669E-02	1.000	68	20.500	7.585E-01	7.602E-01	4.356E-01	6.289E-01	0.571	Mycobacterium tuberculosis H37Rv	strong_targeted_support	runs/v2_full_test_evidence_regime/structure_panel/esmfold_pdb/YP_009322352.1.pdb
	YP_009793212.1	Dunnvirinae		300	300	78.303	83.36	39.36	97.15	0.717	0.29				8s4s-assembly1_B	2.711E-02	0.872	151	10.500	3.481E-01	4.629E-01	2.326E-01	4.407E-01	0.503	Enterococcus faecalis	model_confident_no_clear_pdb_analog	runs/v2_full_test_evidence_regime/structure_panel/esmfold_pdb/YP_009793212.1.pdb
	YP_010114959.1	Frickvirinae		104	104	78.29	83.285	52.57	88.84	0.76	0.0																runs/v2_full_test_evidence_regime/structure_panel/esmfold_pdb/YP_010114959.1.pdb
	YP_009300955.1	Montyvirus		755	755	78.275	83.68	35.69	98.03	0.721	0.327				8xgc-assembly1_4	2.131E-06	1.000	446	12.300	3.909E-01	5.354E-01	3.016E-01	3.294E-01	0.591	Saccharomyces cerevisiae	local_structural_support	runs/v2_full_test_evidence_regime/structure_panel/esmfold_pdb/YP_009300955.1.pdb
	YP_009336997.1	Riboviria		492	492	78.228	85.425	24.78	95.73	0.795	0.301				1khw-assembly2_B	9.818E-10	1.000	495	14.100	5.004E-01	6.911E-01	6.177E-01	6.120E-01	1.006	Rabbit hemorrhagic disease virus	strong_targeted_support	runs/v2_full_test_evidence_regime/structure_panel/esmfold_pdb/YP_009336997.1.pdb
	YP_009821864.1	Guernseyvirinae		814	814	78.218	85.925	19.57	98.34	0.74	0.328				8xcg-assembly1_Z	8.003E-27	1.000	773	14.100	4.614E-01	6.540E-01	4.883E-01	6.423E-01	0.95	Escherichia phage Lambda	strong_targeted_support	runs/v2_full_test_evidence_regime/structure_panel/esmfold_pdb/YP_009821864.1.pdb
	YP_009883588.1	Ackermannviridae		104	104	78.163	83.54	36.84	91.88	0.76	0.154				3wod-assembly1_F	9.909E+00	0.116	64	17.100	7.639E-01	6.831E-01	4.053E-01	1.557E-01	0.615	Thermus thermophilus HB8	model_confident_no_clear_pdb_analog	runs/v2_full_test_evidence_regime/structure_panel/esmfold_pdb/YP_009883588.1.pdb
	NP_740393.1	Ensavirinae		238	238	78.151	84.73	44.76	93.54	0.744	0.164				7qw9-assembly1_C	8.378E-26	1.000	242	44.200	7.741E-01	8.339E-01	8.307E-01	8.210E-01	1.017	Coxsackievirus A6	strong_targeted_support	runs/v2_full_test_evidence_regime/structure_panel/esmfold_pdb/NP_740393.1.pdb
	YP_009907896.1	Sepvirinae		215	215	78.121	84.72	33.81	98.11	0.716	0.465				6abq-assembly1_A	3.275E-01	0.382	99	13.100	4.228E-01	4.190E-01	1.955E-01	3.316E-01	0.46	Listeria monocytogenes	model_confident_no_clear_pdb_analog	runs/v2_full_test_evidence_regime/structure_panel/esmfold_pdb/YP_009907896.1.pdb
	YP_009902682.1	Drexlerviridae		242	242	78.096	86.3	37.98	98.51	0.698	0.417				8cxu-assembly3_C	2.419E-03	0.996	257	12.000	4.087E-01	5.662E-01	3.823E-01	1.890E-01	1.062	Clostridioides difficile 630	local_structural_support	runs/v2_full_test_evidence_regime/structure_panel/esmfold_pdb/YP_009902682.1.pdb
	YP_010100979.1	Lclasvirinae		426	426	78.086	82.995	33.12	98.31	0.761	0.296				6vtf-assembly4_D	1.274E-13	1.000	413	15.400	5.129E-01	7.057E-01	5.686E-01	6.953E-01	0.969	Naegleria gruberi	strong_targeted_support	runs/v2_full_test_evidence_regime/structure_panel/esmfold_pdb/YP_010100979.1.pdb
	YP_009836905.1	Marfavirus		129	129	78.067	82.39	34.65	93.17	0.767	0.101				5iw9-assembly1_B	7.235E-15	1.000	124	59.600	7.458E-01	7.992E-01	7.633E-01	7.868E-01	0.961	Tequatrovirus T4	strong_targeted_support	runs/v2_full_test_evidence_regime/structure_panel/esmfold_pdb/YP_009836905.1.pdb
	YP_010112329.1	Loutivirinae		392	392	78.048	81.9	37.44	97.17	0.707	0.253				6kta-assembly1_A	3.784E+00	0.090	145	18.600	4.484E-01	3.085E-01	1.092E-01	2.676E-01	0.37	Halalkalibacterium halodurans C-125	model_confident_no_clear_pdb_analog	runs/v2_full_test_evidence_regime/structure_panel/esmfold_pdb/YP_010112329.1.pdb
	YP_009043196.1	Ferrettivirinae		153	153	78.039	85.14	32.24	92.79	0.771	0.196				3hug-assembly4_M	8.259E-02	1.000	71	22.500	6.566E-01	7.829E-01	3.681E-01	7.250E-01	0.464	Mycobacterium tuberculosis H37Rv	local_structural_support	runs/v2_full_test_evidence_regime/structure_panel/esmfold_pdb/YP_009043196.1.pdb
	YP_010109320.1	Frickvirinae		168	168	78.03	85.935	38.71	94.08	0.768	0.274				6irw-assembly2_B	2.831E-04	1.000	164	12.800	5.133E-01	7.135E-01	6.207E-01	2.407E-01	0.976	Homo sapiens	strong_targeted_support	runs/v2_full_test_evidence_regime/structure_panel/esmfold_pdb/YP_010109320.1.pdb
	YP_010659925.1	Enquatrovirinae		635	635	77.965	82.9	28.97	98.5	0.731	0.254				4xla-assembly1_A	2.917E-10	1.000	689	11.600	4.413E-01	5.320E-01	4.574E-01	4.795E-01	1.085	Enterobacteria phage HK620	strong_targeted_support	runs/v2_full_test_evidence_regime/structure_panel/esmfold_pdb/YP_010659925.1.pdb
	YP_009505410.1	Gammaherpesvirinae		485	485	77.962	85.05	32.24	97.87	0.744	0.249				2w4b-assembly1_A	1.160E-37	1.000	457	43.700	7.110E-01	8.888E-01	8.188E-01	8.702E-01	0.942	Human herpesvirus 4 strain B95-8	strong_targeted_support	runs/v2_full_test_evidence_regime/structure_panel/esmfold_pdb/YP_009505410.1.pdb
	YP_009791579.1	Drexlerviridae		242	242	77.956	84.775	38.16	98.45	0.752	0.393				3tpz-assembly2_B	4.667E-04	0.997	217	10.100	3.605E-01	5.239E-01	3.757E-01	3.461E-01	0.897	Escherichia coli K-12	local_structural_support	runs/v2_full_test_evidence_regime/structure_panel/esmfold_pdb/YP_009791579.1.pdb
	YP_009903089.1	Drexlerviridae		242	242	77.956	84.775	38.16	98.45	0.752	0.393				3tpz-assembly2_B	4.667E-04	0.997	217	10.100	3.605E-01	5.239E-01	3.757E-01	3.461E-01	0.897	Escherichia coli K-12	local_structural_support	runs/v2_full_test_evidence_regime/structure_panel/esmfold_pdb/YP_009903089.1.pdb
	YP_010582120.1	Guernseyvirinae		766	766	77.947	84.32	34.7	98.3	0.726	0.339				4esv-assembly2_H	1.316E-08	1.000	357	13.400	4.766E-01	5.966E-01	2.489E-01	4.309E-01	0.466	Geobacillus stearothermophilus	foldseek_only_low_model_confidence	runs/v2_full_test_evidence_regime/structure_panel/esmfold_pdb/YP_010582120.1.pdb
	YP_009817785.1	Drexlerviridae		174	174	77.791	85.0	46.13	94.41	0.701	0.213				3p9a-assembly1_G	2.197E-08	1.000	108	31.400	8.287E-01	8.626E-01	5.499E-01	7.052E-01	0.621	Lederbergvirus P22	strong_targeted_support	runs/v2_full_test_evidence_regime/structure_panel/esmfold_pdb/YP_009817785.1.pdb
	YP_009140141.1	Enhodamvirus		157	157	77.784	85.05	29.35	96.17	0.783	0.274				1lbu-assembly1_A	2.160E-02	0.961	134	16.400	4.338E-01	5.842E-01	4.567E-01	3.534E-01	0.854	Streptomyces albus G	strong_targeted_support	runs/v2_full_test_evidence_regime/structure_panel/esmfold_pdb/YP_009140141.1.pdb
	YP_010771805.1	Rudiviridae		58	58	77.774	84.775	47.6	92.38	0.724	0.276				8u12-assembly1_A	2.447E-01	0.994	45	24.400	8.366E-01	9.038E-01	7.078E-01	8.085E-01	0.776	Mycobacterium tuberculosis H37Rv	strong_targeted_support	runs/v2_full_test_evidence_regime/structure_panel/esmfold_pdb/YP_010771805.1.pdb
	YP_009551810.1	Gammaherpesvirinae		184	184	77.75	80.73	48.04	96.02	0.783	0.125				3plt-assembly1_B	3.349E+00	0.601	80	8.700	7.251E-01	8.093E-01	3.697E-01	3.316E-01	0.435	Saccharomyces cerevisiae	model_confident_no_clear_pdb_analog	runs/v2_full_test_evidence_regime/structure_panel/esmfold_pdb/YP_009551810.1.pdb
	YP_010101324.1	Lclasvirinae		589	589	77.745	82.52	33.83	98.4	0.71	0.287				9d93-assembly1_Ob	1.115E-36	1.000	649	23.400	5.951E-01	6.526E-01	6.303E-01	6.244E-01	1.102	Mycobacterium phage Bxb1	strong_targeted_support	runs/v2_full_test_evidence_regime/structure_panel/esmfold_pdb/YP_010101324.1.pdb
	YP_009595777.1	Attisvirus		107	107	77.722	87.03	35.84	94.63	0.72	0.411				2df6-assembly1_A	3.707E-01	0.382	84	15.400	3.673E-01	5.075E-01	2.749E-01	4.479E-01	0.785	Rattus norvegicus	model_confident_no_clear_pdb_analog	runs/v2_full_test_evidence_regime/structure_panel/esmfold_pdb/YP_009595777.1.pdb
	YP_009884665.1	Ackermannviridae		322	322	77.721	80.83	38.43	98.09	0.708	0.323				5iv5-assembly1_U	4.202E-07	1.000	296	11.100	5.892E-01	7.541E-01	3.929E-01	7.328E-01	0.919	Tequatrovirus T4	local_structural_support	runs/v2_full_test_evidence_regime/structure_panel/esmfold_pdb/YP_009884665.1.pdb
	YP_009807427.1	Drexlerviridae		243	243	77.718	84.61	37.69	98.44	0.745	0.387				3tpz-assembly2_B	9.953E-04	0.996	205	10.200	3.699E-01	5.493E-01	3.746E-01	3.461E-01	0.844	Escherichia coli K-12	local_structural_support	runs/v2_full_test_evidence_regime/structure_panel/esmfold_pdb/YP_009807427.1.pdb
	YP_011879395.1	Drexlerviridae		243	243	77.718	84.61	37.69	98.44	0.745	0.387				3tpz-assembly2_B	9.953E-04	0.996	205	10.200	3.699E-01	5.493E-01	3.746E-01	3.461E-01	0.844	Escherichia coli K-12	local_structural_support	runs/v2_full_test_evidence_regime/structure_panel/esmfold_pdb/YP_011879395.1.pdb
	YP_009180940.1	Sepvirinae		97	97	77.697	79.81	51.72	90.92	0.753	0.072				7zub-assembly1_C	6.545E-01	0.098	130	7.600	3.670E-01	3.410E-01	3.193E-01	1.469E-01	1.34	Homo sapiens	model_confident_no_clear_pdb_analog	runs/v2_full_test_evidence_regime/structure_panel/esmfold_pdb/YP_009180940.1.pdb
	YP_009908238.1	Sepvirinae		97	97	77.697	79.81	51.72	90.92	0.753	0.072				7zub-assembly1_C	6.545E-01	0.098	130	7.600	3.670E-01	3.410E-01	3.193E-01	1.469E-01	1.34	Homo sapiens	model_confident_no_clear_pdb_analog	runs/v2_full_test_evidence_regime/structure_panel/esmfold_pdb/YP_009908238.1.pdb
	YP_794058.1	Sepvirinae		97	97	77.697	79.81	51.72	90.92	0.753	0.072				7zub-assembly1_C	6.545E-01	0.098	130	7.600	3.670E-01	3.410E-01	3.193E-01	1.469E-01	1.34	Homo sapiens	model_confident_no_clear_pdb_analog	runs/v2_full_test_evidence_regime/structure_panel/esmfold_pdb/YP_794058.1.pdb
	YP_009223913.1	Gordtnkvirus		388	388	77.665	85.0	31.33	96.99	0.724	0.268				9cx8-assembly1_B	9.792E-02	0.301	110	10.000	3.116E-01	3.546E-01	8.469E-02	1.082E-01	0.284	Homo sapiens	model_confident_no_clear_pdb_analog	runs/v2_full_test_evidence_regime/structure_panel/esmfold_pdb/YP_009223913.1.pdb
	YP_010012805.1	Lclasvirinae		137	137	77.648	80.91	30.43	95.38	0.752	0.314				1u3e-assembly1_M	3.471E-06	1.000	94	26.500	7.135E-01	8.467E-01	5.562E-01	4.441E-01	0.686	Okubovirus SPO1	strong_targeted_support	runs/v2_full_test_evidence_regime/structure_panel/esmfold_pdb/YP_010012805.1.pdb
	YP_010653519.1	Attisvirus		98	98	77.623	82.375	52.09	91.11	0.704	0.133				7ryh-assembly1_X	8.400E+00	0.057	27	25.900	7.057E-01	5.137E-01	1.640E-01	2.583E-01	0.276	Acinetobacter baumannii AB0057	model_confident_no_clear_pdb_analog	runs/v2_full_test_evidence_regime/structure_panel/esmfold_pdb/YP_010653519.1.pdb
	YP_009824804.1	Montyvirus		183	183	77.596	80.01	38.98	96.15	0.776	0.131				8a6m-assembly1_A	3.266E-01	0.923	158	10.700	4.723E-01	5.325E-01	4.304E-01	4.706E-01	0.863	Homo sapiens	strong_targeted_support	runs/v2_full_test_evidence_regime/structure_panel/esmfold_pdb/YP_009824804.1.pdb
	YP_010654015.1	Powerballvirus		102	102	77.565	83.765	46.28	93.69	0.745	0.186				4l0k-assembly2_B	2.839E-01	0.473	73	21.900	4.556E-01	5.505E-01	3.739E-01	2.100E-01	0.716	Deinococcus radiophilus	model_confident_no_clear_pdb_analog	runs/v2_full_test_evidence_regime/structure_panel/esmfold_pdb/YP_010654015.1.pdb
	YP_010799222.1	Xinmoviridae		641	641	77.555	82.27	37.86	97.0	0.68	0.306				7uhz-assembly1_A	1.660E-13	1.000	602	11.900	4.400E-01	5.088E-01	4.061E-01	4.414E-01	0.939	Human alphaherpesvirus 1 strain KOS	strong_targeted_support	runs/v2_full_test_evidence_regime/structure_panel/esmfold_pdb/YP_010799222.1.pdb
	YP_004009584.1	Twarogvirinae		120	120	77.536	81.55	57.89	89.21	0.783	0.0																runs/v2_full_test_evidence_regime/structure_panel/esmfold_pdb/YP_004009584.1.pdb
	YP_010655676.1	Zukovirus		802	802	77.51	85.745	25.13	98.23	0.714	0.353				4esv-assembly1_F	1.375E-07	1.000	466	10.300	4.061E-01	4.654E-01	2.441E-01	4.366E-01	0.581	Geobacillus stearothermophilus	foldseek_only_low_model_confidence	runs/v2_full_test_evidence_regime/structure_panel/esmfold_pdb/YP_010655676.1.pdb
	YP_224054.2	Guernseyvirinae		70	70	77.498	79.965	57.97	88.67	0.757	0.0				6ama-assembly1_B	3.031E-03	1.000	57	22.800	6.267E-01	7.007E-01	5.377E-01	6.589E-01	0.814	Streptomyces venezuelae	strong_targeted_support	runs/v2_full_test_evidence_regime/structure_panel/esmfold_pdb/YP_224054.2.pdb
	YP_009337371.1	Riboviria		221	221	77.432	80.94	38.77	97.47	0.724	0.285				1f2n-assembly1_C	4.126E-09	1.000	230	14.300	6.274E-01	7.123E-01	6.678E-01	6.938E-01	1.041	Rice yellow mottle virus	strong_targeted_support	runs/v2_full_test_evidence_regime/structure_panel/esmfold_pdb/YP_009337371.1.pdb
	YP_001994896.1	Pukovnikvirus		155	155	77.413	80.5	32.76	93.25	0.742	0.239				4qhj-assembly1_B	4.671E-04	1.000	92	16.300	5.964E-01	7.764E-01	4.780E-01	6.550E-01	0.594	Methanocaldococcus jannaschii DSM 2661	strong_targeted_support	runs/v2_full_test_evidence_regime/structure_panel/esmfold_pdb/YP_001994896.1.pdb
	YP_009837623.1	Ackermannviridae		319	319	77.403	79.59	38.9	98.3	0.702	0.307				5iv5-assembly1_U	1.006E-07	1.000	295	9.400	6.121E-01	7.946E-01	4.165E-01	7.723E-01	0.925	Tequatrovirus T4	strong_targeted_support	runs/v2_full_test_evidence_regime/structure_panel/esmfold_pdb/YP_009837623.1.pdb
	YP_010655526.1	Zukovirus		317	317	77.355	83.54	32.18	95.8	0.738	0.246				7f5i-assembly1_A	2.247E-03	1.000	216	12.000	4.785E-01	7.649E-01	4.001E-01	7.605E-01	0.681	Clostridium perfringens str. 13	strong_targeted_support	runs/v2_full_test_evidence_regime/structure_panel/esmfold_pdb/YP_010655526.1.pdb
	YP_009620114.1	Guernseyvirinae		309	309	77.337	84.6	33.12	98.7	0.715	0.366				2z6a-assembly1_A	1.551E-08	1.000	168	25.000	5.212E-01	8.499E-01	3.922E-01	3.716E-01	0.544	Haemophilus parahaemolyticus	local_structural_support	runs/v2_full_test_evidence_regime/structure_panel/esmfold_pdb/YP_009620114.1.pdb
	YP_010582418.1	Guernseyvirinae		117	117	77.327	85.03	40.67	96.19	0.726	0.333				5oyj-assembly1_C	1.370E-04	1.000	96	17.700	7.028E-01	8.519E-01	6.627E-01	3.618E-01	0.821	Homo sapiens	strong_targeted_support	runs/v2_full_test_evidence_regime/structure_panel/esmfold_pdb/YP_010582418.1.pdb
	YP_010582478.1	Guernseyvirinae		117	117	77.327	85.03	40.67	96.19	0.726	0.333				5oyj-assembly1_C	1.370E-04	1.000	96	17.700	7.028E-01	8.519E-01	6.627E-01	3.618E-01	0.821	Homo sapiens	strong_targeted_support	runs/v2_full_test_evidence_regime/structure_panel/esmfold_pdb/YP_010582478.1.pdb
	YP_008719942.1	Geminiviridae		266	266	77.31	82.455	42.91	94.82	0.669	0.229				8ugq-assembly1_B	5.556E-10	1.000	227	15.400	5.738E-01	7.164E-01	5.560E-01	6.743E-01	0.853	Maize streak virus - [Nigeria]	strong_targeted_support	runs/v2_full_test_evidence_regime/structure_panel/esmfold_pdb/YP_008719942.1.pdb
	YP_010052691.1	Kantovirinae		437	437	77.277	80.7	39.7	96.04	0.746	0.222				6ppu-assembly1_A	1.475E-05	1.000	316	15.800	3.862E-01	5.095E-01	3.520E-01	2.706E-01	0.723	Mycolicibacterium smegmatis	local_structural_support	runs/v2_full_test_evidence_regime/structure_panel/esmfold_pdb/YP_010052691.1.pdb
	YP_010060735.1	Benedictvirus		337	337	77.261	79.85	37.83	97.9	0.7	0.329				9d93-assembly1_Mc	1.046E-31	1.000	682	27.700	7.401E-01	8.095E-01	8.050E-01	4.212E-01	2.024	Mycobacterium phage Bxb1	strong_targeted_support	runs/v2_full_test_evidence_regime/structure_panel/esmfold_pdb/YP_010060735.1.pdb
	YP_010653776.1	Attisvirus		46	46	77.23	79.68	58.6	93.12	0.609	0.196																runs/v2_full_test_evidence_regime/structure_panel/esmfold_pdb/YP_010653776.1.pdb
	YP_011217255.1	Guernseyvirinae		788	788	77.214	87.545	28.4	98.55	0.702	0.391				8xcg-assembly1_Z	5.102E-28	1.000	761	14.100	4.888E-01	6.683E-01	5.148E-01	6.563E-01	0.966	Escherichia phage Lambda	strong_targeted_support	runs/v2_full_test_evidence_regime/structure_panel/esmfold_pdb/YP_011217255.1.pdb
	YP_009284916.1	Drexlerviridae		174	174	77.188	84.905	46.14	94.51	0.695	0.224				3p9a-assembly1_G	1.305E-08	1.000	107	31.700	8.373E-01	8.642E-01	5.468E-01	7.007E-01	0.615	Lederbergvirus P22	strong_targeted_support	runs/v2_full_test_evidence_regime/structure_panel/esmfold_pdb/YP_009284916.1.pdb
	YP_009508011.1	Geminiviridae		256	256	77.112	82.235	42.12	94.71	0.754	0.125				6f2s-assembly1_H	2.908E-08	1.000	199	14.000	6.018E-01	7.841E-01	5.506E-01	6.391E-01	0.777	Ageratum yellow vein virus	strong_targeted_support	runs/v2_full_test_evidence_regime/structure_panel/esmfold_pdb/YP_009508011.1.pdb
	YP_010582444.1	Guernseyvirinae		765	765	77.105	84.26	31.42	98.26	0.686	0.337				7t22-assembly1_F	2.339E-09	1.000	360	15.200	4.671E-01	6.004E-01	2.617E-01	4.203E-01	0.471	Escherichia coli K-12	foldseek_only_low_model_confidence	runs/v2_full_test_evidence_regime/structure_panel/esmfold_pdb/YP_010582444.1.pdb
	YP_010653947.1	Powerballvirus		127	127	77.084	82.86	48.23	93.02	0.661	0.236				5ydn-assembly1_A	1.414E+00	0.692	83	15.600	5.710E-01	7.233E-01	4.141E-01	4.758E-01	0.654	Muvirus mu	strong_targeted_support	runs/v2_full_test_evidence_regime/structure_panel/esmfold_pdb/YP_010653947.1.pdb
	YP_009880943.1	Twarogvirinae		582	582	77.042	84.315	29.71	95.94	0.751	0.242				3cpe-assembly1_A	5.764E-80	1.000	539	76.900	8.036E-01	4.975E-01	4.609E-01	4.828E-01	0.926	Tequatrovirus T4	strong_targeted_support	runs/v2_full_test_evidence_regime/structure_panel/esmfold_pdb/YP_009880943.1.pdb
	YP_010103635.1	Frickvirinae		588	588	76.941	79.665	29.95	97.05	0.714	0.231				9d93-assembly1_Ob	4.499E-48	1.000	635	29.700	6.673E-01	7.049E-01	6.711E-01	6.638E-01	1.08	Mycobacterium phage Bxb1	strong_targeted_support	runs/v2_full_test_evidence_regime/structure_panel/esmfold_pdb/YP_010103635.1.pdb
	YP_009789547.1	Yoloswagvirus		257	257	76.92	84.9	22.86	95.55	0.72	0.265				8w0i-assembly1_7	1.360E-01	0.098	69	23.100	2.414E-01	2.742E-01	1.041E-01	5.342E-02	0.268	Homo sapiens	model_confident_no_clear_pdb_analog	runs/v2_full_test_evidence_regime/structure_panel/esmfold_pdb/YP_009789547.1.pdb
	YP_009333257.1	Riboviria		451	451	76.919	91.7	24.89	98.72	0.645	0.532				2b43-assembly2_B	7.651E-13	1.000	443	12.600	5.597E-01	7.700E-01	6.396E-01	5.825E-01	0.982	Norovirus	strong_targeted_support	runs/v2_full_test_evidence_regime/structure_panel/esmfold_pdb/YP_009333257.1.pdb
	YP_010245842.1	Geminiviridae		256	256	76.886	80.385	44.32	91.02	0.727	0.039				6f2s-assembly1_I	8.326E-10	1.000	210	13.800	6.018E-01	7.691E-01	5.526E-01	6.828E-01	0.82	Ageratum yellow vein virus	strong_targeted_support	runs/v2_full_test_evidence_regime/structure_panel/esmfold_pdb/YP_010245842.1.pdb
	YP_010761413.1	Drexlerviridae		247	247	76.867	86.35	34.21	98.55	0.704	0.417				6irz-assembly1_A	7.181E-04	1.000	163	13.400	5.277E-01	6.689E-01	3.913E-01	2.154E-01	0.66	Danio rerio	local_structural_support	runs/v2_full_test_evidence_regime/structure_panel/esmfold_pdb/YP_010761413.1.pdb
	YP_010746805.1	Guernseyvirinae		93	93	76.865	83.66	31.94	90.4	0.796	0.032				2l25-assembly1_A	5.598E-03	1.000	79	20.200	5.374E-01	7.339E-01	6.116E-01	4.256E-01	0.849	Bordetella bronchiseptica	strong_targeted_support	runs/v2_full_test_evidence_regime/structure_panel/esmfold_pdb/YP_010746805.1.pdb
	YP_010582658.1	Guernseyvirinae		92	92	76.794	80.045	49.2	87.34	0.804	0.0				7d7d-assembly1_F	4.804E+00	0.082	78	12.800	4.637E-01	3.517E-01	2.984E-01	2.302E-01	0.848	Tequatrovirus T4	model_confident_no_clear_pdb_analog	runs/v2_full_test_evidence_regime/structure_panel/esmfold_pdb/YP_010582658.1.pdb
	YP_009787600.1	Slopekvirinae		167	167	76.762	83.1	41.78	90.02	0.737	0.006				8vb4-assembly1_M	6.032E-15	1.000	163	29.400	7.771E-01	8.286E-01	8.068E-01	7.371E-01	0.976	Pectobacterium phage PhiM1	strong_targeted_support	runs/v2_full_test_evidence_regime/structure_panel/esmfold_pdb/YP_009787600.1.pdb
	YP_010749286.1	Guernseyvirinae		195	195	76.748	79.05	47.03	95.25	0.687	0.144				4dzp-assembly1_B	1.441E+00	0.537	102	16.600	5.220E-01	6.312E-01	2.875E-01	4.159E-01	0.523	Lederbergvirus Sf6	model_confident_no_clear_pdb_analog	runs/v2_full_test_evidence_regime/structure_panel/esmfold_pdb/YP_010749286.1.pdb
	YP_004958251.1	Geminiviridae		256	256	76.721	82.565	45.01	93.22	0.688	0.18				8ugq-assembly1_B	2.457E-09	1.000	223	14.700	5.496E-01	6.983E-01	5.610E-01	6.575E-01	0.871	Maize streak virus - [Nigeria]	strong_targeted_support	runs/v2_full_test_evidence_regime/structure_panel/esmfold_pdb/YP_004958251.1.pdb
	YP_006906846.1	Sepvirinae		261	261	76.688	77.88	33.34	97.93	0.716	0.364				6abq-assembly1_A	3.514E-01	0.301	99	13.100	3.966E-01	4.183E-01	1.666E-01	3.311E-01	0.379	Listeria monocytogenes	model_confident_no_clear_pdb_analog	runs/v2_full_test_evidence_regime/structure_panel/esmfold_pdb/YP_006906846.1.pdb
	YP_010754322.1	Finkelvirus		109	109	76.686	82.01	48.97	90.1	0.688	0.009				8hdr-assembly1_A	1.152E-03	1.000	116	12.900	5.447E-01	6.047E-01	5.766E-01	5.729E-01	1.064	uncultured cyanophage	strong_targeted_support	runs/v2_full_test_evidence_regime/structure_panel/esmfold_pdb/YP_010754322.1.pdb
	YP_009140131.1	Enhodamvirus		203	203	76.682	81.17	37.76	94.9	0.744	0.227				3zqq-assembly1_C	4.986E-02	0.855	121	18.100	5.441E-01	3.643E-01	2.324E-01	3.145E-01	0.596	Bacillus phage SF6	model_confident_no_clear_pdb_analog	runs/v2_full_test_evidence_regime/structure_panel/esmfold_pdb/YP_009140131.1.pdb
	NP_944848.1	Ounavirinae		294	294	76.639	95.275	32.42	98.41	0.588	0.558				6iaa-assembly3_C	2.437E-12	1.000	186	25.200	7.086E-01	7.514E-01	4.567E-01	1.794E-01	0.633	Homo sapiens	strong_targeted_support	runs/v2_full_test_evidence_regime/structure_panel/esmfold_pdb/NP_944848.1.pdb
	YP_010102161.1	Frickvirinae		158	158	76.635	82.65	37.54	94.82	0.709	0.222				8yfj-assembly1_A	9.026E-12	1.000	154	22.000	6.977E-01	7.683E-01	6.905E-01	7.582E-01	0.975	Homo sapiens	strong_targeted_support	runs/v2_full_test_evidence_regime/structure_panel/esmfold_pdb/YP_010102161.1.pdb
	YP_009508027.1	Geminiviridae		256	256	76.628	82.785	44.33	91.65	0.684	0.066				8ugq-assembly1_B	3.008E-08	1.000	234	11.500	5.535E-01	6.730E-01	5.553E-01	6.479E-01	0.914	Maize streak virus - [Nigeria]	strong_targeted_support	runs/v2_full_test_evidence_regime/structure_panel/esmfold_pdb/YP_009508027.1.pdb
	YP_009787584.1	Slopekvirinae		65	65	76.56	82.72	48.73	89.67	0.738	0.0				3p01-assembly1_A	1.484E+00	0.254	64	9.300	5.270E-01	5.132E-01	4.680E-01	2.192E-01	0.985	Nostoc sp. PCC 7120 = FACHB-418	model_confident_no_clear_pdb_analog	runs/v2_full_test_evidence_regime/structure_panel/esmfold_pdb/YP_009787584.1.pdb
	NP_050546.1	Sepvirinae		155	155	76.533	84.59	39.03	90.95	0.748	0.148																runs/v2_full_test_evidence_regime/structure_panel/esmfold_pdb/NP_050546.1.pdb
	YP_009225983.1	Drexlerviridae		74	74	76.516	79.795	52.53	91.77	0.703	0.095				6lgq-assembly1_C	6.976E+00	0.082	70	12.800	7.035E-01	4.522E-01	4.248E-01	1.744E-01	0.946	Escherichia coli	model_confident_no_clear_pdb_analog	runs/v2_full_test_evidence_regime/structure_panel/esmfold_pdb/YP_009225983.1.pdb
	YP_009344981.1	Riboviria		515	515	76.508	81.43	39.06	95.06	0.73	0.134				4d6w-assembly1_A	2.640E-22	1.000	417	20.800	6.149E-01	4.949E-01	4.055E-01	4.795E-01	0.81	Chandipura virus	strong_targeted_support	runs/v2_full_test_evidence_regime/structure_panel/esmfold_pdb/YP_009344981.1.pdb
	YP_009903555.1	Drexlerviridae		243	243	76.507	83.55	38.29	98.3	0.691	0.337				2f8l-assembly1_A	7.949E-04	0.981	256	10.500	3.445E-01	4.619E-01	3.626E-01	2.905E-01	1.053	Listeria monocytogenes	local_structural_support	runs/v2_full_test_evidence_regime/structure_panel/esmfold_pdb/YP_009903555.1.pdb
	YP_010748934.1	Guernseyvirinae		662	662	76.505	81.93	25.99	96.89	0.695	0.24				4urr-assembly2_E	9.972E-08	1.000	627	13.300	3.591E-01	4.429E-01	3.544E-01	4.407E-01	0.947	Lederbergvirus Sf6	local_structural_support	runs/v2_full_test_evidence_regime/structure_panel/esmfold_pdb/YP_010748934.1.pdb
	YP_002922874.1	Ounavirinae		99	99	76.49	87.09	44.1	95.09	0.646	0.343				2o38-assembly1_A	5.274E-02	1.000	70	18.500	7.209E-01	8.796E-01	6.280E-01	6.920E-01	0.707	Rhodopseudomonas palustris CGA009	strong_targeted_support	runs/v2_full_test_evidence_regime/structure_panel/esmfold_pdb/YP_002922874.1.pdb
	YP_009204988.1	Ounavirinae		99	99	76.42	86.84	40.13	94.88	0.646	0.303				2o38-assembly1_A	3.603E-02	1.000	70	20.000	7.177E-01	8.776E-01	6.270E-01	6.907E-01	0.707	Rhodopseudomonas palustris CGA009	strong_targeted_support	runs/v2_full_test_evidence_regime/structure_panel/esmfold_pdb/YP_009204988.1.pdb
	YP_009302999.1	Attisvirus		404	404	76.412	82.655	35.04	98.02	0.661	0.262				5g1s-assembly1_J	3.987E-11	1.000	169	27.200	7.077E-01	9.239E-01	3.817E-01	8.008E-01	0.418	Francisella tularensis	local_structural_support	runs/v2_full_test_evidence_regime/structure_panel/esmfold_pdb/YP_009302999.1.pdb
	YP_010653793.1	Attisvirus		404	404	76.412	82.655	35.04	98.02	0.661	0.262				5g1s-assembly1_J	3.987E-11	1.000	169	27.200	7.077E-01	9.239E-01	3.817E-01	8.008E-01	0.418	Francisella tularensis	local_structural_support	runs/v2_full_test_evidence_regime/structure_panel/esmfold_pdb/YP_010653793.1.pdb
	YP_008058267.1	Guernseyvirinae		169	169	76.398	86.33	36.65	94.13	0.704	0.29				5mu4-assembly1_A	1.200E+00	0.098	162	14.100	3.160E-01	3.844E-01	2.897E-01	2.602E-01	0.959	Klebsiella phage KP32	model_confident_no_clear_pdb_analog	runs/v2_full_test_evidence_regime/structure_panel/esmfold_pdb/YP_008058267.1.pdb
	YP_010745852.1	Guernseyvirinae		169	169	76.391	86.04	35.82	94.41	0.704	0.32				5mu4-assembly1_A	1.234E+00	0.090	161	13.600	3.215E-01	3.881E-01	2.896E-01	2.596E-01	0.953	Klebsiella phage KP32	model_confident_no_clear_pdb_analog	runs/v2_full_test_evidence_regime/structure_panel/esmfold_pdb/YP_010745852.1.pdb
	YP_010653703.1	Attisvirus		509	509	76.383	90.13	27.55	98.83	0.67	0.503				9baq-assembly1_A	1.439E-14	1.000	572	12.700	5.650E-01	6.156E-01	4.874E-01	2.585E-01	1.124	Neurospora crassa	strong_targeted_support	runs/v2_full_test_evidence_regime/structure_panel/esmfold_pdb/YP_010653703.1.pdb
	YP_010653847.1	Attisvirus		509	509	76.383	90.13	27.55	98.83	0.67	0.503				9baq-assembly1_A	1.439E-14	1.000	572	12.700	5.650E-01	6.156E-01	4.874E-01	2.585E-01	1.124	Neurospora crassa	strong_targeted_support	runs/v2_full_test_evidence_regime/structure_panel/esmfold_pdb/YP_010653847.1.pdb
	YP_010653926.1	Attisvirus		509	509	76.383	90.13	27.55	98.83	0.67	0.503				9baq-assembly1_A	1.439E-14	1.000	572	12.700	5.650E-01	6.156E-01	4.874E-01	2.585E-01	1.124	Neurospora crassa	strong_targeted_support	runs/v2_full_test_evidence_regime/structure_panel/esmfold_pdb/YP_010653926.1.pdb
	YP_010799395.1	Xinmoviridae		639	639	76.352	80.76	32.94	97.08	0.676	0.221				5ys6-assembly1_A	3.769E-15	1.000	603	13.500	4.646E-01	5.385E-01	4.180E-01	4.583E-01	0.944	Suid alphaherpesvirus 1	strong_targeted_support	runs/v2_full_test_evidence_regime/structure_panel/esmfold_pdb/YP_010799395.1.pdb
	YP_010746393.1	Guernseyvirinae		365	365	76.344	83.32	23.56	95.98	0.707	0.296				8xb5-assembly1_A	7.477E-21	1.000	382	27.200	6.658E-01	7.191E-01	6.980E-01	5.767E-01	1.047	Acinetobacter phage SH-Ab 15497	strong_targeted_support	runs/v2_full_test_evidence_regime/structure_panel/esmfold_pdb/YP_010746393.1.pdb
	YP_009856327.1	Montyvirus		183	183	76.337	79.3	38.19	95.5	0.749	0.093				6cfw-assembly1_C	1.383E+00	0.720	94	11.700	5.374E-01	5.914E-01	3.527E-01	5.012E-01	0.514	Pyrococcus furiosus COM1	model_confident_no_clear_pdb_analog	runs/v2_full_test_evidence_regime/structure_panel/esmfold_pdb/YP_009856327.1.pdb
	YP_024769.1	Fredfastierviridae		341	341	76.335	81.4	35.08	97.9	0.698	0.255				7sjr-assembly1_A	6.228E-06	1.000	304	15.100	4.206E-01	5.558E-01	4.484E-01	1.884E-01	0.891	Mycolicibacterium smegmatis	strong_targeted_support	runs/v2_full_test_evidence_regime/structure_panel/esmfold_pdb/YP_024769.1.pdb
	YP_009150162.1	Ounavirinae		99	99	76.231	86.5	44.1	94.9	0.646	0.303				2o38-assembly1_A	3.603E-02	1.000	70	20.000	7.180E-01	8.776E-01	6.270E-01	6.907E-01	0.707	Rhodopseudomonas palustris CGA009	strong_targeted_support	runs/v2_full_test_evidence_regime/structure_panel/esmfold_pdb/YP_009150162.1.pdb
	YP_009200825.1	Ounavirinae		99	99	76.231	86.5	44.1	94.9	0.646	0.303				2o38-assembly1_A	3.603E-02	1.000	70	20.000	7.180E-01	8.776E-01	6.270E-01	6.907E-01	0.707	Rhodopseudomonas palustris CGA009	strong_targeted_support	runs/v2_full_test_evidence_regime/structure_panel/esmfold_pdb/YP_009200825.1.pdb
	YP_009621555.1	Ounavirinae		99	99	76.231	86.5	44.1	94.9	0.646	0.303				2o38-assembly1_A	3.603E-02	1.000	70	20.000	7.180E-01	8.776E-01	6.270E-01	6.907E-01	0.707	Rhodopseudomonas palustris CGA009	strong_targeted_support	runs/v2_full_test_evidence_regime/structure_panel/esmfold_pdb/YP_009621555.1.pdb
	YP_009621684.1	Ounavirinae		99	99	76.231	86.5	44.1	94.9	0.646	0.303				2o38-assembly1_A	3.603E-02	1.000	70	20.000	7.180E-01	8.776E-01	6.270E-01	6.907E-01	0.707	Rhodopseudomonas palustris CGA009	strong_targeted_support	runs/v2_full_test_evidence_regime/structure_panel/esmfold_pdb/YP_009621684.1.pdb
	YP_009607572.1	Timshelvirus		337	337	76.221	84.56	31.55	97.41	0.709	0.318				5k7v-assembly1_B	2.102E+00	0.098	360	10.200	3.610E-01	2.610E-01	2.220E-01	2.566E-01	1.068	synthetic construct	model_confident_no_clear_pdb_analog	runs/v2_full_test_evidence_regime/structure_panel/esmfold_pdb/YP_009607572.1.pdb
	YP_001110841.1	Guernseyvirinae		169	169	76.184	86.1	36.52	94.3	0.704	0.308				6toa-assembly1_C	1.131E+00	0.090	166	12.600	2.969E-01	4.256E-01	2.745E-01	2.442E-01	0.982	Rhodobacter capsulatus DE442	model_confident_no_clear_pdb_analog	runs/v2_full_test_evidence_regime/structure_panel/esmfold_pdb/YP_001110841.1.pdb
	YP_010582332.1	Guernseyvirinae		765	765	76.172	83.75	31.85	98.27	0.671	0.345				3bgw-assembly1_A	4.446E-08	1.000	328	12.500	5.012E-01	6.397E-01	2.526E-01	4.358E-01	0.429	Bacillus phage SPP1	foldseek_only_low_model_confidence	runs/v2_full_test_evidence_regime/structure_panel/esmfold_pdb/YP_010582332.1.pdb
	YP_001110765.1	Yongloolinvirus		131	131	76.16	83.13	35.37	91.0	0.74	0.053				7t8i-assembly1_B	1.518E-03	1.000	59	38.900	8.113E-01	9.448E-01	4.336E-01	8.491E-01	0.45	Bacillus subtilis	strong_targeted_support	runs/v2_full_test_evidence_regime/structure_panel/esmfold_pdb/YP_001110765.1.pdb
	YP_009388620.1	Xinmoviridae		638	638	76.153	79.895	31.2	97.61	0.677	0.246				6esc-assembly1_A	4.869E-16	1.000	605	13.000	4.639E-01	5.587E-01	4.410E-01	4.681E-01	0.948	Suid alphaherpesvirus 1	strong_targeted_support	runs/v2_full_test_evidence_regime/structure_panel/esmfold_pdb/YP_009388620.1.pdb
	YP_001218840.1	Fredfastierviridae		341	341	76.148	81.02	34.5	97.82	0.698	0.249				7sjr-assembly1_A	5.696E-06	1.000	345	14.700	4.247E-01	5.546E-01	4.893E-01	2.058E-01	1.012	Mycolicibacterium smegmatis	strong_targeted_support	runs/v2_full_test_evidence_regime/structure_panel/esmfold_pdb/YP_001218840.1.pdb
	YP_009886967.1	Twarogvirinae		527	527	76.116	80.91	34.48	95.04	0.704	0.207				2z6b-assembly1_D	4.892E-46	1.000	365	58.300	6.734E-01	8.568E-01	5.998E-01	8.355E-01	0.693	Tequatrovirus T4	strong_targeted_support	runs/v2_full_test_evidence_regime/structure_panel/esmfold_pdb/YP_009886967.1.pdb
	YP_009886447.1	Twarogvirinae		605	605	76.115	85.05	29.39	96.74	0.704	0.299				3cpe-assembly1_A	2.470E-80	1.000	553	76.800	7.932E-01	4.669E-01	4.272E-01	4.647E-01	0.914	Tequatrovirus T4	strong_targeted_support	runs/v2_full_test_evidence_regime/structure_panel/esmfold_pdb/YP_009886447.1.pdb
	YP_009597363.1	Guernseyvirinae		309	309	76.112	83.87	35.41	98.73	0.663	0.35				2z6a-assembly1_A	2.506E-08	1.000	168	25.500	5.185E-01	8.499E-01	3.922E-01	3.716E-01	0.544	Haemophilus parahaemolyticus	local_structural_support	runs/v2_full_test_evidence_regime/structure_panel/esmfold_pdb/YP_009597363.1.pdb
	YP_009191407.1	Guernseyvirinae		767	767	76.111	83.8	32.16	98.53	0.67	0.379				1nlf-assembly1_A	5.547E-11	1.000	271	17.700	5.448E-01	7.741E-01	2.451E-01	6.923E-01	0.353	Escherichia coli	foldseek_only_low_model_confidence	runs/v2_full_test_evidence_regime/structure_panel/esmfold_pdb/YP_009191407.1.pdb
	YP_010653536.1	Attisvirus		319	319	76.11	75.09	48.01	96.91	0.605	0.219				2ofy-assembly1_B	5.325E-02	1.000	77	27.200	6.084E-01	8.098E-01	2.093E-01	7.404E-01	0.241	Rhodococcus jostii RHA1	model_confident_no_clear_pdb_analog	runs/v2_full_test_evidence_regime/structure_panel/esmfold_pdb/YP_010653536.1.pdb
	YP_009175087.1	Geminiviridae		257	257	76.105	81.13	41.72	93.11	0.681	0.14				8ugq-assembly1_B	5.444E-08	1.000	230	11.700	5.585E-01	7.108E-01	5.728E-01	6.722E-01	0.895	Maize streak virus - [Nigeria]	strong_targeted_support	runs/v2_full_test_evidence_regime/structure_panel/esmfold_pdb/YP_009175087.1.pdb
	YP_010114508.1	Immutovirus		200	200	76.051	78.875	36.43	98.21	0.675	0.27				3duw-assembly1_B	1.217E-07	1.000	207	15.400	5.646E-01	7.353E-01	6.926E-01	6.361E-01	1.035	Bacillus cereus ATCC 10987	strong_targeted_support	runs/v2_full_test_evidence_regime/structure_panel/esmfold_pdb/YP_010114508.1.pdb
	YP_009042742.1	Ferrettivirinae		170	170	76.04	81.775	37.55	91.13	0.753	0.041				3zqq-assembly1_A	8.442E-08	1.000	159	33.900	6.627E-01	4.503E-01	3.678E-01	4.422E-01	0.935	Bacillus phage SF6	local_structural_support	runs/v2_full_test_evidence_regime/structure_panel/esmfold_pdb/YP_009042742.1.pdb
	YP_011217285.1	Guernseyvirinae		194	194	76.036	78.115	47.13	95.47	0.68	0.129				2guh-assembly1_B	3.922E+00	0.179	73	19.100	4.529E-01	5.691E-01	1.866E-01	2.016E-01	0.376	Rhodococcus jostii RHA1	model_confident_no_clear_pdb_analog	runs/v2_full_test_evidence_regime/structure_panel/esmfold_pdb/YP_011217285.1.pdb
	YP_009831857.1	Borockvirus		93	93	75.989	79.38	46.03	91.51	0.699	0.065				8zex-assembly1_A	1.025E-02	1.000	54	20.300	7.010E-01	8.367E-01	5.053E-01	1.165E-01	0.581	Escherichia coli	strong_targeted_support	runs/v2_full_test_evidence_regime/structure_panel/esmfold_pdb/YP_009831857.1.pdb
	YP_010749260.1	Guernseyvirinae		87	87	75.904	82.12	37.9	90.65	0.713	0.034				6q15-assembly1_V	1.229E+00	0.164	44	13.600	5.098E-01	4.023E-01	2.381E-01	1.123E-01	0.506	Salmonella enterica subsp. enterica serovar Typhimurium str. LT2	model_confident_no_clear_pdb_analog	runs/v2_full_test_evidence_regime/structure_panel/esmfold_pdb/YP_010749260.1.pdb
	YP_010748250.1	Guernseyvirinae		169	169	75.859	85.17	36.6	94.17	0.698	0.26				6toa-assembly1_C	7.667E-01	0.116	166	13.200	2.995E-01	4.242E-01	2.743E-01	2.440E-01	0.982	Rhodobacter capsulatus DE442	model_confident_no_clear_pdb_analog	runs/v2_full_test_evidence_regime/structure_panel/esmfold_pdb/YP_010748250.1.pdb
	YP_009337785.1	Riboviria		258	258	75.857	78.325	43.07	92.18	0.694	0.116				2fz2-assembly1_A	3.451E-14	1.000	161	24.200	7.689E-01	9.186E-01	5.750E-01	8.868E-01	0.624	Turnip yellow mosaic virus (Australian isolate)	strong_targeted_support	runs/v2_full_test_evidence_regime/structure_panel/esmfold_pdb/YP_009337785.1.pdb
	YP_008408743.1	Lclasvirinae		432	432	75.837	83.435	27.38	98.23	0.729	0.331				6vt1-assembly4_D	1.157E-13	1.000	430	15.500	5.060E-01	6.787E-01	5.470E-01	6.753E-01	0.995	Naegleria gruberi	strong_targeted_support	runs/v2_full_test_evidence_regime/structure_panel/esmfold_pdb/YP_008408743.1.pdb
	YP_010749535.1	Guernseyvirinae		314	314	75.837	84.34	35.1	98.8	0.653	0.347				2z6a-assembly1_A	3.060E-08	1.000	168	25.500	5.247E-01	8.516E-01	3.867E-01	3.720E-01	0.535	Haemophilus parahaemolyticus	local_structural_support	runs/v2_full_test_evidence_regime/structure_panel/esmfold_pdb/YP_010749535.1.pdb
	NP_620853.1	Geminiviridae		257	257	75.821	81.27	44.27	92.51	0.669	0.14				6f2s-assembly1_H	3.942E-08	1.000	207	14.000	5.959E-01	8.063E-01	5.849E-01	6.801E-01	0.805	Ageratum yellow vein virus	strong_targeted_support	runs/v2_full_test_evidence_regime/structure_panel/esmfold_pdb/NP_620853.1.pdb
	YP_010357018.1	Helgolandviridae		157	157	75.821	80.61	40.43	91.83	0.764	0.102				5hxy-assembly4_D	8.815E-06	1.000	159	20.700	6.772E-01	7.768E-01	7.269E-01	4.349E-01	1.013	Thermoplasma acidophilum DSM 1728	strong_targeted_support	runs/v2_full_test_evidence_regime/structure_panel/esmfold_pdb/YP_010357018.1.pdb
	YP_010653943.1	Powerballvirus		402	402	75.814	80.395	36.64	97.76	0.667	0.241				3mt6-assembly2_B	6.321E-12	1.000	194	23.700	6.458E-01	8.362E-01	3.827E-01	7.854E-01	0.483	Escherichia coli K-12	local_structural_support	runs/v2_full_test_evidence_regime/structure_panel/esmfold_pdb/YP_010653943.1.pdb
	YP_009797879.1	Montyvirus		183	183	75.801	79.0	38.47	95.41	0.721	0.104				8sg1-assembly1_R	4.174E-01	0.692	137	16.700	4.800E-01	4.474E-01	3.310E-01	2.367E-01	0.749	Homo sapiens	model_confident_no_clear_pdb_analog	runs/v2_full_test_evidence_regime/structure_panel/esmfold_pdb/YP_009797879.1.pdb
	YP_009843030.1	Montyvirus		183	183	75.801	79.0	38.47	95.41	0.721	0.104				8sg1-assembly1_R	4.174E-01	0.692	137	16.700	4.800E-01	4.474E-01	3.310E-01	2.367E-01	0.749	Homo sapiens	model_confident_no_clear_pdb_analog	runs/v2_full_test_evidence_regime/structure_panel/esmfold_pdb/YP_009843030.1.pdb
	YP_009032213.1	Yongloolinvirus		357	357	75.791	89.61	26.56	98.66	0.683	0.487				4dkj-assembly1_A	3.356E-21	1.000	434	20.900	6.619E-01	7.258E-01	7.220E-01	6.671E-01	1.216	Malacoplasma penetrans HF-2	strong_targeted_support	runs/v2_full_test_evidence_regime/structure_panel/esmfold_pdb/YP_009032213.1.pdb
	YP_010749531.1	Guernseyvirinae		661	661	75.746	79.02	33.05	96.3	0.699	0.191				4xon-assembly1_A	2.015E-03	1.000	657	10.300	4.261E-01	5.843E-01	4.459E-01	4.860E-01	0.994	Enterobacteria phage HK620	strong_targeted_support	runs/v2_full_test_evidence_regime/structure_panel/esmfold_pdb/YP_010749531.1.pdb
	YP_009702731.1	Asfarviridae		360	360	75.698	79.925	38.75	94.0	0.714	0.078				7z73-assembly1_F	4.405E-01	0.998	126	16.600	5.759E-01	7.019E-01	2.415E-01	6.084E-01	0.35	synthetic construct	foldseek_only_low_model_confidence	runs/v2_full_test_evidence_regime/structure_panel/esmfold_pdb/YP_009702731.1.pdb
	YP_010653384.1	Attisvirus		510	510	75.696	83.535	27.06	97.31	0.657	0.357				9d93-assembly1_Pc	1.404E-10	1.000	498	12.600	4.355E-01	3.901E-01	2.988E-01	2.532E-01	0.976	Mycobacterium phage Bxb1	foldseek_only_low_model_confidence	runs/v2_full_test_evidence_regime/structure_panel/esmfold_pdb/YP_010653384.1.pdb
	YP_009902754.1	Drexlerviridae		102	102	75.685	79.03	42.06	94.64	0.676	0.186				2vbk-assembly1_A	2.395E-02	0.956	80	23.700	4.212E-01	4.367E-01	3.426E-01	1.013E-01	0.784	Lederbergvirus Sf6	local_structural_support	runs/v2_full_test_evidence_regime/structure_panel/esmfold_pdb/YP_009902754.1.pdb
	YP_010747062.1	Guernseyvirinae		169	169	75.683	84.74	35.7	94.16	0.704	0.266				6toa-assembly1_C	1.568E+00	0.090	165	12.700	3.137E-01	4.388E-01	2.817E-01	2.505E-01	0.976	Rhodobacter capsulatus DE442	model_confident_no_clear_pdb_analog	runs/v2_full_test_evidence_regime/structure_panel/esmfold_pdb/YP_010747062.1.pdb
	YP_009836989.1	Montyvirus		161	161	75.68	79.61	33.08	88.81	0.814	0.0				3fz2-assembly3_B	1.262E-04	1.000	147	12.900	5.636E-01	7.365E-01	5.774E-01	6.974E-01	0.913	Lambdavirus lambda	strong_targeted_support	runs/v2_full_test_evidence_regime/structure_panel/esmfold_pdb/YP_009836989.1.pdb
	YP_009190534.1	Sepvirinae		261	261	75.672	76.09	33.36	98.04	0.693	0.368				6abq-assembly1_A	1.944E-01	0.382	99	13.100	4.005E-01	4.186E-01	1.666E-01	3.313E-01	0.379	Listeria monocytogenes	model_confident_no_clear_pdb_analog	runs/v2_full_test_evidence_regime/structure_panel/esmfold_pdb/YP_009190534.1.pdb
	YP_009324429.1	Galunavirus		45	45	75.665	75.28	61.54	85.52	0.733	0.0				5ydr-assembly1_B	5.924E+00	0.138	12	50.000	6.675E-01	8.394E-01	2.500E-01	4.732E-02	0.267	Homo sapiens	model_confident_no_clear_pdb_analog	runs/v2_full_test_evidence_regime/structure_panel/esmfold_pdb/YP_009324429.1.pdb
	YP_010653484.1	Attisvirus		153	153	75.617	79.63	34.62	89.68	0.758	0.0				6zmn-assembly1_B	1.261E-02	0.988	78	16.600	4.652E-01	5.924E-01	3.050E-01	3.770E-01	0.51	Homo sapiens	local_structural_support	runs/v2_full_test_evidence_regime/structure_panel/esmfold_pdb/YP_010653484.1.pdb
	YP_009205537.1	Lclasvirinae		86	86	75.586	82.92	26.06	92.7	0.779	0.116				6onu-assembly3_E	7.828E-02	0.949	76	18.400	5.584E-01	5.976E-01	5.024E-01	5.795E-01	0.884	Mycobacterium tuberculosis H37Rv	strong_targeted_support	runs/v2_full_test_evidence_regime/structure_panel/esmfold_pdb/YP_009205537.1.pdb
	YP_010680683.1	Joanripponvirinae		278	278	75.581	83.44	33.53	97.39	0.662	0.295				5oqj-assembly1_W	3.176E-01	0.923	87	12.600	4.994E-01	6.986E-01	2.296E-01	2.459E-01	0.313	Saccharomyces cerevisiae S288C	foldseek_only_low_model_confidence	runs/v2_full_test_evidence_regime/structure_panel/esmfold_pdb/YP_010680683.1.pdb
	YP_009206144.1	Yongloolinvirus		139	139	75.541	82.52	31.87	90.44	0.806	0.029				8v3w-assembly1_2	5.423E-07	1.000	136	26.400	5.653E-01	6.747E-01	5.999E-01	6.201E-01	0.978	Clostridioides difficile	strong_targeted_support	runs/v2_full_test_evidence_regime/structure_panel/esmfold_pdb/YP_009206144.1.pdb
	YP_010013453.1	Lclasvirinae		147	147	75.49	82.31	27.37	91.35	0.735	0.061				3fbd-assembly2_D	6.001E-01	0.254	40	17.500	3.173E-01	7.003E-01	2.098E-01	2.331E-01	0.272	Escherichia coli	model_confident_no_clear_pdb_analog	runs/v2_full_test_evidence_regime/structure_panel/esmfold_pdb/YP_010013453.1.pdb
	YP_009408648.1	Geminiviridae		256	256	75.454	81.29	42.06	91.87	0.695	0.066				6ek5-assembly1_H	1.202E-05	1.000	226	12.300	5.559E-01	7.327E-01	5.665E-01	7.159E-01	0.883	African cassava mosaic virus - [West Kenya 844]	strong_targeted_support	runs/v2_full_test_evidence_regime/structure_panel/esmfold_pdb/YP_009408648.1.pdb
	YP_009848321.1	Montyvirus		183	183	75.397	79.37	37.66	95.36	0.716	0.093				6cfw-assembly1_C	7.442E-01	0.837	94	11.700	5.312E-01	5.987E-01	3.565E-01	5.115E-01	0.514	Pyrococcus furiosus COM1	model_confident_no_clear_pdb_analog	runs/v2_full_test_evidence_regime/structure_panel/esmfold_pdb/YP_009848321.1.pdb
	YP_009880962.1	Twarogvirinae		132	132	75.385	83.43	37.34	93.51	0.705	0.167				5iw9-assembly1_B	9.655E-15	1.000	125	61.600	7.222E-01	7.867E-01	7.410E-01	7.807E-01	0.947	Tequatrovirus T4	strong_targeted_support	runs/v2_full_test_evidence_regime/structure_panel/esmfold_pdb/YP_009880962.1.pdb
	YP_223889.1	Coetzeevirus		286	286	75.368	79.215	41.63	93.93	0.671	0.105				8em6-assembly1_A-2	1.547E-09	1.000	330	10.300	5.362E-01	6.594E-01	6.269E-01	5.939E-01	1.154	Shigella phage Buco	strong_targeted_support	runs/v2_full_test_evidence_regime/structure_panel/esmfold_pdb/YP_223889.1.pdb
	YP_007250563.1	Geminiviridae		256	256	75.353	81.85	41.26	94.11	0.645	0.195				8ugq-assembly1_B	8.334E-08	1.000	224	10.700	5.648E-01	6.899E-01	5.484E-01	6.387E-01	0.875	Maize streak virus - [Nigeria]	strong_targeted_support	runs/v2_full_test_evidence_regime/structure_panel/esmfold_pdb/YP_007250563.1.pdb
	YP_009199290.1	Sfunavirus		275	275	75.347	80.69	38.52	95.99	0.684	0.145				8c4d-assembly1_A	1.392E-05	1.000	218	18.800	4.472E-01	6.391E-01	4.434E-01	6.302E-01	0.793	Enterococcus faecium	strong_targeted_support	runs/v2_full_test_evidence_regime/structure_panel/esmfold_pdb/YP_009199290.1.pdb
	YP_009213149.1	Siftrevirus		275	275	75.347	80.69	38.52	95.99	0.684	0.145				8c4d-assembly1_A	1.392E-05	1.000	218	18.800	4.472E-01	6.391E-01	4.434E-01	6.302E-01	0.793	Enterococcus faecium	strong_targeted_support	runs/v2_full_test_evidence_regime/structure_panel/esmfold_pdb/YP_009213149.1.pdb
	NP_714931.1	Ensavirinae		239	239	75.334	82.32	45.23	90.67	0.728	0.013				7qw9-assembly1_C	1.458E-27	1.000	240	47.000	7.840E-01	8.322E-01	8.289E-01	8.224E-01	1.004	Coxsackievirus A6	strong_targeted_support	runs/v2_full_test_evidence_regime/structure_panel/esmfold_pdb/NP_714931.1.pdb
	YP_010681121.1	Joanripponvirinae		278	278	75.332	82.325	33.67	96.39	0.676	0.248				3r0a-assembly1_A	1.234E-01	0.986	80	21.200	4.753E-01	7.090E-01	2.127E-01	4.466E-01	0.288	Methanosarcina mazei	foldseek_only_low_model_confidence	runs/v2_full_test_evidence_regime/structure_panel/esmfold_pdb/YP_010681121.1.pdb
	YP_010667630.1	Menderavirus		148	148	75.316	86.01	28.91	94.13	0.736	0.277				5k5d-assembly2_B	1.649E-03	1.000	113	9.700	5.190E-01	6.219E-01	4.336E-01	2.774E-01	0.764	Saccharolobus solfataricus 98/2	strong_targeted_support	runs/v2_full_test_evidence_regime/structure_panel/esmfold_pdb/YP_010667630.1.pdb
	YP_009902505.1	Drexlerviridae		233	233	75.293	83.0	39.26	98.45	0.644	0.361				6irz-assembly1_A	4.612E-03	1.000	168	10.700	5.433E-01	7.243E-01	4.572E-01	2.381E-01	0.721	Danio rerio	strong_targeted_support	runs/v2_full_test_evidence_regime/structure_panel/esmfold_pdb/YP_009902505.1.pdb
	YP_010748138.1	Guernseyvirinae		169	169	75.282	84.19	35.72	93.97	0.692	0.237				6toa-assembly1_C	2.143E+00	0.090	165	12.700	3.124E-01	4.349E-01	2.801E-01	2.493E-01	0.976	Rhodobacter capsulatus DE442	model_confident_no_clear_pdb_analog	runs/v2_full_test_evidence_regime/structure_panel/esmfold_pdb/YP_010748138.1.pdb
	YP_009885411.1	Twarogvirinae		92	92	75.264	78.03	47.57	90.57	0.685	0.022				6e55-assembly5_E	3.611E-02	0.981	93	10.700	4.655E-01	6.146E-01	5.069E-01	5.636E-01	1.011	Klebsiella pneumoniae	strong_targeted_support	runs/v2_full_test_evidence_regime/structure_panel/esmfold_pdb/YP_009885411.1.pdb
	YP_006488840.2	Twarogvirinae		62	62	75.254	75.39	41.65	87.71	0.742	0.0				6t0n-assembly1_B	9.271E-01	0.817	70	17.100	7.973E-01	6.612E-01	6.309E-01	5.443E-02	1.129	Influenza A virus (A/little yellow-shouldered bat/Guatemala/060/2010(H17N10))	strong_targeted_support	runs/v2_full_test_evidence_regime/structure_panel/esmfold_pdb/YP_006488840.2.pdb
	YP_010653555.1	Attisvirus		525	525	75.247	88.05	29.5	98.85	0.646	0.467				9baq-assembly1_A	1.244E-14	1.000	562	14.900	5.038E-01	5.952E-01	4.642E-01	2.562E-01	1.07	Neurospora crassa	strong_targeted_support	runs/v2_full_test_evidence_regime/structure_panel/esmfold_pdb/YP_010653555.1.pdb
	YP_010012910.1	Lclasvirinae		76	76	75.182	82.11	31.81	91.73	0.75	0.066				6onu-assembly3_E	9.481E-03	1.000	63	23.800	6.654E-01	7.750E-01	6.281E-01	6.570E-01	0.829	Mycobacterium tuberculosis H37Rv	strong_targeted_support	runs/v2_full_test_evidence_regime/structure_panel/esmfold_pdb/YP_010012910.1.pdb
	YP_010680383.1	Joanripponvirinae		277	277	75.166	82.57	36.73	97.58	0.639	0.296				3cta-assembly1_A-2	2.913E-01	0.988	73	12.300	5.263E-01	8.262E-01	2.034E-01	2.951E-01	0.264	Thermoplasma acidophilum DSM 1728	foldseek_only_low_model_confidence	runs/v2_full_test_evidence_regime/structure_panel/esmfold_pdb/YP_010680383.1.pdb
	YP_004322574.1	Eurybiavirus		130	130	75.162	79.225	35.3	89.69	0.738	0.0				3by7-assembly1_D	4.772E-05	1.000	96	16.600	7.268E-01	9.107E-01	5.611E-01	8.305E-01	0.738	uncultured marine organism	strong_targeted_support	runs/v2_full_test_evidence_regime/structure_panel/esmfold_pdb/YP_004322574.1.pdb
	YP_009886500.1	Twarogvirinae		92	92	75.145	76.755	47.9	91.15	0.63	0.022				6e55-assembly5_E	7.866E-03	0.996	94	11.700	4.795E-01	6.309E-01	5.117E-01	5.733E-01	1.022	Klebsiella pneumoniae	strong_targeted_support	runs/v2_full_test_evidence_regime/structure_panel/esmfold_pdb/YP_009886500.1.pdb
	YP_009324636.1	Ounavirinae		99	99	75.128	85.87	32.32	95.05	0.646	0.283				2o38-assembly1_A	5.323E-02	1.000	70	18.500	7.211E-01	8.804E-01	6.285E-01	6.926E-01	0.707	Rhodopseudomonas palustris CGA009	strong_targeted_support	runs/v2_full_test_evidence_regime/structure_panel/esmfold_pdb/YP_009324636.1.pdb
	YP_009635680.1	Microwolfvirus		141	141	75.118	78.86	46.21	91.39	0.674	0.085				8pop-assembly1_B	2.382E+00	0.301	123	13.000	5.188E-01	5.582E-01	3.764E-01	4.273E-01	0.872	Escherichia phage HK97	model_confident_no_clear_pdb_analog	runs/v2_full_test_evidence_regime/structure_panel/esmfold_pdb/YP_009635680.1.pdb
	YP_010109673.1	Frickvirinae		37	37	75.067	79.06	51.52	89.77	0.622	0.0																runs/v2_full_test_evidence_regime/structure_panel/esmfold_pdb/YP_010109673.1.pdb
	YP_010749236.1	Guernseyvirinae		747	747	75.067	81.24	26.57	97.28	0.663	0.261				8gja-assembly1_B	8.908E-09	1.000	319	12.200	4.490E-01	5.749E-01	2.380E-01	4.733E-01	0.427	Alvinella pompejana	foldseek_only_low_model_confidence	runs/v2_full_test_evidence_regime/structure_panel/esmfold_pdb/YP_010749236.1.pdb
	YP_009168781.1	Guernseyvirinae		195	195	75.003	76.63	47.6	95.31	0.646	0.123				2guh-assembly1_B	1.813E+00	0.301	75	16.000	4.504E-01	5.692E-01	1.919E-01	2.068E-01	0.385	Rhodococcus jostii RHA1	model_confident_no_clear_pdb_analog	runs/v2_full_test_evidence_regime/structure_panel/esmfold_pdb/YP_009168781.1.pdb
	YP_009854735.1	Lillamyvirus		325	325	74.991	85.79	32.46	98.52	0.625	0.415				6pbd-assembly1_A	1.548E-16	1.000	317	19.800	6.823E-01	7.685E-01	5.881E-01	5.484E-01	0.975	Caulobacter vibrioides	strong_targeted_support	runs/v2_full_test_evidence_regime/structure_panel/esmfold_pdb/YP_009854735.1.pdb
	YP_009854864.1	Lillamyvirus		325	325	74.991	85.79	32.46	98.52	0.625	0.415				6pbd-assembly1_A	1.548E-16	1.000	317	19.800	6.823E-01	7.685E-01	5.881E-01	5.484E-01	0.975	Caulobacter vibrioides	strong_targeted_support	runs/v2_full_test_evidence_regime/structure_panel/esmfold_pdb/YP_009854864.1.pdb
	YP_009854937.1	Lillamyvirus		325	325	74.991	85.79	32.46	98.52	0.625	0.415				6pbd-assembly1_A	1.548E-16	1.000	317	19.800	6.823E-01	7.685E-01	5.881E-01	5.484E-01	0.975	Caulobacter vibrioides	strong_targeted_support	runs/v2_full_test_evidence_regime/structure_panel/esmfold_pdb/YP_009854937.1.pdb
	YP_009855144.1	Lillamyvirus		325	325	74.991	85.79	32.46	98.52	0.625	0.415				6pbd-assembly1_A	1.548E-16	1.000	317	19.800	6.823E-01	7.685E-01	5.881E-01	5.484E-01	0.975	Caulobacter vibrioides	strong_targeted_support	runs/v2_full_test_evidence_regime/structure_panel/esmfold_pdb/YP_009855144.1.pdb
	YP_009855219.1	Lillamyvirus		325	325	74.991	85.79	32.46	98.52	0.625	0.415				6pbd-assembly1_A	1.548E-16	1.000	317	19.800	6.823E-01	7.685E-01	5.881E-01	5.484E-01	0.975	Caulobacter vibrioides	strong_targeted_support	runs/v2_full_test_evidence_regime/structure_panel/esmfold_pdb/YP_009855219.1.pdb
	YP_009855362.1	Lillamyvirus		325	325	74.991	85.79	32.46	98.52	0.625	0.415				6pbd-assembly1_A	1.548E-16	1.000	317	19.800	6.823E-01	7.685E-01	5.881E-01	5.484E-01	0.975	Caulobacter vibrioides	strong_targeted_support	runs/v2_full_test_evidence_regime/structure_panel/esmfold_pdb/YP_009855362.1.pdb
	YP_009321992.1	Ferrettivirinae		113	113	74.962	81.48	38.25	92.8	0.761	0.088				4wcg-assembly1_A	1.730E-01	0.997	54	18.500	7.304E-01	8.459E-01	4.241E-01	7.384E-01	0.478	Cyprinid herpesvirus 3	strong_targeted_support	runs/v2_full_test_evidence_regime/structure_panel/esmfold_pdb/YP_009321992.1.pdb
	YP_010109643.1	Frickvirinae		47	47	74.932	78.8	57.79	89.15	0.596	0.0																runs/v2_full_test_evidence_regime/structure_panel/esmfold_pdb/YP_010109643.1.pdb
	YP_009851114.1	Menderavirus		191	191	74.923	77.12	41.73	95.71	0.675	0.141																runs/v2_full_test_evidence_regime/structure_panel/esmfold_pdb/YP_009851114.1.pdb
	YP_009321804.1	Ferrettivirinae		168	168	74.916	80.685	33.24	93.52	0.696	0.06				2zfu-assembly2_B	1.200E-05	1.000	174	18.300	5.882E-01	7.277E-01	5.847E-01	4.759E-01	1.036	Homo sapiens	strong_targeted_support	runs/v2_full_test_evidence_regime/structure_panel/esmfold_pdb/YP_009321804.1.pdb
	YP_007010498.1	Guernseyvirinae		56	56	74.889	80.26	47.85	86.29	0.732	0.0				7lw0-assembly1_A	5.668E-02	0.994	55	23.600	6.858E-01	7.142E-01	6.642E-01	6.642E-01	0.982	Lambdavirus lambda	strong_targeted_support	runs/v2_full_test_evidence_regime/structure_panel/esmfold_pdb/YP_007010498.1.pdb
	YP_009280150.1	Guernseyvirinae		56	56	74.889	80.26	47.85	86.29	0.732	0.0				7lw0-assembly1_A	5.668E-02	0.994	55	23.600	6.858E-01	7.142E-01	6.642E-01	6.642E-01	0.982	Lambdavirus lambda	strong_targeted_support	runs/v2_full_test_evidence_regime/structure_panel/esmfold_pdb/YP_009280150.1.pdb
	YP_009798812.1	Ackermannviridae		220	220	74.833	80.78	30.25	93.32	0.723	0.073				3adb-assembly1_B	1.222E-04	1.000	202	12.800	5.064E-01	6.902E-01	5.726E-01	5.186E-01	0.918	Methanocaldococcus jannaschii DSM 2661	strong_targeted_support	runs/v2_full_test_evidence_regime/structure_panel/esmfold_pdb/YP_009798812.1.pdb
	NP_740481.1	Ensavirinae		234	234	74.829	82.495	35.15	92.81	0.705	0.085				6csg-assembly1_B	8.654E-23	1.000	225	39.500	7.770E-01	9.052E-01	8.577E-01	8.151E-01	0.962	enterovirus D68	strong_targeted_support	runs/v2_full_test_evidence_regime/structure_panel/esmfold_pdb/NP_740481.1.pdb
	YP_010077854.1	Menderavirus		420	420	74.818	83.0	36.55	96.59	0.683	0.186				6uzc-assembly1_H	3.900E-18	1.000	322	32.900	6.127E-01	6.646E-01	5.093E-01	4.443E-01	0.767	Tequatrovirus T4	strong_targeted_support	runs/v2_full_test_evidence_regime/structure_panel/esmfold_pdb/YP_010077854.1.pdb
	YP_010114976.1	Frickvirinae		526	526	74.768	88.045	27.95	98.81	0.646	0.466				9baq-assembly1_A	5.354E-15	1.000	574	13.500	5.370E-01	6.020E-01	4.636E-01	2.557E-01	1.091	Neurospora crassa	strong_targeted_support	runs/v2_full_test_evidence_regime/structure_panel/esmfold_pdb/YP_010114976.1.pdb
	YP_010109676.1	Frickvirinae		99	99	74.767	81.01	46.46	88.64	0.687	0.0																runs/v2_full_test_evidence_regime/structure_panel/esmfold_pdb/YP_010109676.1.pdb
	YP_009146306.1	Ounavirinae		133	133	74.766	79.96	41.46	92.15	0.677	0.053				7z4w-assembly1_1	5.032E-03	1.000	116	13.700	4.923E-01	6.630E-01	5.062E-01	5.977E-01	0.872	Bacillus subtilis	strong_targeted_support	runs/v2_full_test_evidence_regime/structure_panel/esmfold_pdb/YP_009146306.1.pdb
	YP_009200801.1	Ounavirinae		133	133	74.766	79.96	41.46	92.15	0.677	0.053				7z4w-assembly1_1	5.032E-03	1.000	116	13.700	4.923E-01	6.630E-01	5.062E-01	5.977E-01	0.872	Bacillus subtilis	strong_targeted_support	runs/v2_full_test_evidence_regime/structure_panel/esmfold_pdb/YP_009200801.1.pdb
	YP_009597319.1	Guernseyvirinae		752	752	74.739	82.535	25.67	98.31	0.628	0.301				8gja-assembly2_D	2.626E-07	1.000	318	11.300	4.869E-01	5.866E-01	2.407E-01	4.874E-01	0.423	Alvinella pompejana	foldseek_only_low_model_confidence	runs/v2_full_test_evidence_regime/structure_panel/esmfold_pdb/YP_009597319.1.pdb
	YP_009337113.1	Riboviria		534	534	74.735	83.41	24.33	98.59	0.691	0.38				3cso-assembly1_A	2.795E-14	1.000	562	13.500	4.922E-01	6.451E-01	5.958E-01	5.709E-01	1.052	Hepatitis C virus isolate HC-J4	strong_targeted_support	runs/v2_full_test_evidence_regime/structure_panel/esmfold_pdb/YP_009337113.1.pdb
	YP_007349029.1	Ackermannviridae		232	232	74.697	76.37	45.94	95.15	0.664	0.177				3txq-assembly1_H	3.841E-02	1.000	73	27.300	7.743E-01	9.015E-01	2.966E-01	7.561E-01	0.315	Biquartavirus 44RR2	foldseek_only_low_model_confidence	runs/v2_full_test_evidence_regime/structure_panel/esmfold_pdb/YP_007349029.1.pdb
	YP_009796275.1	Ackermannviridae		80	80	74.688	83.05	35.58	89.39	0.713	0.0				7d7d-assembly1_K	1.562E+00	0.663	52	25.000	5.969E-01	7.358E-01	5.093E-01	5.634E-01	0.65	Tequatrovirus T4	strong_targeted_support	runs/v2_full_test_evidence_regime/structure_panel/esmfold_pdb/YP_009796275.1.pdb
	YP_794063.1	Sepvirinae		404	404	74.67	81.045	32.05	94.91	0.738	0.109				8h89-assembly1_A	4.413E-26	1.000	361	30.400	6.556E-01	8.602E-01	6.926E-01	7.629E-01	0.894	Ralstonia phage GP4	strong_targeted_support	runs/v2_full_test_evidence_regime/structure_panel/esmfold_pdb/YP_794063.1.pdb
	YP_010653777.1	Attisvirus		525	525	74.654	87.26	28.61	98.84	0.642	0.453				9baq-assembly1_A	1.408E-14	1.000	577	12.900	5.526E-01	5.963E-01	4.631E-01	2.554E-01	1.099	Neurospora crassa	strong_targeted_support	runs/v2_full_test_evidence_regime/structure_panel/esmfold_pdb/YP_010653777.1.pdb
	NP_044877.1	Gammaherpesvirinae		383	383	74.63	77.53	35.13	95.62	0.679	0.162				2z0o-assembly1_A-2	1.023E+00	0.138	219	10.500	2.964E-01	2.522E-01	1.624E-01	1.726E-01	0.572	Homo sapiens	model_confident_no_clear_pdb_analog	runs/v2_full_test_evidence_regime/structure_panel/esmfold_pdb/NP_044877.1.pdb
	YP_008433550.1	Baikalvirus		177	177	74.566	82.17	33.55	94.96	0.684	0.299				7t26-assembly1_A	1.144E-07	1.000	164	20.100	5.924E-01	7.654E-01	5.972E-01	7.602E-01	0.927	Erwinia phage FBB1	strong_targeted_support	runs/v2_full_test_evidence_regime/structure_panel/esmfold_pdb/YP_008433550.1.pdb
	YP_001552434.1	Ensavirinae		235	235	74.551	82.53	35.82	91.49	0.706	0.043				5jzg-assembly1_B	2.451E-31	1.000	234	71.700	7.650E-01	7.893E-01	7.797E-01	7.797E-01	0.996	Rhinovirus C	strong_targeted_support	runs/v2_full_test_evidence_regime/structure_panel/esmfold_pdb/YP_001552434.1.pdb
	YP_011413831.1	Valentinivirus		339	339	74.538	80.08	41.57	97.94	0.593	0.236				8kdc-assembly1_B	6.394E+00	0.505	53	13.200	6.129E-01	7.780E-01	1.415E-01	6.439E-01	0.156	Human respirovirus 3	model_confident_no_clear_pdb_analog	runs/v2_full_test_evidence_regime/structure_panel/esmfold_pdb/YP_011413831.1.pdb
	YP_009342276.1	Riboviria		213	213	74.534	79.81	34.05	96.27	0.718	0.122				1f2n-assembly1_C	1.479E-08	1.000	228	13.500	6.036E-01	7.052E-01	6.717E-01	6.746E-01	1.07	Rice yellow mottle virus	strong_targeted_support	runs/v2_full_test_evidence_regime/structure_panel/esmfold_pdb/YP_009342276.1.pdb
	YP_009168833.1	Guernseyvirinae		195	195	74.532	75.63	47.64	95.6	0.631	0.128				2guh-assembly1_B	2.810E+00	0.196	75	17.300	4.430E-01	5.593E-01	1.859E-01	2.011E-01	0.385	Rhodococcus jostii RHA1	model_confident_no_clear_pdb_analog	runs/v2_full_test_evidence_regime/structure_panel/esmfold_pdb/YP_009168833.1.pdb
	NP_620377.1	Geminiviridae		256	256	74.502	79.725	41.56	94.93	0.672	0.09				6f2s-assembly1_H	2.559E-09	1.000	204	13.700	6.072E-01	8.058E-01	5.880E-01	6.804E-01	0.797	Ageratum yellow vein virus	strong_targeted_support	runs/v2_full_test_evidence_regime/structure_panel/esmfold_pdb/NP_620377.1.pdb
	YP_009202428.1	Lclasvirinae		131	131	74.457	83.63	36.5	94.1	0.71	0.176				2l7n-assembly1_A	2.179E+00	0.076	130	10.700	3.543E-01	3.439E-01	3.100E-01	2.624E-01	0.992	Mus musculus	model_confident_no_clear_pdb_analog	runs/v2_full_test_evidence_regime/structure_panel/esmfold_pdb/YP_009202428.1.pdb
	YP_010749175.1	Guernseyvirinae		746	746	74.453	79.55	30.37	97.42	0.629	0.248				8faz-assembly1_D	4.320E-09	1.000	295	14.500	4.953E-01	6.056E-01	2.454E-01	5.360E-01	0.395	Homo sapiens	foldseek_only_low_model_confidence	runs/v2_full_test_evidence_regime/structure_panel/esmfold_pdb/YP_010749175.1.pdb
	YP_009837004.1	Montyvirus		180	180	74.442	77.53	35.53	93.56	0.672	0.083				1q16-assembly1_C	6.737E-01	0.872	143	17.400	5.388E-01	6.082E-01	4.584E-01	3.772E-01	0.794	Escherichia coli	strong_targeted_support	runs/v2_full_test_evidence_regime/structure_panel/esmfold_pdb/YP_009837004.1.pdb
	YP_002519377.1	Geminiviridae		257	257	74.426	76.72	41.88	95.62	0.595	0.132				6f2s-assembly1_I	3.656E-29	1.000	204	71.000	7.889E-01	8.798E-01	6.990E-01	8.757E-01	0.794	Ageratum yellow vein virus	strong_targeted_support	runs/v2_full_test_evidence_regime/structure_panel/esmfold_pdb/YP_002519377.1.pdb
	YP_009843083.1	Montyvirus		518	518	74.41	86.04	23.64	97.17	0.633	0.413				6l1q-assembly1_C	6.316E-16	1.000	277	17.600	6.544E-01	8.793E-01	4.498E-01	8.457E-01	0.535	Acidithiobacillus ferrooxidans ATCC 23270	strong_targeted_support	runs/v2_full_test_evidence_regime/structure_panel/esmfold_pdb/YP_009843083.1.pdb
	YP_010806162.1	Aoguangviridae		401	401	74.395	79.42	31.67	98.32	0.638	0.322				1nju-assembly1_A	9.756E-04	1.000	179	11.100	4.728E-01	5.562E-01	2.326E-01	3.794E-01	0.446	Human betaherpesvirus 5	foldseek_only_low_model_confidence	runs/v2_full_test_evidence_regime/structure_panel/esmfold_pdb/YP_010806162.1.pdb
	YP_008767048.1	Guernseyvirinae		56	56	74.394	79.75	50.61	85.18	0.732	0.0				7lw0-assembly1_A	1.756E-02	0.999	56	23.200	6.763E-01	7.098E-01	6.587E-01	6.587E-01	1.0	Lambdavirus lambda	strong_targeted_support	runs/v2_full_test_evidence_regime/structure_panel/esmfold_pdb/YP_008767048.1.pdb
	YP_001333689.1	Geminiviridae		255	255	74.355	78.08	37.1	91.05	0.667	0.024				6f2s-assembly1_I	3.162E-07	1.000	204	14.700	5.398E-01	6.974E-01	4.913E-01	6.030E-01	0.8	Ageratum yellow vein virus	strong_targeted_support	runs/v2_full_test_evidence_regime/structure_panel/esmfold_pdb/YP_001333689.1.pdb
	YP_009497879.1	Portogloboviridae		168	168	74.345	80.005	35.47	94.54	0.696	0.173				4qdj-assembly1_A	7.653E-06	1.000	186	15.000	5.302E-01	6.877E-01	6.484E-01	5.376E-01	1.107	Synechocystis sp. PCC 6803 substr. Kazusa	strong_targeted_support	runs/v2_full_test_evidence_regime/structure_panel/esmfold_pdb/YP_009497879.1.pdb
	YP_010102977.1	Frickvirinae		526	526	74.315	87.545	26.04	98.81	0.644	0.454				9baq-assembly1_A	7.960E-15	1.000	578	13.600	5.379E-01	6.137E-01	4.769E-01	2.639E-01	1.099	Neurospora crassa	strong_targeted_support	runs/v2_full_test_evidence_regime/structure_panel/esmfold_pdb/YP_010102977.1.pdb
	YP_009615917.1	Ackermannviridae		80	80	74.254	83.03	39.31	90.13	0.713	0.013				7d7d-assembly1_K	9.179E-01	0.949	63	20.600	7.168E-01	8.276E-01	6.670E-01	7.389E-01	0.787	Tequatrovirus T4	strong_targeted_support	runs/v2_full_test_evidence_regime/structure_panel/esmfold_pdb/YP_009615917.1.pdb
	YP_009191449.1	Guernseyvirinae		170	170	74.241	77.23	39.28	91.77	0.724	0.024				8rk3-assembly1_g	3.571E-05	1.000	153	9.800	5.571E-01	7.051E-01	5.958E-01	3.982E-01	0.9	Pseudomonas phage JBD30	strong_targeted_support	runs/v2_full_test_evidence_regime/structure_panel/esmfold_pdb/YP_009191449.1.pdb
	YP_009597281.1	Guernseyvirinae		194	194	74.241	74.68	47.63	94.88	0.624	0.119				2ao9-assembly1_E	2.694E+00	0.138	112	8.900	4.522E-01	3.891E-01	2.279E-01	3.403E-01	0.577	Bacillus cereus ATCC 14579	model_confident_no_clear_pdb_analog	runs/v2_full_test_evidence_regime/structure_panel/esmfold_pdb/YP_009597281.1.pdb
	YP_004323395.1	Eurybiavirus		290	290	74.2	76.9	43.07	93.64	0.634	0.117				1wth-assembly1_A	1.194E-07	1.000	192	21.300	6.602E-01	4.991E-01	3.405E-01	1.860E-01	0.662	Tequatrovirus T4	local_structural_support	runs/v2_full_test_evidence_regime/structure_panel/esmfold_pdb/YP_004323395.1.pdb
	YP_009796490.1	Ackermannviridae		80	80	74.185	82.9	37.4	89.34	0.713	0.0				7d7d-assembly1_K	8.702E-01	0.941	67	20.800	7.049E-01	7.731E-01	6.587E-01	7.283E-01	0.838	Tequatrovirus T4	strong_targeted_support	runs/v2_full_test_evidence_regime/structure_panel/esmfold_pdb/YP_009796490.1.pdb
	YP_009822407.1	Ackermannviridae		80	80	74.185	82.9	37.4	89.34	0.713	0.0				7d7d-assembly1_K	8.702E-01	0.941	67	20.800	7.049E-01	7.731E-01	6.587E-01	7.283E-01	0.838	Tequatrovirus T4	strong_targeted_support	runs/v2_full_test_evidence_regime/structure_panel/esmfold_pdb/YP_009822407.1.pdb
	YP_009884630.1	Ackermannviridae		80	80	74.185	82.9	37.4	89.34	0.713	0.0				7d7d-assembly1_K	8.702E-01	0.941	67	20.800	7.049E-01	7.731E-01	6.587E-01	7.283E-01	0.838	Tequatrovirus T4	strong_targeted_support	runs/v2_full_test_evidence_regime/structure_panel/esmfold_pdb/YP_009884630.1.pdb
	YP_011217306.1	Guernseyvirinae		752	752	74.178	82.03	27.5	98.1	0.608	0.29				8gja-assembly1_B	3.655E-08	1.000	324	12.000	4.413E-01	5.836E-01	2.492E-01	4.925E-01	0.431	Alvinella pompejana	foldseek_only_low_model_confidence	runs/v2_full_test_evidence_regime/structure_panel/esmfold_pdb/YP_011217306.1.pdb
	YP_009191414.1	Guernseyvirinae		93	93	74.17	77.57	45.27	84.75	0.71	0.0				3x38-assembly2_D	5.546E+00	0.126	74	8.100	5.051E-01	5.357E-01	4.237E-01	4.894E-01	0.796	Saccharomyces cerevisiae S288C	model_confident_no_clear_pdb_analog	runs/v2_full_test_evidence_regime/structure_panel/esmfold_pdb/YP_009191414.1.pdb
	YP_011965715.1	Guernseyvirinae		86	86	74.097	76.96	49.4	88.97	0.733	0.0				2dxl-assembly1_A	5.847E-02	0.887	81	11.100	4.937E-01	5.381E-01	4.881E-01	1.951E-01	0.942	Klebsiella aerogenes	strong_targeted_support	runs/v2_full_test_evidence_regime/structure_panel/esmfold_pdb/YP_011965715.1.pdb
	YP_005098154.1	Guernseyvirinae		171	171	74.087	78.6	41.12	90.32	0.696	0.012				8rk3-assembly1_g	1.948E-05	1.000	154	11.000	5.642E-01	6.974E-01	5.862E-01	3.934E-01	0.901	Pseudomonas phage JBD30	strong_targeted_support	runs/v2_full_test_evidence_regime/structure_panel/esmfold_pdb/YP_005098154.1.pdb
	YP_010653547.1	Attisvirus		101	101	74.069	80.23	48.65	88.53	0.673	0.0				4e1r-assembly1_A	3.045E+00	0.254	55	12.700	4.857E-01	7.225E-01	3.605E-01	6.096E-01	0.545	Mycobacterium tuberculosis	model_confident_no_clear_pdb_analog	runs/v2_full_test_evidence_regime/structure_panel/esmfold_pdb/YP_010653547.1.pdb
	YP_010653554.1	Attisvirus		46	46	74.048	79.87	50.05	92.5	0.587	0.174																runs/v2_full_test_evidence_regime/structure_panel/esmfold_pdb/YP_010653554.1.pdb
	YP_010012522.1	Lclasvirinae		105	105	74.026	81.73	26.59	93.73	0.676	0.257				7ol9-assembly1_A	5.625E-02	0.978	60	18.300	5.002E-01	7.251E-01	4.105E-01	2.298E-01	0.571	Bacillus subtilis subsp. subtilis str. 168	strong_targeted_support	runs/v2_full_test_evidence_regime/structure_panel/esmfold_pdb/YP_010012522.1.pdb
	YP_009274096.1	Frickvirinae		526	526	73.996	86.68	28.11	98.8	0.643	0.439				9baq-assembly1_A	3.208E-15	1.000	572	13.900	5.554E-01	6.187E-01	4.792E-01	2.650E-01	1.087	Neurospora crassa	strong_targeted_support	runs/v2_full_test_evidence_regime/structure_panel/esmfold_pdb/YP_009274096.1.pdb
	YP_010102118.1	Frickvirinae		526	526	73.996	86.68	28.11	98.8	0.643	0.439				9baq-assembly1_A	3.208E-15	1.000	572	13.900	5.554E-01	6.187E-01	4.792E-01	2.650E-01	1.087	Neurospora crassa	strong_targeted_support	runs/v2_full_test_evidence_regime/structure_panel/esmfold_pdb/YP_010102118.1.pdb
	YP_010102311.1	Frickvirinae		526	526	73.996	86.68	28.11	98.8	0.643	0.439				9baq-assembly1_A	3.208E-15	1.000	572	13.900	5.554E-01	6.187E-01	4.792E-01	2.650E-01	1.087	Neurospora crassa	strong_targeted_support	runs/v2_full_test_evidence_regime/structure_panel/esmfold_pdb/YP_010102311.1.pdb
	YP_010653518.1	Attisvirus		81	81	73.975	79.13	40.35	93.74	0.667	0.148				5eq7-assembly1_A	3.774E+00	0.179	54	14.800	5.264E-01	5.583E-01	3.900E-01	1.493E-01	0.667	Medicago truncatula	model_confident_no_clear_pdb_analog	runs/v2_full_test_evidence_regime/structure_panel/esmfold_pdb/YP_010653518.1.pdb
	YP_009848301.1	Montyvirus		165	165	73.938	78.85	46.92	88.85	0.655	0.0				6ogz-assembly1_I	3.580E-01	0.098	160	13.700	3.664E-01	2.212E-01	1.952E-01	6.241E-02	0.97	Rotavirus A	model_confident_no_clear_pdb_analog	runs/v2_full_test_evidence_regime/structure_panel/esmfold_pdb/YP_009848301.1.pdb
	YP_009857340.1	Badaztecvirus		171	171	73.888	77.3	48.28	92.3	0.579	0.053				8fvt-assembly1_B	4.174E+00	0.150	94	11.700	5.306E-01	4.693E-01	2.704E-01	4.446E-01	0.55	synthetic construct	model_confident_no_clear_pdb_analog	runs/v2_full_test_evidence_regime/structure_panel/esmfold_pdb/YP_009857340.1.pdb
	YP_001542633.1	Rudiviridae		443	443	73.875	78.33	35.19	95.29	0.691	0.12				8emh-assembly1_C	5.652E-16	1.000	466	15.600	4.569E-01	5.632E-01	5.404E-01	3.841E-01	1.052	Acinetobacter sp. NEB 394	strong_targeted_support	runs/v2_full_test_evidence_regime/structure_panel/esmfold_pdb/YP_001542633.1.pdb
	YP_009337011.1	Riboviria		527	527	73.777	79.23	31.34	95.11	0.638	0.203				5mdm-assembly2_A	3.694E-24	1.000	395	21.000	6.556E-01	5.804E-01	4.418E-01	5.365E-01	0.75	Chandipura virus	strong_targeted_support	runs/v2_full_test_evidence_regime/structure_panel/esmfold_pdb/YP_009337011.1.pdb
	YP_006489045.1	Twarogvirinae		162	162	73.702	78.965	31.97	89.23	0.667	0.0				5j10-assembly1_B	3.147E-01	0.997	60	20.000	7.811E-01	9.031E-01	3.466E-01	7.713E-01	0.37	synthetic construct	local_structural_support	runs/v2_full_test_evidence_regime/structure_panel/esmfold_pdb/YP_006489045.1.pdb
	YP_453621.1	Kantovirinae		141	141	73.694	78.58	37.43	88.15	0.723	0.0				9b42-assembly1_F	8.187E-03	1.000	123	11.300	5.182E-01	6.555E-01	5.304E-01	5.613E-01	0.872	Pseudomonas virus Pa193	strong_targeted_support	runs/v2_full_test_evidence_regime/structure_panel/esmfold_pdb/YP_453621.1.pdb
	YP_009505412.1	Gammaherpesvirinae		378	378	73.685	76.3	38.24	94.3	0.675	0.077				6quz-assembly1_B	3.642E-01	0.179	292	15.700	3.315E-01	1.880E-01	1.508E-01	1.098E-01	0.772	Thermotoga maritima MSB8	model_confident_no_clear_pdb_analog	runs/v2_full_test_evidence_regime/structure_panel/esmfold_pdb/YP_009505412.1.pdb
	YP_009797863.1	Montyvirus		165	165	73.605	77.31	48.07	88.96	0.655	0.0				3csm-assembly1_A	7.434E+00	0.024	68	11.700	3.384E-01	2.876E-01	1.517E-01	1.082E-01	0.412	Saccharomyces cerevisiae	model_confident_no_clear_pdb_analog	runs/v2_full_test_evidence_regime/structure_panel/esmfold_pdb/YP_009797863.1.pdb
	YP_011965755.1	Guernseyvirinae		746	746	73.544	80.73	29.99	97.2	0.619	0.243				8gja-assembly2_D	5.882E-08	1.000	319	10.600	4.739E-01	6.017E-01	2.463E-01	4.894E-01	0.428	Alvinella pompejana	foldseek_only_low_model_confidence	runs/v2_full_test_evidence_regime/structure_panel/esmfold_pdb/YP_011965755.1.pdb
	YP_453632.1	Kantovirinae		438	438	73.476	78.19	30.55	95.79	0.667	0.174				7sjr-assembly1_A	4.394E-05	1.000	265	20.700	4.733E-01	6.504E-01	3.781E-01	1.961E-01	0.605	Mycolicibacterium smegmatis	local_structural_support	runs/v2_full_test_evidence_regime/structure_panel/esmfold_pdb/YP_453632.1.pdb
	YP_009703167.1	Asfarviridae		273	273	73.474	80.78	28.15	97.87	0.626	0.308				6ljb-assembly1_A	1.780E-40	1.000	270	95.500	7.701E-01	6.948E-01	6.724E-01	6.871E-01	0.989	African swine fever virus pig/Kenya/KEN-50/1950	strong_targeted_support	runs/v2_full_test_evidence_regime/structure_panel/esmfold_pdb/YP_009703167.1.pdb
	YP_009797785.1	Rakietenvirinae		645	645	73.443	80.45	30.71	96.25	0.654	0.178				5efv-assembly1_C	6.760E-38	1.000	645	22.400	6.470E-01	5.926E-01	5.536E-01	5.652E-01	1.0	Dubowvirus dv11	strong_targeted_support	runs/v2_full_test_evidence_regime/structure_panel/esmfold_pdb/YP_009797785.1.pdb
	YP_010653381.1	Attisvirus		148	148	73.413	75.525	48.21	87.77	0.723	0.0				8h9e-assembly1_G	6.105E+00	0.537	73	10.900	6.106E-01	7.928E-01	4.230E-01	7.183E-01	0.493	Homo sapiens	strong_targeted_support	runs/v2_full_test_evidence_regime/structure_panel/esmfold_pdb/YP_010653381.1.pdb
	YP_010114580.1	Immutovirus		595	595	73.405	80.17	36.98	94.15	0.622	0.192				3dj4-assembly1_A	1.538E+00	0.069	245	15.900	2.166E-01	2.782E-01	1.265E-01	1.516E-01	0.412	Mycobacterium tuberculosis	model_confident_no_clear_pdb_analog	runs/v2_full_test_evidence_regime/structure_panel/esmfold_pdb/YP_010114580.1.pdb
	YP_010653483.1	Attisvirus		47	47	73.392	80.46	53.41	88.53	0.596	0.0																runs/v2_full_test_evidence_regime/structure_panel/esmfold_pdb/YP_010653483.1.pdb
	YP_011217172.1	Guernseyvirinae		753	753	73.336	81.01	24.52	98.02	0.627	0.312				1e0j-assembly1_A	2.666E-07	1.000	289	14.100	4.779E-01	6.760E-01	2.435E-01	5.870E-01	0.384	Escherichia phage T7	foldseek_only_low_model_confidence	runs/v2_full_test_evidence_regime/structure_panel/esmfold_pdb/YP_011217172.1.pdb
	YP_007349119.1	Ackermannviridae		78	78	73.292	82.18	36.73	87.38	0.718	0.0				7d7d-assembly1_K	8.863E-01	0.967	62	20.900	6.936E-01	8.050E-01	6.551E-01	7.096E-01	0.795	Tequatrovirus T4	strong_targeted_support	runs/v2_full_test_evidence_regime/structure_panel/esmfold_pdb/YP_007349119.1.pdb
	YP_010748109.1	Guernseyvirinae		728	728	73.289	82.825	28.0	97.67	0.651	0.28				4esv-assembly1_C	2.024E-07	1.000	319	10.900	5.079E-01	6.280E-01	2.544E-01	4.060E-01	0.438	Geobacillus stearothermophilus	foldseek_only_low_model_confidence	runs/v2_full_test_evidence_regime/structure_panel/esmfold_pdb/YP_010748109.1.pdb
	YP_001110810.1	Guernseyvirinae		1032	1032	73.269	83.805	19.85	98.38	0.652	0.363				7r0k-assembly2_B	1.852E-10	1.000	517	17.000	4.312E-01	6.791E-01	3.155E-01	4.639E-01	0.501	Thermus phage G20c	local_structural_support	runs/v2_full_test_evidence_regime/structure_panel/esmfold_pdb/YP_001110810.1.pdb
	YP_009206140.1	Yongloolinvirus		762	762	73.241	74.095	36.25	98.45	0.593	0.22				2elb-assembly1_A-2	1.055E-01	0.569	246	10.100	3.873E-01	2.419E-01	8.152E-02	1.614E-01	0.323	Homo sapiens	model_confident_no_clear_pdb_analog	runs/v2_full_test_evidence_regime/structure_panel/esmfold_pdb/YP_009206140.1.pdb
	YP_009902879.1	Drexlerviridae		102	102	73.241	77.71	37.61	93.88	0.637	0.078				6mic-assembly1_A	1.684E-02	0.949	147	15.600	4.115E-01	4.081E-01	4.018E-01	2.787E-01	1.441	Vibrio cholerae O395	strong_targeted_support	runs/v2_full_test_evidence_regime/structure_panel/esmfold_pdb/YP_009902879.1.pdb
	YP_008873414.1	Joanripponvirinae		70	70	73.228	79.685	36.21	86.24	0.7	0.0				5xyv-assembly1_A	6.607E-01	0.692	52	13.400	5.645E-01	6.687E-01	4.604E-01	4.976E-01	0.743	Drosophila melanogaster	strong_targeted_support	runs/v2_full_test_evidence_regime/structure_panel/esmfold_pdb/YP_008873414.1.pdb
	YP_012054210.1	Guernseyvirinae		55	55	73.22	80.38	47.76	85.95	0.673	0.0				8y3m-assembly1_B	7.292E-01	0.382	25	36.000	4.924E-01	6.513E-01	3.497E-01	2.504E-02	0.455	Bacillus subtilis	model_confident_no_clear_pdb_analog	runs/v2_full_test_evidence_regime/structure_panel/esmfold_pdb/YP_012054210.1.pdb
	YP_010060152.1	Microwolfvirus		119	119	73.215	77.43	38.71	92.11	0.622	0.101				8eas-assembly1_A	1.265E+00	0.098	121	10.700	3.871E-01	3.734E-01	3.341E-01	3.109E-01	1.017	Saccharomyces cerevisiae	model_confident_no_clear_pdb_analog	runs/v2_full_test_evidence_regime/structure_panel/esmfold_pdb/YP_010060152.1.pdb
	YP_009552502.1	Gammaherpesvirinae		429	429	73.203	76.94	36.94	94.56	0.636	0.089				5k7v-assembly1_B	1.327E+00	0.214	327	11.600	3.547E-01	3.006E-01	2.165E-01	2.966E-01	0.762	synthetic construct	model_confident_no_clear_pdb_analog	runs/v2_full_test_evidence_regime/structure_panel/esmfold_pdb/YP_009552502.1.pdb
	YP_009187390.1	Sepvirinae		46	46	73.172	73.875	54.12	85.58	0.652	0.0				3n7c-assembly1_A	2.721E+00	0.301	22	18.100	7.593E-01	5.577E-01	3.674E-01	1.758E-01	0.478	Eremothecium gossypii	model_confident_no_clear_pdb_analog	runs/v2_full_test_evidence_regime/structure_panel/esmfold_pdb/YP_009187390.1.pdb
	YP_009818325.1	Drexlerviridae		226	226	73.169	76.505	43.86	92.87	0.628	0.071				5la9-assembly1_A	2.480E+00	0.164	103	16.500	3.179E-01	4.850E-01	2.189E-01	2.357E-01	0.456	Homo sapiens	model_confident_no_clear_pdb_analog	runs/v2_full_test_evidence_regime/structure_panel/esmfold_pdb/YP_009818325.1.pdb
	YP_009021762.1	Geminiviridae		237	237	73.071	76.2	35.04	94.12	0.608	0.101				8ugq-assembly1_B	6.028E-18	1.000	199	40.700	6.803E-01	8.450E-01	7.018E-01	7.683E-01	0.84	Maize streak virus - [Nigeria]	strong_targeted_support	runs/v2_full_test_evidence_regime/structure_panel/esmfold_pdb/YP_009021762.1.pdb
	YP_009838287.1	Ackermannviridae		316	316	73.058	76.55	31.27	98.38	0.576	0.25				5iv5-assembly1_U	1.082E-06	1.000	290	8.200	6.057E-01	7.877E-01	4.138E-01	7.654E-01	0.918	Tequatrovirus T4	strong_targeted_support	runs/v2_full_test_evidence_regime/structure_panel/esmfold_pdb/YP_009838287.1.pdb
	YP_009113179.1	Guernseyvirinae		676	676	73.008	80.4	28.34	96.29	0.652	0.238				3riq-assembly1_A	7.301E-54	1.000	541	80.200	7.237E-01	7.059E-01	5.783E-01	7.023E-01	0.8	unclassified	strong_targeted_support	runs/v2_full_test_evidence_regime/structure_panel/esmfold_pdb/YP_009113179.1.pdb
	YP_009886256.1	Twarogvirinae		92	92	72.974	75.03	47.76	90.42	0.609	0.022				6e55-assembly5_E	1.710E-02	0.992	95	13.600	4.736E-01	6.379E-01	5.177E-01	5.801E-01	1.033	Klebsiella pneumoniae	strong_targeted_support	runs/v2_full_test_evidence_regime/structure_panel/esmfold_pdb/YP_009886256.1.pdb
	YP_009886999.1	Twarogvirinae		92	92	72.974	75.03	47.76	90.42	0.609	0.022				6e55-assembly5_E	1.710E-02	0.992	95	13.600	4.736E-01	6.379E-01	5.177E-01	5.801E-01	1.033	Klebsiella pneumoniae	strong_targeted_support	runs/v2_full_test_evidence_regime/structure_panel/esmfold_pdb/YP_009886999.1.pdb
	YP_009889859.1	Twarogvirinae		92	92	72.974	75.03	47.76	90.42	0.609	0.022				6e55-assembly5_E	1.710E-02	0.992	95	13.600	4.736E-01	6.379E-01	5.177E-01	5.801E-01	1.033	Klebsiella pneumoniae	strong_targeted_support	runs/v2_full_test_evidence_regime/structure_panel/esmfold_pdb/YP_009889859.1.pdb
	YP_010749296.1	Guernseyvirinae		746	746	72.973	80.07	25.04	97.42	0.61	0.224				8br2-assembly1_A	1.462E-10	1.000	292	13.600	5.040E-01	6.160E-01	2.456E-01	5.359E-01	0.391	Homo sapiens	foldseek_only_low_model_confidence	runs/v2_full_test_evidence_regime/structure_panel/esmfold_pdb/YP_010749296.1.pdb
	YP_010748968.1	Guernseyvirinae		102	102	72.945	78.185	43.13	87.76	0.647	0.0				3x38-assembly2_D	1.064E+00	0.537	76	10.500	5.014E-01	5.780E-01	4.278E-01	5.362E-01	0.745	Saccharomyces cerevisiae S288C	strong_targeted_support	runs/v2_full_test_evidence_regime/structure_panel/esmfold_pdb/YP_010748968.1.pdb
	YP_010747565.1	Guernseyvirinae		676	676	72.926	80.22	27.96	96.89	0.629	0.278				3riq-assembly1_A	1.763E-56	1.000	538	83.400	7.178E-01	7.527E-01	6.148E-01	7.477E-01	0.796	unclassified	strong_targeted_support	runs/v2_full_test_evidence_regime/structure_panel/esmfold_pdb/YP_010747565.1.pdb
	YP_009056192.1	Enquatrovirinae		400	400	72.865	79.775	36.51	96.75	0.642	0.172				9bgn-assembly1_E	8.931E-40	1.000	362	55.500	6.627E-01	7.734E-01	6.920E-01	6.936E-01	0.905	Pseudomonas phage vB_PaeP_DEV	strong_targeted_support	runs/v2_full_test_evidence_regime/structure_panel/esmfold_pdb/YP_009056192.1.pdb
	YP_009902646.1	Drexlerviridae		77	77	72.849	76.73	40.88	82.15	0.792	0.0				4zsf-assembly1_A-2	3.524E+00	0.150	71	14.000	5.110E-01	4.945E-01	4.422E-01	1.802E-01	0.922	Geobacillus stearothermophilus	model_confident_no_clear_pdb_analog	runs/v2_full_test_evidence_regime/structure_panel/esmfold_pdb/YP_009902646.1.pdb
	YP_009303017.1	Attisvirus		148	148	72.843	74.995	47.61	88.46	0.669	0.0				9b5z-assembly1_E	1.441E+00	0.872	108	14.800	5.591E-01	6.630E-01	4.929E-01	4.002E-01	0.73	Mus musculus	strong_targeted_support	runs/v2_full_test_evidence_regime/structure_panel/esmfold_pdb/YP_009303017.1.pdb
	YP_009595780.1	Attisvirus		148	148	72.843	74.995	47.61	88.46	0.669	0.0				9b5z-assembly1_E	1.441E+00	0.872	108	14.800	5.591E-01	6.630E-01	4.929E-01	4.002E-01	0.73	Mus musculus	strong_targeted_support	runs/v2_full_test_evidence_regime/structure_panel/esmfold_pdb/YP_009595780.1.pdb
	YP_010653738.1	Attisvirus		148	148	72.843	74.995	47.61	88.46	0.669	0.0				9b5z-assembly1_E	1.441E+00	0.872	108	14.800	5.591E-01	6.630E-01	4.929E-01	4.002E-01	0.73	Mus musculus	strong_targeted_support	runs/v2_full_test_evidence_regime/structure_panel/esmfold_pdb/YP_010653738.1.pdb
	YP_009168829.1	Guernseyvirinae		90	90	72.815	77.65	46.34	85.92	0.711	0.0				7ytj-assembly1_C	3.774E-01	0.912	94	17.000	6.017E-01	6.042E-01	5.445E-01	4.953E-01	1.044	Saccharomyces cerevisiae	strong_targeted_support	runs/v2_full_test_evidence_regime/structure_panel/esmfold_pdb/YP_009168829.1.pdb
	YP_009004306.1	Rakietenvirinae		647	647	72.813	79.64	31.13	95.73	0.645	0.153				5efv-assembly1_C	4.138E-37	1.000	665	22.500	6.339E-01	6.057E-01	5.788E-01	5.923E-01	1.028	Dubowvirus dv11	strong_targeted_support	runs/v2_full_test_evidence_regime/structure_panel/esmfold_pdb/YP_009004306.1.pdb
	YP_010747422.1	Guernseyvirinae		1032	1032	72.783	83.47	19.97	98.33	0.657	0.36				7r0k-assembly2_B	6.891E-10	1.000	518	17.100	4.248E-01	6.764E-01	3.145E-01	4.619E-01	0.502	Thermus phage G20c	local_structural_support	runs/v2_full_test_evidence_regime/structure_panel/esmfold_pdb/YP_010747422.1.pdb
	YP_009838385.1	Ackermannviridae		452	452	72.757	77.53	34.03	98.39	0.611	0.248				5ipl-assembly1_F	1.152E-07	1.000	303	25.000	6.394E-01	5.634E-01	3.432E-01	5.411E-01	0.67	Escherichia coli	local_structural_support	runs/v2_full_test_evidence_regime/structure_panel/esmfold_pdb/YP_009838385.1.pdb
	NP_817311.1	Rakietenvirinae		647	647	72.754	80.06	32.02	95.45	0.646	0.153				5efv-assembly1_C	3.056E-37	1.000	657	22.900	6.467E-01	5.896E-01	5.525E-01	5.655E-01	1.015	Dubowvirus dv11	strong_targeted_support	runs/v2_full_test_evidence_regime/structure_panel/esmfold_pdb/NP_817311.1.pdb
	YP_010114649.1	Immutovirus		101	101	72.712	80.49	31.91	91.78	0.644	0.079				8kea-assembly1_L	4.134E-03	1.000	66	25.700	6.366E-01	8.134E-01	5.353E-01	3.705E-01	0.653	unclassified Caudoviricetes	strong_targeted_support	runs/v2_full_test_evidence_regime/structure_panel/esmfold_pdb/YP_010114649.1.pdb
	YP_010002604.1	Stackebrandtviridae		138	138	72.696	76.305	49.21	89.5	0.659	0.0																runs/v2_full_test_evidence_regime/structure_panel/esmfold_pdb/YP_010002604.1.pdb
	YP_009785048.1	Autotranscriptaviridae		90	90	72.684	69.185	47.9	91.86	0.478	0.167				6ybw-assembly1_y	5.340E+00	0.098	76	19.700	6.317E-01	5.078E-01	3.665E-01	2.169E-01	0.844	Homo sapiens	model_confident_no_clear_pdb_analog	runs/v2_full_test_evidence_regime/structure_panel/esmfold_pdb/YP_009785048.1.pdb
	YP_010749105.1	Guernseyvirinae		755	755	72.634	78.67	31.57	97.45	0.597	0.229				1nlf-assembly1_A	4.903E-10	1.000	242	16.100	5.631E-01	7.623E-01	2.404E-01	6.634E-01	0.321	Escherichia coli	foldseek_only_low_model_confidence	runs/v2_full_test_evidence_regime/structure_panel/esmfold_pdb/YP_010749105.1.pdb
	YP_009822509.1	Ackermannviridae		1009	1009	72.532	78.06	26.02	96.92	0.641	0.155				6gvp-assembly1_A	1.745E-08	1.000	707	12.800	3.674E-01	4.682E-01	3.006E-01	4.596E-01	0.701	Enterobacteria phage HK620	local_structural_support	runs/v2_full_test_evidence_regime/structure_panel/esmfold_pdb/YP_009822509.1.pdb
	YP_004539038.1	Lclasvirinae		112	112	72.522	72.43	37.28	92.85	0.5	0.188				6amk-assembly1_B	8.133E-02	0.996	52	21.100	6.251E-01	6.717E-01	3.556E-01	6.541E-01	0.464	Streptomyces venezuelae	local_structural_support	runs/v2_full_test_evidence_regime/structure_panel/esmfold_pdb/YP_004539038.1.pdb
	YP_010001089.1	Ruthyvirus		360	360	72.522	76.185	33.94	98.85	0.528	0.372				9d93-assembly1_Pc	5.238E-05	1.000	277	20.900	4.692E-01	5.732E-01	3.845E-01	2.379E-01	0.769	Mycobacterium phage Bxb1	local_structural_support	runs/v2_full_test_evidence_regime/structure_panel/esmfold_pdb/YP_010001089.1.pdb
	YP_010749709.1	Guernseyvirinae		102	102	72.384	77.73	43.03	87.5	0.647	0.0				3x38-assembly2_D	1.068E+00	0.537	76	10.500	5.017E-01	5.781E-01	4.278E-01	5.363E-01	0.745	Saccharomyces cerevisiae S288C	strong_targeted_support	runs/v2_full_test_evidence_regime/structure_panel/esmfold_pdb/YP_010749709.1.pdb
	YP_010001081.1	Ruthyvirus		276	276	72.378	75.815	35.65	97.92	0.623	0.188				3fgx-assembly1_A	7.331E+00	0.090	87	3.400	4.424E-01	4.760E-01	1.990E-01	4.301E-01	0.315	unclassified	model_confident_no_clear_pdb_analog	runs/v2_full_test_evidence_regime/structure_panel/esmfold_pdb/YP_010001081.1.pdb
	YP_009333439.1	Riboviria		1596	1596	72.28	79.085	24.32	97.78	0.608	0.255				2wk4-assembly1_A	1.487E-20	1.000	549	18.000	5.576E-01	8.122E-01	2.662E-01	7.955E-01	0.344	Sapporo virus	foldseek_only_low_model_confidence	runs/v2_full_test_evidence_regime/structure_panel/esmfold_pdb/YP_009333439.1.pdb
	YP_010087390.1	Gammaherpesvirinae		308	308	72.237	76.16	37.86	96.32	0.555	0.192				2fkc-assembly1_A	7.209E-02	0.837	90	11.100	4.307E-01	6.047E-01	2.123E-01	2.576E-01	0.292	Haemophilus influenzae	model_confident_no_clear_pdb_analog	runs/v2_full_test_evidence_regime/structure_panel/esmfold_pdb/YP_010087390.1.pdb
	YP_009304671.1	Pukovnikvirus		235	235	72.192	77.54	30.5	96.18	0.706	0.055				7y9b-assembly1_B	5.266E+00	0.076	101	7.900	4.256E-01	3.482E-01	1.709E-01	2.051E-01	0.43	Pipistrellus bat coronavirus HKU5	model_confident_no_clear_pdb_analog	runs/v2_full_test_evidence_regime/structure_panel/esmfold_pdb/YP_009304671.1.pdb
	YP_009796446.1	Ackermannviridae		115	115	72.188	73.82	47.01	85.89	0.635	0.0				8pj3-assembly1_I	1.862E+00	0.382	63	19.000	4.806E-01	6.325E-01	3.264E-01	2.532E-01	0.548	Homo sapiens	model_confident_no_clear_pdb_analog	runs/v2_full_test_evidence_regime/structure_panel/esmfold_pdb/YP_009796446.1.pdb
	YP_010653739.1	Attisvirus		125	125	72.145	72.68	49.31	87.43	0.576	0.0				8tqw-assembly1_D	7.883E+00	0.045	140	15.000	6.366E-01	3.903E-01	3.834E-01	3.230E-01	1.12	Homo sapiens	model_confident_no_clear_pdb_analog	runs/v2_full_test_evidence_regime/structure_panel/esmfold_pdb/YP_010653739.1.pdb
	YP_004539015.1	Lclasvirinae		84	84	72.138	79.625	36.51	91.24	0.667	0.036				6onu-assembly3_E	1.851E-02	1.000	63	23.800	6.543E-01	7.752E-01	5.763E-01	6.567E-01	0.75	Mycobacterium tuberculosis H37Rv	strong_targeted_support	runs/v2_full_test_evidence_regime/structure_panel/esmfold_pdb/YP_004539015.1.pdb
	YP_008410946.1	Lclasvirinae		84	84	72.138	79.625	36.51	91.24	0.667	0.036				6onu-assembly3_E	1.851E-02	1.000	63	23.800	6.543E-01	7.752E-01	5.763E-01	6.567E-01	0.75	Mycobacterium tuberculosis H37Rv	strong_targeted_support	runs/v2_full_test_evidence_regime/structure_panel/esmfold_pdb/YP_008410946.1.pdb
	YP_009017295.1	Lclasvirinae		84	84	72.138	79.625	36.51	91.24	0.667	0.036				6onu-assembly3_E	1.851E-02	1.000	63	23.800	6.543E-01	7.752E-01	5.763E-01	6.567E-01	0.75	Mycobacterium tuberculosis H37Rv	strong_targeted_support	runs/v2_full_test_evidence_regime/structure_panel/esmfold_pdb/YP_009017295.1.pdb
	YP_010013038.1	Lclasvirinae		84	84	72.138	79.625	36.51	91.24	0.667	0.036				6onu-assembly3_E	1.851E-02	1.000	63	23.800	6.543E-01	7.752E-01	5.763E-01	6.567E-01	0.75	Mycobacterium tuberculosis H37Rv	strong_targeted_support	runs/v2_full_test_evidence_regime/structure_panel/esmfold_pdb/YP_010013038.1.pdb
	NP_042734.1	Asfarviridae		859	859	72.122	79.11	25.97	97.87	0.617	0.261				4xqk-assembly2_B	1.195E-21	1.000	651	18.400	5.042E-01	6.440E-01	4.151E-01	2.495E-01	0.758	Lactococcus cremoris	strong_targeted_support	runs/v2_full_test_evidence_regime/structure_panel/esmfold_pdb/NP_042734.1.pdb
	YP_009702607.1	Asfarviridae		859	859	72.122	79.11	25.97	97.87	0.617	0.261				4xqk-assembly2_B	1.195E-21	1.000	651	18.400	5.042E-01	6.440E-01	4.151E-01	2.495E-01	0.758	Lactococcus cremoris	strong_targeted_support	runs/v2_full_test_evidence_regime/structure_panel/esmfold_pdb/YP_009702607.1.pdb
	YP_009703648.1	Asfarviridae		859	859	72.122	79.11	25.97	97.87	0.617	0.261				4xqk-assembly2_B	1.195E-21	1.000	651	18.400	5.042E-01	6.440E-01	4.151E-01	2.495E-01	0.758	Lactococcus cremoris	strong_targeted_support	runs/v2_full_test_evidence_regime/structure_panel/esmfold_pdb/YP_009703648.1.pdb
	YP_010653768.1	Attisvirus		102	102	72.101	76.125	44.98	89.61	0.578	0.0				2hdp-assembly1_B	2.604E-01	0.601	87	18.300	4.662E-01	5.504E-01	3.585E-01	5.206E-01	0.853	Homo sapiens	model_confident_no_clear_pdb_analog	runs/v2_full_test_evidence_regime/structure_panel/esmfold_pdb/YP_010653768.1.pdb
	YP_010060799.1	Benedictvirus		320	320	72.083	76.44	25.5	97.02	0.569	0.125				9d93-assembly1_Me	3.645E-08	1.000	331	15.700	4.537E-01	3.880E-01	3.324E-01	1.717E-01	1.034	Mycobacterium phage Bxb1	local_structural_support	runs/v2_full_test_evidence_regime/structure_panel/esmfold_pdb/YP_010060799.1.pdb
	YP_009902969.1	Drexlerviridae		77	77	72.08	76.24	31.59	83.22	0.753	0.0				8ywt-assembly1_Q	5.207E+00	0.126	62	19.300	4.900E-01	5.417E-01	4.124E-01	4.258E-01	0.805	Thermus thermophilus HB8	model_confident_no_clear_pdb_analog	runs/v2_full_test_evidence_regime/structure_panel/esmfold_pdb/YP_009902969.1.pdb
	YP_010679883.1	Joanripponvirinae		181	181	72.058	74.1	35.87	97.2	0.586	0.16				4ldz-assembly1_B	1.665E+00	0.975	49	16.300	8.215E-01	8.951E-01	2.536E-01	2.444E-01	0.271	Bacillus subtilis subsp. subtilis str. 168	foldseek_only_low_model_confidence	runs/v2_full_test_evidence_regime/structure_panel/esmfold_pdb/YP_010679883.1.pdb
	YP_010509860.1	Loutivirinae		169	169	72.055	74.12	43.34	89.67	0.645	0.0				8dpg-assembly1_A	3.184E+00	0.233	144	15.200	4.420E-01	5.430E-01	4.117E-01	2.821E-01	0.852	Homo sapiens	model_confident_no_clear_pdb_analog	runs/v2_full_test_evidence_regime/structure_panel/esmfold_pdb/YP_010509860.1.pdb
	YP_007673461.1	Cbastvirus		328	328	71.994	77.25	25.66	92.27	0.655	0.052				7jw1-assembly1_A	1.599E-09	1.000	337	8.900	4.629E-01	6.725E-01	5.722E-01	6.578E-01	1.027	Peduovirus P2	strong_targeted_support	runs/v2_full_test_evidence_regime/structure_panel/esmfold_pdb/YP_007673461.1.pdb
	YP_010754329.1	Finkelvirus		105	105	71.937	80.41	40.23	88.5	0.667	0.0				4r80-assembly2_B	2.332E-02	1.000	81	19.700	6.391E-01	7.905E-01	5.746E-01	7.635E-01	0.771	synthetic construct	strong_targeted_support	runs/v2_full_test_evidence_regime/structure_panel/esmfold_pdb/YP_010754329.1.pdb
	YP_010653485.1	Attisvirus		525	525	71.918	82.06	27.0	98.76	0.61	0.379				9baq-assembly1_A	8.159E-13	1.000	568	14.000	5.369E-01	5.983E-01	4.627E-01	2.532E-01	1.082	Neurospora crassa	strong_targeted_support	runs/v2_full_test_evidence_regime/structure_panel/esmfold_pdb/YP_010653485.1.pdb
	YP_010748903.1	Guernseyvirinae		181	181	71.895	73.27	45.19	92.75	0.586	0.072				3p9a-assembly1_G	2.495E-01	0.855	115	21.700	5.175E-01	5.432E-01	3.766E-01	4.742E-01	0.635	Lederbergvirus P22	model_confident_no_clear_pdb_analog	runs/v2_full_test_evidence_regime/structure_panel/esmfold_pdb/YP_010748903.1.pdb
	YP_009277945.1	Nyceiraevirus		162	162	71.841	75.55	41.76	90.97	0.648	0.019				8zgt-assembly1_B	1.129E-01	0.961	157	13.300	4.957E-01	4.166E-01	3.632E-01	3.659E-01	0.969	Rattus norvegicus	local_structural_support	runs/v2_full_test_evidence_regime/structure_panel/esmfold_pdb/YP_009277945.1.pdb
	YP_010101371.1	Lclasvirinae		90	90	71.822	77.63	28.54	85.59	0.733	0.0				8oyv-assembly2_B	9.817E+00	0.051	26	23.000	4.079E-01	5.296E-01	2.177E-01	1.185E-01	0.289	synthetic construct	model_confident_no_clear_pdb_analog	runs/v2_full_test_evidence_regime/structure_panel/esmfold_pdb/YP_010101371.1.pdb
	YP_001911134.1	Geminiviridae		278	278	71.755	76.795	40.77	93.18	0.561	0.047				8ugq-assembly1_B	2.230E-09	1.000	223	14.300	5.490E-01	7.089E-01	5.295E-01	6.677E-01	0.802	Maize streak virus - [Nigeria]	strong_targeted_support	runs/v2_full_test_evidence_regime/structure_panel/esmfold_pdb/YP_001911134.1.pdb
	YP_009168824.1	Guernseyvirinae		755	755	71.722	76.62	27.72	97.19	0.597	0.179				1nlf-assembly1_A	2.408E-10	1.000	242	16.500	5.569E-01	7.678E-01	2.414E-01	6.683E-01	0.321	Escherichia coli	foldseek_only_low_model_confidence	runs/v2_full_test_evidence_regime/structure_panel/esmfold_pdb/YP_009168824.1.pdb
	YP_010745774.1	Guernseyvirinae		44	44	71.545	75.635	40.94	83.43	0.773	0.0				8hp8-assembly3_C	1.183E-03	1.000	40	82.500	7.819E-01	7.112E-01	6.588E-01	2.248E-01	0.909	Escherichia phage PBEC131	strong_targeted_support	runs/v2_full_test_evidence_regime/structure_panel/esmfold_pdb/YP_010745774.1.pdb
	YP_009622897.1	Vicosavirus		112	112	71.518	75.795	45.64	88.69	0.616	0.0				1ueb-assembly1_A	4.463E-01	0.949	69	18.800	5.994E-01	6.074E-01	3.870E-01	2.570E-01	0.616	Thermus thermophilus	local_structural_support	runs/v2_full_test_evidence_regime/structure_panel/esmfold_pdb/YP_009622897.1.pdb
	YP_010653961.1	Powerballvirus		136	136	71.484	75.34	38.78	91.06	0.603	0.015				8zgt-assembly1_B	1.039E-01	0.991	142	14.000	5.127E-01	5.640E-01	5.002E-01	4.458E-01	1.044	Rattus norvegicus	strong_targeted_support	runs/v2_full_test_evidence_regime/structure_panel/esmfold_pdb/YP_010653961.1.pdb
	YP_009886689.1	Twarogvirinae		219	219	71.419	74.55	32.03	97.12	0.553	0.311				1pdf-assembly1_B	7.580E-15	1.000	176	35.200	6.647E-01	7.360E-01	6.010E-01	6.291E-01	0.804	Tequatrovirus T4	strong_targeted_support	runs/v2_full_test_evidence_regime/structure_panel/esmfold_pdb/YP_009886689.1.pdb
	YP_009829442.1	Baikalvirus		269	269	71.338	77.12	31.13	95.47	0.654	0.164				6h3n-assembly1_B	3.497E-06	1.000	246	14.600	6.172E-01	6.067E-01	4.637E-01	2.117E-01	0.914	Pseudomonas aeruginosa PAO1	strong_targeted_support	runs/v2_full_test_evidence_regime/structure_panel/esmfold_pdb/YP_009829442.1.pdb
	YP_010052625.1	Kantovirinae		161	161	71.302	77.23	40.0	86.19	0.671	0.0				2o36-assembly1_A	2.796E+00	0.090	63	12.600	3.986E-01	4.520E-01	1.908E-01	5.589E-02	0.391	Homo sapiens	model_confident_no_clear_pdb_analog	runs/v2_full_test_evidence_regime/structure_panel/esmfold_pdb/YP_010052625.1.pdb
	YP_010748600.1	Guernseyvirinae		181	181	71.204	69.94	46.0	93.7	0.492	0.083				3p9a-assembly1_G	1.308E-01	0.933	98	20.400	5.249E-01	5.552E-01	3.370E-01	4.259E-01	0.541	Lederbergvirus P22	local_structural_support	runs/v2_full_test_evidence_regime/structure_panel/esmfold_pdb/YP_010748600.1.pdb
	YP_009211060.1	Ounavirinae		382	382	71.128	74.41	38.77	95.02	0.545	0.118				2fkk-assembly1_A	4.389E-02	0.992	93	30.100	5.505E-01	7.047E-01	1.664E-01	3.230E-01	0.243	Tequatrovirus T4	model_confident_no_clear_pdb_analog	runs/v2_full_test_evidence_regime/structure_panel/esmfold_pdb/YP_009211060.1.pdb
	YP_009622920.1	Vicosavirus		155	155	71.101	76.43	33.05	95.03	0.555	0.271				2elm-assembly1_A	3.074E+00	0.601	33	18.100	6.990E-01	6.728E-01	1.727E-01	5.926E-01	0.213	Homo sapiens	model_confident_no_clear_pdb_analog	runs/v2_full_test_evidence_regime/structure_panel/esmfold_pdb/YP_009622920.1.pdb
	YP_009882179.1	Twarogvirinae		98	98	71.018	77.24	43.09	89.69	0.571	0.0				3tbi-assembly1_A	1.566E-04	1.000	67	50.700	8.061E-01	8.944E-01	6.214E-01	8.370E-01	0.684	Tequatrovirus T4	strong_targeted_support	runs/v2_full_test_evidence_regime/structure_panel/esmfold_pdb/YP_009882179.1.pdb
	YP_009887117.1	Twarogvirinae		98	98	71.018	77.24	43.09	89.69	0.571	0.0				3tbi-assembly1_A	1.566E-04	1.000	67	50.700	8.061E-01	8.944E-01	6.214E-01	8.370E-01	0.684	Tequatrovirus T4	strong_targeted_support	runs/v2_full_test_evidence_regime/structure_panel/esmfold_pdb/YP_009887117.1.pdb
	YP_009848300.1	Montyvirus		172	172	70.988	81.275	34.7	91.63	0.663	0.047				7vw1-assembly1_B	5.539E-01	0.353	96	10.400	3.967E-01	4.622E-01	2.746E-01	4.320E-01	0.558	Escherichia coli	model_confident_no_clear_pdb_analog	runs/v2_full_test_evidence_regime/structure_panel/esmfold_pdb/YP_009848300.1.pdb
	YP_010050814.1	Ruthgordonvirinae		82	82	70.905	75.225	46.41	89.61	0.561	0.0				8xqx-assembly1_P	6.209E+00	0.233	75	18.600	6.072E-01	6.629E-01	5.096E-01	8.523E-02	0.915	Chlamydomonas reinhardtii	model_confident_no_clear_pdb_analog	runs/v2_full_test_evidence_regime/structure_panel/esmfold_pdb/YP_010050814.1.pdb
	YP_009824797.1	Montyvirus		665	665	70.782	71.39	29.0	95.53	0.528	0.06				5ava-assembly2_F	4.380E-06	1.000	261	14.100	4.199E-01	6.231E-01	2.419E-01	5.831E-01	0.392	Phaseolus vulgaris	foldseek_only_low_model_confidence	runs/v2_full_test_evidence_regime/structure_panel/esmfold_pdb/YP_009824797.1.pdb
	YP_008433403.1	Baikalvirus		315	315	70.74	72.3	47.03	91.78	0.575	0.01				2mmv-assembly1_B	9.129E+00	0.040	77	12.900	3.818E-01	3.367E-01	1.096E-01	2.941E-01	0.244	Geobacillus stearothermophilus	model_confident_no_clear_pdb_analog	runs/v2_full_test_evidence_regime/structure_panel/esmfold_pdb/YP_008433403.1.pdb
	YP_010013243.1	Lclasvirinae		153	153	70.737	76.76	33.99	92.15	0.575	0.02				1u3e-assembly1_M	1.150E+00	0.326	105	16.100	5.471E-01	5.258E-01	3.275E-01	2.917E-01	0.686	Okubovirus SPO1	model_confident_no_clear_pdb_analog	runs/v2_full_test_evidence_regime/structure_panel/esmfold_pdb/YP_010013243.1.pdb
	YP_009836919.1	Marfavirus		424	424	70.707	77.715	30.23	96.06	0.608	0.071				7vs5-assembly1_hj	1.081E-41	1.000	410	65.600	6.651E-01	7.805E-01	7.476E-01	7.624E-01	0.967	Tequatrovirus T4	strong_targeted_support	runs/v2_full_test_evidence_regime/structure_panel/esmfold_pdb/YP_009836919.1.pdb
	YP_009336546.1	Riboviria		1509	1509	70.678	80.65	23.41	97.41	0.612	0.283				2wk4-assembly1_A	2.600E-18	1.000	538	16.500	5.617E-01	8.203E-01	2.831E-01	8.005E-01	0.357	Sapporo virus	foldseek_only_low_model_confidence	runs/v2_full_test_evidence_regime/structure_panel/esmfold_pdb/YP_009336546.1.pdb
	YP_009885340.1	Twarogvirinae		594	594	70.611	80.3	25.49	98.26	0.62	0.315				1k28-assembly1_A	1.235E-41	1.000	607	42.100	7.487E-01	4.562E-01	4.221E-01	4.473E-01	1.022	Tequatrovirus T4	strong_targeted_support	runs/v2_full_test_evidence_regime/structure_panel/esmfold_pdb/YP_009885340.1.pdb
	YP_010052654.1	Kantovirinae		344	344	70.592	78.325	27.88	97.78	0.59	0.172				2uz4-assembly1_A	2.915E-08	1.000	385	14.000	4.586E-01	4.936E-01	4.542E-01	4.755E-01	1.119	Haemophilus parahaemolyticus	strong_targeted_support	runs/v2_full_test_evidence_regime/structure_panel/esmfold_pdb/YP_010052654.1.pdb
	YP_009881544.1	Twarogvirinae		594	594	70.548	80.14	24.93	98.24	0.62	0.313				1k28-assembly1_A	1.880E-41	1.000	607	42.500	7.537E-01	4.969E-01	4.590E-01	4.869E-01	1.022	Tequatrovirus T4	strong_targeted_support	runs/v2_full_test_evidence_regime/structure_panel/esmfold_pdb/YP_009881544.1.pdb
	YP_010801690.1	Gammaherpesvirinae		397	397	70.519	70.62	41.07	94.6	0.529	0.083				3i2m-assembly1_X	5.520E-30	1.000	305	59.000	6.471E-01	7.629E-01	5.718E-01	7.605E-01	0.768	Human gammaherpesvirus 8	strong_targeted_support	runs/v2_full_test_evidence_regime/structure_panel/esmfold_pdb/YP_010801690.1.pdb
	YP_010749085.1	Guernseyvirinae		171	171	70.518	72.23	38.89	89.76	0.561	0.0				8vjh-assembly1_D	2.874E-04	1.000	151	15.200	5.603E-01	7.094E-01	5.768E-01	3.866E-01	0.883	Chivirus chi	strong_targeted_support	runs/v2_full_test_evidence_regime/structure_panel/esmfold_pdb/YP_010749085.1.pdb
	YP_009886185.1	Twarogvirinae		594	594	70.508	80.115	24.61	98.22	0.62	0.311				1k28-assembly1_A	1.605E-41	1.000	607	41.600	7.492E-01	4.994E-01	4.611E-01	4.897E-01	1.022	Tequatrovirus T4	strong_targeted_support	runs/v2_full_test_evidence_regime/structure_panel/esmfold_pdb/YP_009886185.1.pdb
	YP_009336917.1	Riboviria		726	726	70.506	80.085	19.33	98.17	0.596	0.315				8kdb-assembly1_A	2.376E-08	1.000	939	9.500	3.705E-01	5.112E-01	4.963E-01	2.050E-01	1.293	Human respirovirus 3	strong_targeted_support	runs/v2_full_test_evidence_regime/structure_panel/esmfold_pdb/YP_009336917.1.pdb
	YP_009100103.1	Pairvirus		1241	1241	70.449	78.4	21.35	97.44	0.652	0.103				8vb2-assembly1_A	8.586E-08	1.000	1112	12.700	3.136E-01	2.855E-01	2.112E-01	2.333E-01	0.896	Pectobacterium phage PhiM1	foldseek_only_low_model_confidence	runs/v2_full_test_evidence_regime/structure_panel/esmfold_pdb/YP_009100103.1.pdb
	YP_009797880.1	Montyvirus		110	110	70.421	71.05	48.63	87.94	0.509	0.0				7n6g-assembly1_4C	1.456E+00	0.601	33	21.200	7.920E-01	8.847E-01	2.889E-01	5.157E-02	0.3	Chlamydomonas reinhardtii	model_confident_no_clear_pdb_analog	runs/v2_full_test_evidence_regime/structure_panel/esmfold_pdb/YP_009797880.1.pdb
	YP_009837005.1	Montyvirus		110	110	70.421	71.05	48.63	87.94	0.509	0.0				7n6g-assembly1_4C	1.456E+00	0.601	33	21.200	7.920E-01	8.847E-01	2.889E-01	5.157E-02	0.3	Chlamydomonas reinhardtii	model_confident_no_clear_pdb_analog	runs/v2_full_test_evidence_regime/structure_panel/esmfold_pdb/YP_009837005.1.pdb
	YP_009333535.1	Riboviria		1522	1522	70.419	81.455	24.2	97.37	0.614	0.282				1khw-assembly2_B	4.464E-17	1.000	544	20.200	5.519E-01	8.302E-01	2.847E-01	8.193E-01	0.357	Rabbit hemorrhagic disease virus	foldseek_only_low_model_confidence	runs/v2_full_test_evidence_regime/structure_panel/esmfold_pdb/YP_009333535.1.pdb
	YP_009880927.1	Twarogvirinae		594	594	70.411	80.195	24.55	98.22	0.614	0.311				1k28-assembly1_A	9.509E-43	1.000	607	42.500	7.551E-01	4.851E-01	4.467E-01	4.751E-01	1.022	Tequatrovirus T4	strong_targeted_support	runs/v2_full_test_evidence_regime/structure_panel/esmfold_pdb/YP_009880927.1.pdb
	YP_010112095.1	Loutivirinae		307	307	70.314	69.66	46.57	91.02	0.492	0.013																runs/v2_full_test_evidence_regime/structure_panel/esmfold_pdb/YP_010112095.1.pdb
	YP_009882257.1	Twarogvirinae		595	595	70.298	80.55	25.08	97.91	0.618	0.296				1wth-assembly1_A	6.385E-42	1.000	614	43.800	7.310E-01	4.249E-01	4.027E-01	4.182E-01	1.032	Tequatrovirus T4	strong_targeted_support	runs/v2_full_test_evidence_regime/structure_panel/esmfold_pdb/YP_009882257.1.pdb
	YP_009791876.1	Dunnvirinae		1191	1191	70.24	76.68	26.36	93.55	0.636	0.043				4f55-assembly1_A	2.069E-04	1.000	150	30.000	6.120E-01	8.261E-01	9.807E-02	8.141E-01	0.126	Bacillus cereus ATCC 14579	model_confident_no_clear_pdb_analog	runs/v2_full_test_evidence_regime/structure_panel/esmfold_pdb/YP_009791876.1.pdb
	YP_010746821.1	Guernseyvirinae		181	181	70.238	71.33	43.76	92.59	0.53	0.05				3p9a-assembly1_G	1.426E-01	0.933	106	18.800	5.285E-01	5.568E-01	3.592E-01	4.556E-01	0.586	Lederbergvirus P22	local_structural_support	runs/v2_full_test_evidence_regime/structure_panel/esmfold_pdb/YP_010746821.1.pdb
	YP_009887193.1	Twarogvirinae		595	595	70.233	80.5	25.56	97.91	0.62	0.294				1k28-assembly1_A	9.146E-43	1.000	595	45.200	7.376E-01	4.203E-01	3.884E-01	4.122E-01	1.0	Tequatrovirus T4	local_structural_support	runs/v2_full_test_evidence_regime/structure_panel/esmfold_pdb/YP_009887193.1.pdb
	YP_009886928.1	Twarogvirinae		594	594	70.222	80.075	24.08	98.12	0.618	0.308				1k28-assembly1_A	1.561E-41	1.000	610	41.300	7.472E-01	4.781E-01	4.411E-01	4.685E-01	1.027	Tequatrovirus T4	strong_targeted_support	runs/v2_full_test_evidence_regime/structure_panel/esmfold_pdb/YP_009886928.1.pdb
	YP_009336909.1	Riboviria		1570	1570	70.189	81.65	21.94	97.29	0.604	0.244				6r1i-assembly2_B	1.824E-20	1.000	510	19.000	6.240E-01	9.072E-01	2.776E-01	8.924E-01	0.325	Porcine kobuvirus swine/S-1-HUN/2007/Hungary	foldseek_only_low_model_confidence	runs/v2_full_test_evidence_regime/structure_panel/esmfold_pdb/YP_009336909.1.pdb
	YP_009597324.1	Guernseyvirinae		102	102	70.132	76.31	41.45	85.95	0.618	0.0				6eu6-assembly1_A	3.094E+00	0.138	98	16.300	4.251E-01	4.737E-01	3.627E-01	1.139E-01	0.961	Candidatus Kuenenia stuttgartensis	model_confident_no_clear_pdb_analog	runs/v2_full_test_evidence_regime/structure_panel/esmfold_pdb/YP_009597324.1.pdb
	YP_011217225.1	Guernseyvirinae		102	102	70.132	76.31	41.45	85.95	0.618	0.0				6eu6-assembly1_A	3.094E+00	0.138	98	16.300	4.251E-01	4.737E-01	3.627E-01	1.139E-01	0.961	Candidatus Kuenenia stuttgartensis	model_confident_no_clear_pdb_analog	runs/v2_full_test_evidence_regime/structure_panel/esmfold_pdb/YP_011217225.1.pdb
	YP_009336521.1	Riboviria		1588	1588	69.98	79.73	21.95	98.13	0.577	0.271				2wk4-assembly1_A	3.060E-20	1.000	558	17.500	5.639E-01	8.443E-01	2.779E-01	8.348E-01	0.351	Sapporo virus	foldseek_only_low_model_confidence	runs/v2_full_test_evidence_regime/structure_panel/esmfold_pdb/YP_009336521.1.pdb
	YP_009850370.1	Marfavirus		423	423	69.971	76.24	29.08	93.2	0.591	0.043				7vs5-assembly1_hj	1.154E-41	1.000	412	65.500	6.508E-01	6.977E-01	6.704E-01	6.823E-01	0.974	Tequatrovirus T4	local_structural_support	runs/v2_full_test_evidence_regime/structure_panel/esmfold_pdb/YP_009850370.1.pdb
	YP_009791818.1	Dunnvirinae		1191	1191	69.948	76.45	26.74	93.3	0.627	0.045				4f55-assembly1_A	2.110E-04	1.000	150	30.000	6.109E-01	7.937E-01	9.625E-02	7.830E-01	0.126	Bacillus cereus ATCC 14579	weak_or_inconclusive	runs/v2_full_test_evidence_regime/structure_panel/esmfold_pdb/YP_009791818.1.pdb
	YP_010655658.1	Zukovirus		83	83	69.94	73.36	48.71	80.64	0.59	0.0				4h37-assembly1_A	2.722E+00	0.196	84	13.000	5.545E-01	4.821E-01	4.426E-01	4.304E-01	1.012	Listeria monocytogenes EGD-e	weak_or_inconclusive	runs/v2_full_test_evidence_regime/structure_panel/esmfold_pdb/YP_010655658.1.pdb
	YP_010050876.1	Ruthgordonvirinae		114	114	69.892	75.88	39.35	88.74	0.561	0.0				8pop-assembly1_D	2.629E+00	0.473	94	11.700	5.683E-01	6.457E-01	4.983E-01	5.524E-01	0.825	Escherichia phage HK97	weak_or_inconclusive	runs/v2_full_test_evidence_regime/structure_panel/esmfold_pdb/YP_010050876.1.pdb
	YP_010582147.1	Guernseyvirinae		79	79	69.887	69.75	52.96	86.92	0.494	0.0				7upo-assembly1_A	6.820E+00	0.116	58	15.500	5.024E-01	6.258E-01	4.244E-01	4.513E-01	0.734	synthetic construct	weak_or_inconclusive	runs/v2_full_test_evidence_regime/structure_panel/esmfold_pdb/YP_010582147.1.pdb
	YP_009854914.1	Lillamyvirus		168	168	69.721	71.95	41.2	87.91	0.554	0.0				3fzb-assembly1_B	7.863E-06	1.000	161	10.500	4.606E-01	6.183E-01	4.934E-01	6.033E-01	0.958	Lambdavirus lambda	local_structural_support	runs/v2_full_test_evidence_regime/structure_panel/esmfold_pdb/YP_009854914.1.pdb
	YP_009042017.1	Gammaherpesvirinae		377	377	69.65	71.97	37.18	90.41	0.573	0.003				6u1s-assembly1_A	2.159E+00	0.277	277	9.300	4.224E-01	3.326E-01	2.240E-01	2.640E-01	0.735	synthetic construct	weak_or_inconclusive	runs/v2_full_test_evidence_regime/structure_panel/esmfold_pdb/YP_009042017.1.pdb
	YP_010747902.1	Guernseyvirinae		94	94	69.55	69.685	50.24	87.65	0.479	0.0																runs/v2_full_test_evidence_regime/structure_panel/esmfold_pdb/YP_010747902.1.pdb
	YP_004010297.1	Twarogvirinae		599	599	69.525	78.26	25.88	98.14	0.603	0.239				1k28-assembly1_A	4.059E-39	1.000	607	42.300	7.364E-01	5.032E-01	4.605E-01	4.931E-01	1.013	Tequatrovirus T4	local_structural_support	runs/v2_full_test_evidence_regime/structure_panel/esmfold_pdb/YP_004010297.1.pdb
	YP_010665241.1	Wolominvirus		848	848	69.494	74.19	24.09	98.34	0.541	0.232				6k9e-assembly1_E	1.687E-10	1.000	453	13.000	4.824E-01	6.308E-01	3.074E-01	5.933E-01	0.534	Nitratiruptor phage NrS-1	local_structural_support	runs/v2_full_test_evidence_regime/structure_panel/esmfold_pdb/YP_010665241.1.pdb
	YP_009198775.1	Benedictvirus		149	149	69.475	74.24	40.47	89.44	0.557	0.0				8pop-assembly1_B	3.697E+00	0.164	130	9.200	4.934E-01	4.675E-01	3.594E-01	4.250E-01	0.872	Escherichia phage HK97	weak_or_inconclusive	runs/v2_full_test_evidence_regime/structure_panel/esmfold_pdb/YP_009198775.1.pdb
	YP_009191587.1	Guernseyvirinae		128	128	69.445	74.33	43.46	86.6	0.609	0.0																runs/v2_full_test_evidence_regime/structure_panel/esmfold_pdb/YP_009191587.1.pdb
	YP_010060714.1	Benedictvirus		149	149	69.417	73.98	40.19	89.96	0.55	0.0				8pop-assembly1_D	7.248E+00	0.138	100	9.000	4.840E-01	5.515E-01	3.354E-01	4.621E-01	0.671	Escherichia phage HK97	weak_or_inconclusive	runs/v2_full_test_evidence_regime/structure_panel/esmfold_pdb/YP_010060714.1.pdb
	YP_010749669.1	Guernseyvirinae		171	171	69.411	72.28	39.6	88.3	0.561	0.0				8rk3-assembly1_g	1.751E-05	1.000	153	11.700	5.942E-01	7.267E-01	6.044E-01	4.013E-01	0.895	Pseudomonas phage JBD30	local_structural_support	runs/v2_full_test_evidence_regime/structure_panel/esmfold_pdb/YP_010749669.1.pdb
	YP_007673462.1	Cbastvirus		690	690	69.395	73.555	32.78	95.21	0.571	0.071				3rst-assembly1_B	9.990E-09	1.000	219	12.300	5.983E-01	7.830E-01	2.335E-01	6.642E-01	0.317	Bacillus subtilis	foldseek_only_low_model_confidence	runs/v2_full_test_evidence_regime/structure_panel/esmfold_pdb/YP_007673462.1.pdb
	YP_224071.2	Guernseyvirinae		684	684	69.384	76.975	22.89	97.0	0.582	0.211				2vfq-assembly1_A	9.608E-50	1.000	555	78.500	6.648E-01	6.664E-01	5.473E-01	6.597E-01	0.811	Lederbergvirus P22	local_structural_support	runs/v2_full_test_evidence_regime/structure_panel/esmfold_pdb/YP_224071.2.pdb
	YP_010582402.1	Guernseyvirinae		684	684	69.38	76.525	23.45	97.14	0.579	0.25				2vfo-assembly1_A	3.337E-41	1.000	571	52.700	6.653E-01	6.721E-01	5.483E-01	6.653E-01	0.835	Lederbergvirus P22	local_structural_support	runs/v2_full_test_evidence_regime/structure_panel/esmfold_pdb/YP_010582402.1.pdb
	YP_009616011.1	Ackermannviridae		729	729	69.35	75.42	25.3	97.11	0.573	0.126				7rfo-assembly1_B	4.493E-06	1.000	143	18.100	6.724E-01	4.893E-01	1.267E-01	2.415E-01	0.196	Kuttervirus CBA120	weak_or_inconclusive	runs/v2_full_test_evidence_regime/structure_panel/esmfold_pdb/YP_009616011.1.pdb
	YP_010748121.1	Guernseyvirinae		684	684	69.346	76.18	24.29	97.13	0.582	0.23				2vfq-assembly1_A	1.016E-46	1.000	562	75.200	6.468E-01	6.787E-01	5.578E-01	6.719E-01	0.822	Lederbergvirus P22	local_structural_support	runs/v2_full_test_evidence_regime/structure_panel/esmfold_pdb/YP_010748121.1.pdb
	YP_009333504.1	Riboviria		1580	1580	69.338	78.55	22.25	97.48	0.585	0.26				2wk4-assembly1_A	3.492E-20	1.000	540	16.600	5.792E-01	8.342E-01	2.750E-01	8.171E-01	0.342	Sapporo virus	foldseek_only_low_model_confidence	runs/v2_full_test_evidence_regime/structure_panel/esmfold_pdb/YP_009333504.1.pdb
	NP_740446.1	Ensavirinae		248	248	69.312	78.025	32.15	91.95	0.633	0.02				6t40-assembly1_B	9.440E-34	1.000	244	74.500	7.362E-01	8.586E-01	8.431E-01	8.556E-01	0.984	Enterovirus F	local_structural_support	runs/v2_full_test_evidence_regime/structure_panel/esmfold_pdb/NP_740446.1.pdb
	YP_010084463.1	Gammaherpesvirinae		165	165	69.28	72.84	41.23	83.77	0.582	0.0				2d8s-assembly1_A	1.677E-03	1.000	67	40.200	5.266E-01	6.108E-01	2.765E-01	5.056E-01	0.406	Homo sapiens	foldseek_only_low_model_confidence	runs/v2_full_test_evidence_regime/structure_panel/esmfold_pdb/YP_010084463.1.pdb
	YP_010746028.1	Guernseyvirinae		181	181	69.24	69.97	43.41	92.17	0.497	0.039				4dzp-assembly1_B	1.775E+00	0.442	103	15.500	5.184E-01	6.144E-01	3.044E-01	4.097E-01	0.569	Lederbergvirus Sf6	weak_or_inconclusive	runs/v2_full_test_evidence_regime/structure_panel/esmfold_pdb/YP_010746028.1.pdb
	YP_010747988.1	Guernseyvirinae		95	95	69.235	67.84	50.06	88.27	0.463	0.0				8h1j-assembly1_A	7.909E+00	0.214	35	14.200	5.920E-01	9.270E-01	3.567E-01	9.567E-02	0.368	Deinococcus radiodurans R1 = ATCC 13939 = DSM 20539	weak_or_inconclusive	runs/v2_full_test_evidence_regime/structure_panel/esmfold_pdb/YP_010747988.1.pdb
	YP_010746472.1	Guernseyvirinae		684	684	69.138	76.605	22.59	97.18	0.586	0.238				2vfq-assembly1_A	4.037E-48	1.000	559	77.900	6.493E-01	6.897E-01	5.650E-01	6.834E-01	0.817	Lederbergvirus P22	local_structural_support	runs/v2_full_test_evidence_regime/structure_panel/esmfold_pdb/YP_010746472.1.pdb
	YP_010746740.1	Guernseyvirinae		684	684	69.129	76.755	22.14	96.94	0.577	0.206				2xc1-assembly1_A	2.390E-50	1.000	663	67.100	6.229E-01	6.309E-01	5.775E-01	5.964E-01	0.969	Lederbergvirus P22	local_structural_support	runs/v2_full_test_evidence_regime/structure_panel/esmfold_pdb/YP_010746740.1.pdb
	NP_065537.1	Gammaherpesvirinae		374	374	69.107	69.03	33.55	89.66	0.473	0.0				8oyy-assembly2_B	2.130E+00	0.196	247	9.300	3.596E-01	3.164E-01	2.288E-01	3.017E-01	0.66	synthetic construct	weak_or_inconclusive	runs/v2_full_test_evidence_regime/structure_panel/esmfold_pdb/NP_065537.1.pdb
	YP_001129485.1	Gammaherpesvirinae		690	690	69.083	75.27	21.79	97.07	0.562	0.21				6m5r-assembly1_A	3.083E-38	1.000	674	34.400	6.054E-01	4.097E-01	3.760E-01	3.996E-01	0.977	Human alphaherpesvirus 1 strain 17	local_structural_support	runs/v2_full_test_evidence_regime/structure_panel/esmfold_pdb/YP_001129485.1.pdb
	YP_009908254.1	Sepvirinae		422	422	69.054	67.35	37.82	95.87	0.438	0.137				8iyk-assembly1_J	5.609E-04	1.000	156	15.300	5.465E-01	5.684E-01	2.104E-01	1.123E-01	0.37	Escherichia phage Lambda	foldseek_only_low_model_confidence	runs/v2_full_test_evidence_regime/structure_panel/esmfold_pdb/YP_009908254.1.pdb
	YP_010747158.1	Guernseyvirinae		676	676	69.046	76.64	23.96	96.72	0.587	0.232				2v5i-assembly1_A	3.274E-50	1.000	556	75.800	6.886E-01	6.891E-01	5.692E-01	6.855E-01	0.822	Bacteriophage sp.	local_structural_support	runs/v2_full_test_evidence_regime/structure_panel/esmfold_pdb/YP_010747158.1.pdb
	YP_010747707.1	Guernseyvirinae		684	684	69.011	76.47	21.6	97.09	0.576	0.235				2vfq-assembly1_A	1.016E-47	1.000	555	78.500	6.523E-01	6.853E-01	5.629E-01	6.786E-01	0.811	Lederbergvirus P22	local_structural_support	runs/v2_full_test_evidence_regime/structure_panel/esmfold_pdb/YP_010747707.1.pdb
	NP_944914.1	Ounavirinae		139	139	69.008	76.69	29.08	89.23	0.662	0.0				7yfz-assembly1_X	1.128E-03	1.000	114	21.900	5.071E-01	6.811E-01	5.492E-01	6.233E-01	0.82	uncultured cyanophage	local_structural_support	runs/v2_full_test_evidence_regime/structure_panel/esmfold_pdb/NP_944914.1.pdb
	YP_009150175.1	Ounavirinae		139	139	69.008	76.69	29.08	89.23	0.662	0.0				7yfz-assembly1_X	1.128E-03	1.000	114	21.900	5.071E-01	6.811E-01	5.492E-01	6.233E-01	0.82	uncultured cyanophage	local_structural_support	runs/v2_full_test_evidence_regime/structure_panel/esmfold_pdb/YP_009150175.1.pdb
	YP_009600272.1	Ounavirinae		139	139	69.008	76.69	29.08	89.23	0.662	0.0				7yfz-assembly1_X	1.128E-03	1.000	114	21.900	5.071E-01	6.811E-01	5.492E-01	6.233E-01	0.82	uncultured cyanophage	local_structural_support	runs/v2_full_test_evidence_regime/structure_panel/esmfold_pdb/YP_009600272.1.pdb
	YP_009600429.1	Ounavirinae		139	139	69.008	76.69	29.08	89.23	0.662	0.0				7yfz-assembly1_X	1.128E-03	1.000	114	21.900	5.071E-01	6.811E-01	5.492E-01	6.233E-01	0.82	uncultured cyanophage	local_structural_support	runs/v2_full_test_evidence_regime/structure_panel/esmfold_pdb/YP_009600429.1.pdb
	YP_009621697.1	Ounavirinae		139	139	69.008	76.69	29.08	89.23	0.662	0.0				7yfz-assembly1_X	1.128E-03	1.000	114	21.900	5.071E-01	6.811E-01	5.492E-01	6.233E-01	0.82	uncultured cyanophage	local_structural_support	runs/v2_full_test_evidence_regime/structure_panel/esmfold_pdb/YP_009621697.1.pdb
	YP_010676171.1	Ounavirinae		139	139	69.008	76.69	29.08	89.23	0.662	0.0				7yfz-assembly1_X	1.128E-03	1.000	114	21.900	5.071E-01	6.811E-01	5.492E-01	6.233E-01	0.82	uncultured cyanophage	local_structural_support	runs/v2_full_test_evidence_regime/structure_panel/esmfold_pdb/YP_010676171.1.pdb
	YP_010745870.1	Guernseyvirinae		684	684	68.95	75.975	22.56	96.86	0.582	0.221				2vfq-assembly1_A	1.714E-49	1.000	558	77.400	6.407E-01	6.590E-01	5.423E-01	6.527E-01	0.816	Lederbergvirus P22	local_structural_support	runs/v2_full_test_evidence_regime/structure_panel/esmfold_pdb/YP_010745870.1.pdb
	YP_009333423.1	Riboviria		1659	1659	68.914	76.13	20.86	97.25	0.568	0.216				2wk4-assembly1_A	4.991E-20	1.000	544	16.100	5.740E-01	8.408E-01	2.675E-01	8.330E-01	0.328	Sapporo virus	foldseek_only_low_model_confidence	runs/v2_full_test_evidence_regime/structure_panel/esmfold_pdb/YP_009333423.1.pdb
	YP_009205478.1	Lclasvirinae		143	143	68.898	75.5	29.27	91.83	0.594	0.028				3gh1-assembly1_A	3.271E-01	0.214	88	10.200	3.519E-01	4.003E-01	2.481E-01	1.009E-01	0.615	Vibrio cholerae O1 biovar El Tor str. N16961	weak_or_inconclusive	runs/v2_full_test_evidence_regime/structure_panel/esmfold_pdb/YP_009205478.1.pdb
	YP_010101978.1	Frickvirinae		405	405	68.898	70.76	34.63	97.19	0.516	0.158				7efv-assembly1_B	2.827E+00	0.051	158	12.000	4.021E-01	2.689E-01	1.250E-01	2.292E-01	0.39	Leptolyngbya sp. O-77	weak_or_inconclusive	runs/v2_full_test_evidence_regime/structure_panel/esmfold_pdb/YP_010101978.1.pdb
	YP_010747008.1	Guernseyvirinae		684	684	68.725	75.57	22.75	97.12	0.573	0.23				2vfq-assembly1_A	9.358E-49	1.000	558	77.000	6.545E-01	6.827E-01	5.599E-01	6.759E-01	0.816	Lederbergvirus P22	local_structural_support	runs/v2_full_test_evidence_regime/structure_panel/esmfold_pdb/YP_010747008.1.pdb
	YP_009177307.1	Ounavirinae		402	402	68.715	66.245	37.13	96.34	0.448	0.122				2fkk-assembly1_A	8.802E-03	0.956	261	18.700	4.332E-01	3.930E-01	1.555E-01	3.171E-01	0.649	Tequatrovirus T4	foldseek_only_low_model_confidence	runs/v2_full_test_evidence_regime/structure_panel/esmfold_pdb/YP_009177307.1.pdb
	YP_009323483.1	Ferrettivirinae		171	171	68.649	74.84	30.13	91.91	0.561	0.058				7nhn-assembly1_h	1.974E+00	0.082	81	13.500	3.167E-01	3.698E-01	1.706E-01	2.037E-01	0.474	Listeria monocytogenes EGD-e	weak_or_inconclusive	runs/v2_full_test_evidence_regime/structure_panel/esmfold_pdb/YP_009323483.1.pdb
	YP_009886276.1	Twarogvirinae		206	206	68.634	74.505	33.99	93.81	0.549	0.107				3e42-assembly1_B	3.000E-01	0.411	127	11.000	3.291E-01	5.297E-01	3.182E-01	2.804E-01	0.617	Haemophilus influenzae	weak_or_inconclusive	runs/v2_full_test_evidence_regime/structure_panel/esmfold_pdb/YP_009886276.1.pdb
	YP_009837736.1	Ackermannviridae		591	591	68.611	80.08	18.81	97.04	0.596	0.311				8jan-assembly1_m	2.455E-13	1.000	598	13.000	4.157E-01	4.878E-01	4.344E-01	4.811E-01	1.012	Escherichia phage P1	local_structural_support	runs/v2_full_test_evidence_regime/structure_panel/esmfold_pdb/YP_009837736.1.pdb
	NP_040239.1	Gammaherpesvirinae		483	483	68.583	74.43	25.93	97.98	0.536	0.211				2w4b-assembly1_A	3.200E-35	1.000	440	40.200	6.454E-01	7.833E-01	6.932E-01	7.332E-01	0.911	Human herpesvirus 4 strain B95-8	local_structural_support	runs/v2_full_test_evidence_regime/structure_panel/esmfold_pdb/NP_040239.1.pdb
	YP_009618724.1	Ounavirinae		138	138	68.489	76.735	28.73	90.78	0.623	0.014				5iw9-assembly1_B	1.624E-02	0.996	107	10.200	4.976E-01	6.389E-01	4.726E-01	5.120E-01	0.775	Tequatrovirus T4	local_structural_support	runs/v2_full_test_evidence_regime/structure_panel/esmfold_pdb/YP_009618724.1.pdb
	YP_009017255.1	Lclasvirinae		84	84	68.451	71.18	48.37	85.34	0.512	0.0				8cws-assembly1_B	3.736E+00	0.720	52	17.300	7.798E-01	8.676E-01	5.596E-01	8.141E-01	0.619	synthetic construct	weak_or_inconclusive	runs/v2_full_test_evidence_regime/structure_panel/esmfold_pdb/YP_009017255.1.pdb
	YP_009337006.1	Riboviria		1586	1586	68.435	76.67	24.07	96.81	0.572	0.199				2wk4-assembly1_A	5.102E-19	1.000	546	15.700	5.682E-01	8.355E-01	2.730E-01	8.183E-01	0.344	Sapporo virus	foldseek_only_low_model_confidence	runs/v2_full_test_evidence_regime/structure_panel/esmfold_pdb/YP_009337006.1.pdb
	YP_010747720.1	Guernseyvirinae		129	129	68.434	80.16	28.0	94.23	0.62	0.209				1r7l-assembly1_B	4.966E-02	0.991	65	13.800	5.060E-01	6.755E-01	3.714E-01	4.289E-01	0.504	Bacillus cereus	local_structural_support	runs/v2_full_test_evidence_regime/structure_panel/esmfold_pdb/YP_010747720.1.pdb
	YP_010114425.1	Immutovirus		332	332	68.423	73.125	24.55	96.03	0.539	0.205				2ox9-assembly2_B	1.209E-10	1.000	125	33.600	7.804E-01	9.233E-01	3.453E-01	8.747E-01	0.377	Mus musculus	local_structural_support	runs/v2_full_test_evidence_regime/structure_panel/esmfold_pdb/YP_010114425.1.pdb
	YP_009837015.1	Montyvirus		92	92	68.368	72.34	42.39	85.19	0.565	0.0				8zey-assembly1_A	1.782E+00	0.301	32	21.800	5.588E-01	6.312E-01	2.903E-01	3.902E-01	0.348	Pseudomonas aeruginosa	weak_or_inconclusive	runs/v2_full_test_evidence_regime/structure_panel/esmfold_pdb/YP_009837015.1.pdb
	YP_009889829.1	Twarogvirinae		363	363	68.367	65.72	36.95	97.7	0.424	0.121				5iv5-assembly1_U	3.052E-16	1.000	324	33.300	6.001E-01	8.443E-01	3.987E-01	8.348E-01	0.893	Tequatrovirus T4	local_structural_support	runs/v2_full_test_evidence_regime/structure_panel/esmfold_pdb/YP_009889829.1.pdb
	YP_010105430.1	Lclasvirinae		84	84	68.22	68.455	49.12	84.33	0.464	0.0				8qaf-assembly1_A	5.299E+00	0.442	55	23.600	7.201E-01	8.175E-01	5.200E-01	7.104E-01	0.655	synthetic construct	weak_or_inconclusive	runs/v2_full_test_evidence_regime/structure_panel/esmfold_pdb/YP_010105430.1.pdb
	YP_010748158.1	Guernseyvirinae		684	684	68.131	75.305	24.3	97.11	0.563	0.212				2vfq-assembly1_A	4.497E-48	1.000	558	75.600	6.490E-01	6.683E-01	5.485E-01	6.621E-01	0.816	Lederbergvirus P22	local_structural_support	runs/v2_full_test_evidence_regime/structure_panel/esmfold_pdb/YP_010748158.1.pdb
	YP_009146317.1	Ounavirinae		139	139	68.062	76.09	29.53	88.85	0.619	0.0				7yfz-assembly1_X	8.331E-04	1.000	114	21.900	5.213E-01	6.945E-01	5.520E-01	6.256E-01	0.82	uncultured cyanophage	local_structural_support	runs/v2_full_test_evidence_regime/structure_panel/esmfold_pdb/YP_009146317.1.pdb
	YP_009211056.1	Ounavirinae		139	139	68.051	73.7	34.24	86.95	0.583	0.0				9b45-assembly1_H	2.179E-03	1.000	108	14.800	4.827E-01	6.702E-01	4.994E-01	6.146E-01	0.777	Pseudomonas virus Pa193	local_structural_support	runs/v2_full_test_evidence_regime/structure_panel/esmfold_pdb/YP_009211056.1.pdb
	YP_009098370.1	Slopekvirinae		146	146	68.004	70.205	39.35	83.4	0.514	0.0				8a9o-assembly1_A	1.736E-04	1.000	131	13.700	5.802E-01	7.727E-01	6.711E-01	6.630E-01	0.897	Acinetobacter baumannii	local_structural_support	runs/v2_full_test_evidence_regime/structure_panel/esmfold_pdb/YP_009098370.1.pdb
	YP_010065013.1	Drexlerviridae		328	328	67.955	75.145	22.47	95.69	0.555	0.079				5n1u-assembly2_B	2.272E-01	0.196	160	10.600	3.626E-01	2.887E-01	1.573E-01	2.536E-01	0.488	Xenopus laevis	weak_or_inconclusive	runs/v2_full_test_evidence_regime/structure_panel/esmfold_pdb/YP_010065013.1.pdb
	YP_009197016.1	Lclasvirinae		837	837	67.893	78.82	22.83	98.17	0.544	0.283				5ly8-assembly1_A	3.029E-03	1.000	241	11.200	3.745E-01	5.893E-01	1.776E-01	5.296E-01	0.288	Lactobacillus phage J-1	foldseek_only_low_model_confidence	runs/v2_full_test_evidence_regime/structure_panel/esmfold_pdb/YP_009197016.1.pdb
	YP_009927177.1	Asfarviridae		1242	1242	67.829	76.295	20.83	92.84	0.624	0.027				8yqt-assembly1_B	0.000E+00	1.000	1239	97.000	7.434E-01	5.873E-01	5.698E-01	5.869E-01	0.998	African swine fever virus	local_structural_support	runs/v2_full_test_evidence_regime/structure_panel/esmfold_pdb/YP_009927177.1.pdb
	YP_007010460.1	Guernseyvirinae		128	128	67.824	72.5	43.95	85.52	0.594	0.0																runs/v2_full_test_evidence_regime/structure_panel/esmfold_pdb/YP_007010460.1.pdb
	YP_009333214.1	Riboviria		755	755	67.79	77.71	21.25	97.73	0.555	0.253				8c4t-assembly1_A	5.803E-08	1.000	792	11.600	3.763E-01	5.170E-01	4.442E-01	2.878E-01	1.049	Hantaan virus 76-118	local_structural_support	runs/v2_full_test_evidence_regime/structure_panel/esmfold_pdb/YP_009333214.1.pdb
	YP_009329976.1	Riboviria		1626	1626	67.662	77.48	21.13	97.34	0.579	0.247				6r1i-assembly2_B	2.617E-19	1.000	519	17.700	6.104E-01	8.850E-01	2.623E-01	8.688E-01	0.319	Porcine kobuvirus swine/S-1-HUN/2007/Hungary	foldseek_only_low_model_confidence	runs/v2_full_test_evidence_regime/structure_panel/esmfold_pdb/YP_009329976.1.pdb
	YP_009508964.1	Ensavirinae		246	246	67.642	76.24	31.76	89.09	0.577	0.0				6t40-assembly1_B	2.024E-35	1.000	244	75.800	7.471E-01	8.582E-01	8.482E-01	8.548E-01	0.992	Enterovirus F	local_structural_support	runs/v2_full_test_evidence_regime/structure_panel/esmfold_pdb/YP_009508964.1.pdb
	YP_009180929.1	Sepvirinae		50	50	67.633	73.925	32.22	82.53	0.7	0.0				1dxl-assembly2_D	5.471E+00	0.051	40	17.500	4.787E-01	4.079E-01	3.439E-01	5.097E-02	0.8	Pisum sativum	weak_or_inconclusive	runs/v2_full_test_evidence_regime/structure_panel/esmfold_pdb/YP_009180929.1.pdb
	YP_009907908.1	Sepvirinae		50	50	67.633	73.925	32.22	82.53	0.7	0.0				1dxl-assembly2_D	5.471E+00	0.051	40	17.500	4.787E-01	4.079E-01	3.439E-01	5.097E-02	0.8	Pisum sativum	weak_or_inconclusive	runs/v2_full_test_evidence_regime/structure_panel/esmfold_pdb/YP_009907908.1.pdb
	YP_009213217.1	Siftrevirus		82	82	67.613	68.17	48.29	82.94	0.439	0.0				6s8g-assembly1_G	4.477E+00	0.106	67	16.400	4.305E-01	5.385E-01	4.041E-01	1.691E-01	0.817	Shigella flexneri	weak_or_inconclusive	runs/v2_full_test_evidence_regime/structure_panel/esmfold_pdb/YP_009213217.1.pdb
	YP_010659821.1	Enquatrovirinae		571	571	67.594	74.63	26.17	97.84	0.543	0.091				8tsh-assembly1_E	3.281E+00	0.900	81	18.500	6.510E-01	7.196E-01	1.150E-01	2.455E-01	0.142	Caldimonas thermodepolymerans	weak_or_inconclusive	runs/v2_full_test_evidence_regime/structure_panel/esmfold_pdb/YP_010659821.1.pdb
	YP_009908077.1	Sepvirinae		71	71	67.574	73.93	40.16	88.2	0.535	0.0																runs/v2_full_test_evidence_regime/structure_panel/esmfold_pdb/YP_009908077.1.pdb
	YP_009793237.1	Dunnvirinae		107	107	67.486	71.78	33.44	86.62	0.505	0.0				1wdf-assembly1_A	5.808E+00	0.063	71	11.200	4.860E-01	4.986E-01	3.189E-01	3.727E-01	0.664	Murine hepatitis virus strain A59	weak_or_inconclusive	runs/v2_full_test_evidence_regime/structure_panel/esmfold_pdb/YP_009793237.1.pdb
	YP_008239742.1	Guernseyvirinae		684	684	67.377	74.455	24.41	96.6	0.566	0.215				2vfo-assembly1_A	4.161E-46	1.000	555	76.500	6.563E-01	6.713E-01	5.501E-01	6.648E-01	0.811	Lederbergvirus P22	local_structural_support	runs/v2_full_test_evidence_regime/structure_panel/esmfold_pdb/YP_008239742.1.pdb
	YP_009009931.1	Guernseyvirinae		128	128	67.343	72.27	43.94	84.74	0.57	0.0																runs/v2_full_test_evidence_regime/structure_panel/esmfold_pdb/YP_009009931.1.pdb
	YP_009288253.1	Ounavirinae		139	139	67.332	75.73	27.73	89.3	0.633	0.0				9b45-assembly1_H	6.118E-03	1.000	112	16.000	5.278E-01	7.201E-01	5.236E-01	6.556E-01	0.806	Pseudomonas virus Pa193	local_structural_support	runs/v2_full_test_evidence_regime/structure_panel/esmfold_pdb/YP_009288253.1.pdb
	YP_009884753.1	Ackermannviridae		440	440	67.315	76.51	35.08	94.42	0.534	0.075				7vrt-assembly1_fb	1.343E-21	1.000	398	36.100	5.824E-01	6.651E-01	5.463E-01	6.401E-01	0.905	Tequatrovirus T4	local_structural_support	runs/v2_full_test_evidence_regime/structure_panel/esmfold_pdb/YP_009884753.1.pdb
	YP_010012656.1	Lclasvirinae		89	89	67.314	74.92	26.98	88.22	0.562	0.0				6onu-assembly3_E	8.079E-03	1.000	64	23.400	6.547E-01	8.014E-01	5.598E-01	6.759E-01	0.719	Mycobacterium tuberculosis H37Rv	local_structural_support	runs/v2_full_test_evidence_regime/structure_panel/esmfold_pdb/YP_010012656.1.pdb
	YP_009884746.1	Ackermannviridae		151	151	67.261	84.21	27.29	95.72	0.596	0.318				1mk0-assembly1_A	7.168E-06	1.000	94	25.500	7.763E-01	8.904E-01	5.421E-01	8.220E-01	0.623	Tequatrovirus T4	local_structural_support	runs/v2_full_test_evidence_regime/structure_panel/esmfold_pdb/YP_009884746.1.pdb
	YP_010088927.1	Fredfastierviridae		683	683	67.189	71.4	24.83	96.43	0.518	0.135				3gpl-assembly2_B	8.673E-28	1.000	525	23.000	6.093E-01	8.003E-01	4.712E-01	6.134E-01	0.769	Deinococcus radiodurans R1 = ATCC 13939 = DSM 20539	local_structural_support	runs/v2_full_test_evidence_regime/structure_panel/esmfold_pdb/YP_010088927.1.pdb
	YP_010653413.1	Attisvirus		110	110	67.155	72.03	41.79	84.46	0.536	0.0				4e1r-assembly1_A	9.645E+00	0.069	58	13.700	3.991E-01	6.692E-01	3.198E-01	5.646E-01	0.527	Mycobacterium tuberculosis	weak_or_inconclusive	runs/v2_full_test_evidence_regime/structure_panel/esmfold_pdb/YP_010653413.1.pdb
	YP_009204975.1	Ounavirinae		139	139	67.113	74.31	30.62	87.9	0.604	0.0				2ia7-assembly1_A	1.074E-02	1.000	108	10.100	5.380E-01	7.212E-01	5.413E-01	6.554E-01	0.777	Geobacter sulfurreducens	local_structural_support	runs/v2_full_test_evidence_regime/structure_panel/esmfold_pdb/YP_009204975.1.pdb
	YP_009219526.1	Ounavirinae		139	139	67.113	74.31	30.62	87.9	0.604	0.0				2ia7-assembly1_A	1.074E-02	1.000	108	10.100	5.380E-01	7.212E-01	5.413E-01	6.554E-01	0.777	Geobacter sulfurreducens	local_structural_support	runs/v2_full_test_evidence_regime/structure_panel/esmfold_pdb/YP_009219526.1.pdb
	YP_009223959.1	Gordtnkvirus		83	83	66.997	62.88	48.11	88.23	0.446	0.0																runs/v2_full_test_evidence_regime/structure_panel/esmfold_pdb/YP_009223959.1.pdb
	YP_010582705.1	Guernseyvirinae		128	128	66.964	71.795	45.12	87.7	0.562	0.0																runs/v2_full_test_evidence_regime/structure_panel/esmfold_pdb/YP_010582705.1.pdb
	YP_004327041.1	Ounavirinae		138	138	66.904	75.645	28.26	89.96	0.645	0.0				2ia7-assembly1_A	1.527E-03	1.000	105	14.200	5.959E-01	7.592E-01	5.719E-01	6.889E-01	0.761	Geobacter sulfurreducens	local_structural_support	runs/v2_full_test_evidence_regime/structure_panel/esmfold_pdb/YP_004327041.1.pdb
	YP_006488898.1	Twarogvirinae		319	319	66.894	74.71	25.54	94.89	0.558	0.154				8an4-assembly2_B	4.194E-03	1.000	152	11.800	4.992E-01	6.532E-01	3.188E-01	4.956E-01	0.476	Mycobacterium tuberculosis H37Rv	local_structural_support	runs/v2_full_test_evidence_regime/structure_panel/esmfold_pdb/YP_006488898.1.pdb
	YP_009329890.1	Riboviria		1001	1001	66.847	67.68	22.63	98.46	0.482	0.248				2jc1-assembly1_A	6.822E-09	1.000	549	12.000	4.536E-01	6.492E-01	3.264E-01	5.543E-01	0.548	Hepacivirus hominis	local_structural_support	runs/v2_full_test_evidence_regime/structure_panel/esmfold_pdb/YP_009329890.1.pdb
	YP_009202399.1	Lclasvirinae		138	138	66.786	72.865	27.55	90.08	0.558	0.007				3ueb-assembly2_C	1.750E+00	0.150	113	11.500	3.793E-01	5.030E-01	3.248E-01	4.026E-01	0.819	Thermococcus onnurineus NA1	weak_or_inconclusive	runs/v2_full_test_evidence_regime/structure_panel/esmfold_pdb/YP_009202399.1.pdb
	YP_010077797.1	Menderavirus		704	704	66.553	63.355	27.72	97.72	0.433	0.152				1k28-assembly1_A	1.021E-11	1.000	672	20.600	4.681E-01	2.695E-01	2.171E-01	2.618E-01	0.955	Tequatrovirus T4	foldseek_only_low_model_confidence	runs/v2_full_test_evidence_regime/structure_panel/esmfold_pdb/YP_010077797.1.pdb
	YP_009851174.1	Menderavirus		166	166	66.533	79.215	29.01	91.75	0.602	0.042				1t1j-assembly2_B	1.720E-03	1.000	113	10.600	6.339E-01	8.246E-01	5.406E-01	6.987E-01	0.681	Pseudomonas aeruginosa	local_structural_support	runs/v2_full_test_evidence_regime/structure_panel/esmfold_pdb/YP_009851174.1.pdb
	YP_009345029.1	Riboviria		1608	1608	66.527	78.26	22.28	97.46	0.561	0.245				1khw-assembly2_B	5.926E-17	1.000	515	17.000	5.458E-01	8.559E-01	2.639E-01	8.121E-01	0.32	Rabbit hemorrhagic disease virus	foldseek_only_low_model_confidence	runs/v2_full_test_evidence_regime/structure_panel/esmfold_pdb/YP_009345029.1.pdb
	YP_009508798.1	Parvovirinae		737	737	66.489	69.95	23.06	97.88	0.499	0.288				7jsh-assembly1_E	1.788E-15	1.000	285	29.400	6.000E-01	8.407E-01	3.303E-01	8.296E-01	0.387	adeno-associated virus 2	local_structural_support	runs/v2_full_test_evidence_regime/structure_panel/esmfold_pdb/YP_009508798.1.pdb
	YP_009345121.1	Riboviria		356	356	66.375	76.925	23.79	97.0	0.525	0.264				4wiz-assembly1_AA	1.682E-14	1.000	293	18.400	5.448E-01	5.980E-01	4.648E-01	5.672E-01	0.823	Epinephelus coioides nervous necrosis virus	local_structural_support	runs/v2_full_test_evidence_regime/structure_panel/esmfold_pdb/YP_009345121.1.pdb
	YP_009887005.1	Twarogvirinae		99	99	66.316	74.44	39.5	86.03	0.556	0.0				3tbi-assembly1_A	1.590E-03	1.000	68	44.100	7.797E-01	8.942E-01	6.238E-01	8.483E-01	0.687	Tequatrovirus T4	local_structural_support	runs/v2_full_test_evidence_regime/structure_panel/esmfold_pdb/YP_009887005.1.pdb
	YP_009889865.1	Twarogvirinae		99	99	66.316	74.44	39.5	86.03	0.556	0.0				3tbi-assembly1_A	1.590E-03	1.000	68	44.100	7.797E-01	8.942E-01	6.238E-01	8.483E-01	0.687	Tequatrovirus T4	local_structural_support	runs/v2_full_test_evidence_regime/structure_panel/esmfold_pdb/YP_009889865.1.pdb
	YP_009337725.1	Riboviria		1675	1675	66.232	75.99	20.48	96.98	0.546	0.236				2ijd-assembly1_1	1.341E-27	1.000	754	17.700	5.653E-01	6.233E-01	2.729E-01	6.206E-01	0.45	Human poliovirus 1 Mahoney	foldseek_only_low_model_confidence	runs/v2_full_test_evidence_regime/structure_panel/esmfold_pdb/YP_009337725.1.pdb
	YP_008433449.1	Baikalvirus		338	338	66.191	66.475	30.87	93.03	0.438	0.018				6n58-assembly1_L	7.281E-03	1.000	447	12.300	4.904E-01	4.361E-01	4.250E-01	2.805E-01	1.322	Escherichia coli	local_structural_support	runs/v2_full_test_evidence_regime/structure_panel/esmfold_pdb/YP_008433449.1.pdb
	YP_009337658.1	Riboviria		323	323	66.18	70.99	32.3	90.56	0.508	0.009				2df7-assembly1_Q	9.907E-04	1.000	411	10.900	4.568E-01	5.852E-01	4.377E-01	3.472E-01	1.272	Infectious bursal disease virus	local_structural_support	runs/v2_full_test_evidence_regime/structure_panel/esmfold_pdb/YP_009337658.1.pdb
	YP_009147561.1	Ackermannviridae		81	81	65.888	64.39	42.82	83.29	0.432	0.0				4ywl-assembly1_A	3.098E-02	0.998	42	23.800	6.872E-01	7.214E-01	4.006E-01	1.421E-01	0.519	Pyrococcus furiosus DSM 3638	local_structural_support	runs/v2_full_test_evidence_regime/structure_panel/esmfold_pdb/YP_009147561.1.pdb
	YP_010745912.1	Guernseyvirinae		47	47	65.702	59.2	46.0	89.01	0.426	0.0																runs/v2_full_test_evidence_regime/structure_panel/esmfold_pdb/YP_010745912.1.pdb
	YP_009787866.1	Slopekvirinae		1232	1232	65.644	72.7	24.14	96.86	0.547	0.048				8vb2-assembly1_A	6.715E-20	1.000	1258	21.700	4.313E-01	2.912E-01	2.595E-01	2.862E-01	1.021	Pectobacterium phage PhiM1	foldseek_only_low_model_confidence	runs/v2_full_test_evidence_regime/structure_panel/esmfold_pdb/YP_009787866.1.pdb
	YP_009337740.1	Riboviria		263	263	65.614	64.51	29.63	95.58	0.452	0.384																runs/v2_full_test_evidence_regime/structure_panel/esmfold_pdb/YP_009337740.1.pdb
	YP_009703361.1	Asfarviridae		1450	1450	65.559	72.82	23.1	91.51	0.548	0.004				8q3b-assembly1_A	0.000E+00	1.000	1444	98.400	7.170E-01	5.625E-01	5.528E-01	5.618E-01	0.996	African swine fever virus BA71V	local_structural_support	runs/v2_full_test_evidence_regime/structure_panel/esmfold_pdb/YP_009703361.1.pdb
	YP_009333566.1	Riboviria		1694	1694	65.436	73.72	20.5	97.21	0.529	0.166				1khw-assembly2_B	1.449E-15	1.000	542	17.100	5.419E-01	8.419E-01	2.539E-01	8.164E-01	0.32	Rabbit hemorrhagic disease virus	foldseek_only_low_model_confidence	runs/v2_full_test_evidence_regime/structure_panel/esmfold_pdb/YP_009333566.1.pdb
	YP_009324618.1	Ounavirinae		742	742	65.27	60.25	26.34	98.6	0.391	0.236				5cwp-assembly1_A	3.502E-01	0.326	300	10.600	3.886E-01	2.341E-01	8.465E-02	2.305E-01	0.404	synthetic construct	weak_or_inconclusive	runs/v2_full_test_evidence_regime/structure_panel/esmfold_pdb/YP_009324618.1.pdb
	YP_009333509.1	Riboviria		1726	1726	65.217	70.775	22.53	97.4	0.503	0.187				2wk4-assembly1_A	5.166E-19	1.000	555	19.400	5.536E-01	8.304E-01	2.548E-01	8.242E-01	0.322	Sapporo virus	foldseek_only_low_model_confidence	runs/v2_full_test_evidence_regime/structure_panel/esmfold_pdb/YP_009333509.1.pdb
	YP_010509985.1	Loutivirinae		130	130	65.196	65.095	32.37	88.81	0.477	0.0				1lnw-assembly3_F	3.437E-01	0.817	92	11.900	5.112E-01	6.512E-01	4.051E-01	4.051E-01	0.708	Pseudomonas aeruginosa	weak_or_inconclusive	runs/v2_full_test_evidence_regime/structure_panel/esmfold_pdb/YP_010509985.1.pdb
	YP_009853286.1	Montyvirus		79	79	65.14	63.86	47.14	83.47	0.304	0.0				8b2l-assembly1_Y3	3.258E+00	0.069	47	17.000	4.789E-01	4.124E-01	2.762E-01	3.698E-01	0.595	Nicotiana tabacum	weak_or_inconclusive	runs/v2_full_test_evidence_regime/structure_panel/esmfold_pdb/YP_009853286.1.pdb
	YP_003193667.1	Riboviria		977	977	65.097	72.66	19.48	96.22	0.535	0.225				7bv1-assembly1_A	9.242E-11	1.000	562	12.000	4.869E-01	7.179E-01	3.766E-01	4.337E-01	0.575	Severe acute respiratory syndrome coronavirus 2	local_structural_support	runs/v2_full_test_evidence_regime/structure_panel/esmfold_pdb/YP_003193667.1.pdb
	YP_009838233.1	Ackermannviridae		354	354	65.091	65.02	32.73	96.76	0.432	0.102				2z6b-assembly1_A	5.437E-09	1.000	553	15.100	5.774E-01	6.699E-01	5.837E-01	3.840E-01	1.562	Tequatrovirus T4	local_structural_support	runs/v2_full_test_evidence_regime/structure_panel/esmfold_pdb/YP_009838233.1.pdb
	YP_009336674.1	Riboviria		1677	1677	65.09	76.15	20.28	97.76	0.537	0.215				6r1i-assembly2_B	6.941E-23	1.000	512	19.900	6.322E-01	8.980E-01	2.607E-01	8.907E-01	0.305	Porcine kobuvirus swine/S-1-HUN/2007/Hungary	foldseek_only_low_model_confidence	runs/v2_full_test_evidence_regime/structure_panel/esmfold_pdb/YP_009336674.1.pdb
	YP_009147334.1	Ounavirinae		742	742	65.088	60.01	27.42	98.57	0.392	0.235				5cwp-assembly1_A	2.872E-01	0.537	293	12.600	4.150E-01	2.735E-01	9.462E-02	2.664E-01	0.395	synthetic construct	weak_or_inconclusive	runs/v2_full_test_evidence_regime/structure_panel/esmfold_pdb/YP_009147334.1.pdb
	YP_009789576.1	Yoloswagvirus		205	205	65.054	65.53	33.45	89.79	0.385	0.0																runs/v2_full_test_evidence_regime/structure_panel/esmfold_pdb/YP_009789576.1.pdb
	YP_009833029.1	Ackermannviridae		229	229	65.052	68.7	31.49	89.21	0.463	0.0				5xbh-assembly1_B	3.478E-03	1.000	215	11.600	5.022E-01	6.329E-01	5.307E-01	6.088E-01	0.939	Aquifex aeolicus VF5	local_structural_support	runs/v2_full_test_evidence_regime/structure_panel/esmfold_pdb/YP_009833029.1.pdb
	YP_009206182.1	Yongloolinvirus		57	57	64.978	66.58	45.27	78.41	0.316	0.0				1xjo-assembly1_A	3.719E-01	0.949	37	18.900	6.564E-01	8.056E-01	5.555E-01	1.304E-01	0.649	Streptomyces griseus	local_structural_support	runs/v2_full_test_evidence_regime/structure_panel/esmfold_pdb/YP_009206182.1.pdb
	YP_009150180.1	Ounavirinae		743	743	64.957	59.95	24.41	98.57	0.39	0.238				5cwp-assembly1_A	4.296E-01	0.442	296	12.100	4.248E-01	2.728E-01	9.674E-02	2.688E-01	0.398	synthetic construct	weak_or_inconclusive	runs/v2_full_test_evidence_regime/structure_panel/esmfold_pdb/YP_009150180.1.pdb
	YP_009336699.1	Riboviria		784	784	64.825	71.84	21.42	94.04	0.518	0.054				2y26-assembly1_A	1.801E-14	1.000	740	8.500	4.325E-01	7.019E-01	4.723E-01	6.970E-01	0.944	Grapevine fanleaf virus	local_structural_support	runs/v2_full_test_evidence_regime/structure_panel/esmfold_pdb/YP_009336699.1.pdb
	YP_009880553.1	Rhodovirinae		109	109	64.733	63.7	42.54	79.88	0.394	0.0				2kjg-assembly1_A	9.259E+00	0.069	38	13.100	6.850E-01	5.371E-01	2.664E-01	2.877E-01	0.349	Saccharolobus solfataricus	weak_or_inconclusive	runs/v2_full_test_evidence_regime/structure_panel/esmfold_pdb/YP_009880553.1.pdb
	YP_009336753.1	Riboviria		1689	1689	64.719	72.81	23.32	97.08	0.523	0.169				6qwt-assembly1_A	1.680E-19	1.000	524	18.800	5.743E-01	8.780E-01	2.561E-01	8.692E-01	0.31	Chicken sicinivirus JSY	foldseek_only_low_model_confidence	runs/v2_full_test_evidence_regime/structure_panel/esmfold_pdb/YP_009336753.1.pdb
	YP_009345033.1	Riboviria		753	753	64.586	74.29	24.59	91.01	0.55	0.024				4v5t-assembly1_AA	1.693E-17	1.000	746	7.200	4.478E-01	7.496E-01	5.219E-01	7.471E-01	0.991	Grapevine fanleaf virus	local_structural_support	runs/v2_full_test_evidence_regime/structure_panel/esmfold_pdb/YP_009345033.1.pdb
	YP_009621680.1	Ounavirinae		63	63	64.556	69.6	38.02	81.77	0.492	0.0				7oqy-assembly1_Y	4.698E-01	0.442	61	26.200	4.833E-01	4.849E-01	4.143E-01	3.125E-01	0.968	Saccharolobus solfataricus P2	weak_or_inconclusive	runs/v2_full_test_evidence_regime/structure_panel/esmfold_pdb/YP_009621680.1.pdb
	YP_009789286.1	Slopekvirinae		1232	1232	64.546	70.505	22.74	96.65	0.515	0.041				8vb2-assembly1_A	5.759E-21	1.000	1274	19.700	4.334E-01	2.807E-01	2.496E-01	2.758E-01	1.034	Pectobacterium phage PhiM1	foldseek_only_low_model_confidence	runs/v2_full_test_evidence_regime/structure_panel/esmfold_pdb/YP_009789286.1.pdb
	YP_009280187.1	Guernseyvirinae		47	47	64.527	56.53	44.72	89.31	0.426	0.0																runs/v2_full_test_evidence_regime/structure_panel/esmfold_pdb/YP_009280187.1.pdb
	YP_009597368.1	Guernseyvirinae		156	156	64.449	61.675	36.63	89.94	0.397	0.0				3lof-assembly2_D	1.598E+00	0.382	65	10.700	5.547E-01	5.426E-01	2.847E-01	4.726E-01	0.417	Homo sapiens	weak_or_inconclusive	runs/v2_full_test_evidence_regime/structure_panel/esmfold_pdb/YP_009597368.1.pdb
	NP_740394.1	Ensavirinae		298	298	64.357	69.075	32.6	90.11	0.497	0.003				9fx1-assembly1_A	6.154E-43	1.000	285	100.000	7.004E-01	7.025E-01	6.717E-01	7.001E-01	0.956	Human rhinovirus 89 ATCC VR-1199	local_structural_support	runs/v2_full_test_evidence_regime/structure_panel/esmfold_pdb/NP_740394.1.pdb
	YP_010660652.1	Rakietenvirinae		473	473	64.25	65.93	26.39	97.52	0.476	0.175				8ej5-assembly1_A	4.894E-46	1.000	482	84.000	6.405E-01	3.666E-01	3.538E-01	3.658E-01	1.019	Staphylococcus phage Andhra	local_structural_support	runs/v2_full_test_evidence_regime/structure_panel/esmfold_pdb/YP_010660652.1.pdb
	YP_009797780.1	Rakietenvirinae		476	476	64.237	68.015	25.32	95.71	0.475	0.162				8ej5-assembly1_A	5.841E-40	1.000	496	63.500	6.470E-01	3.902E-01	3.748E-01	3.894E-01	1.042	Staphylococcus phage Andhra	local_structural_support	runs/v2_full_test_evidence_regime/structure_panel/esmfold_pdb/YP_009797780.1.pdb
	YP_009807423.1	Drexlerviridae		133	133	64.214	74.69	27.96	89.67	0.549	0.0				3bd1-assembly1_A-1	1.273E-02	1.000	67	23.800	5.872E-01	7.737E-01	4.002E-01	7.444E-01	0.504	Xylella fastidiosa subsp. sandyi Ann-1	local_structural_support	runs/v2_full_test_evidence_regime/structure_panel/esmfold_pdb/YP_009807423.1.pdb
	YP_010667702.1	Menderavirus		88	88	64.19	57.92	38.17	87.94	0.466	0.0				4pog-assembly2_G	1.227E-01	0.961	40	17.500	5.941E-01	7.137E-01	3.452E-01	1.344E-01	0.455	Pyrococcus furiosus DSM 3638	local_structural_support	runs/v2_full_test_evidence_regime/structure_panel/esmfold_pdb/YP_010667702.1.pdb
	YP_009276992.1	Ackermannviridae		430	430	64.175	67.785	30.27	92.31	0.484	0.051				6uzc-assembly1_x	1.070E-22	1.000	450	34.400	5.800E-01	6.306E-01	5.548E-01	5.258E-01	1.047	Tequatrovirus T4	local_structural_support	runs/v2_full_test_evidence_regime/structure_panel/esmfold_pdb/YP_009276992.1.pdb
	YP_009337080.1	Riboviria		1510	1510	64.163	71.995	17.52	95.7	0.525	0.122				2ijd-assembly1_1	4.797E-22	1.000	854	13.400	4.866E-01	6.227E-01	2.846E-01	6.160E-01	0.566	Human poliovirus 1 Mahoney	foldseek_only_low_model_confidence	runs/v2_full_test_evidence_regime/structure_panel/esmfold_pdb/YP_009337080.1.pdb
	YP_009333505.1	Riboviria		777	777	64.083	69.51	17.49	94.06	0.495	0.116				2y26-assembly1_A	2.793E-14	1.000	789	7.800	4.105E-01	7.051E-01	4.780E-01	6.966E-01	1.015	Grapevine fanleaf virus	local_structural_support	runs/v2_full_test_evidence_regime/structure_panel/esmfold_pdb/YP_009333505.1.pdb
	YP_010582640.1	Guernseyvirinae		99	99	64.081	64.3	41.3	74.37	0.232	0.0				7wff-assembly1_E	1.122E+00	0.569	83	19.200	6.120E-01	5.168E-01	4.267E-01	4.690E-01	0.838	Arabidopsis thaliana	weak_or_inconclusive	runs/v2_full_test_evidence_regime/structure_panel/esmfold_pdb/YP_010582640.1.pdb
	YP_008767008.1	Guernseyvirinae		47	47	64.031	58.48	43.63	87.42	0.426	0.0																runs/v2_full_test_evidence_regime/structure_panel/esmfold_pdb/YP_008767008.1.pdb
	YP_010667499.1	Menderavirus		553	553	63.998	60.39	32.56	94.98	0.36	0.063				1k28-assembly1_A	6.334E-12	1.000	672	20.900	4.981E-01	2.567E-01	2.514E-01	2.501E-01	1.215	Tequatrovirus T4	foldseek_only_low_model_confidence	runs/v2_full_test_evidence_regime/structure_panel/esmfold_pdb/YP_010667499.1.pdb
	YP_009844538.1	Menderavirus		553	553	63.955	60.4	32.81	94.92	0.36	0.065				1k28-assembly1_A	2.123E-12	1.000	668	20.300	5.101E-01	2.626E-01	2.572E-01	2.557E-01	1.208	Tequatrovirus T4	foldseek_only_low_model_confidence	runs/v2_full_test_evidence_regime/structure_panel/esmfold_pdb/YP_009844538.1.pdb
	YP_009850905.1	Menderavirus		553	553	63.935	61.58	32.19	94.84	0.36	0.08				1k28-assembly1_A	9.809E-12	1.000	680	20.100	5.052E-01	2.647E-01	2.596E-01	2.580E-01	1.23	Tequatrovirus T4	foldseek_only_low_model_confidence	runs/v2_full_test_evidence_regime/structure_panel/esmfold_pdb/YP_009850905.1.pdb
	YP_009188358.1	Slopekvirinae		1232	1232	63.926	69.825	23.25	96.7	0.494	0.041				8vb2-assembly1_A	4.755E-21	1.000	1302	19.300	4.250E-01	2.756E-01	2.486E-01	2.744E-01	1.057	Pectobacterium phage PhiM1	foldseek_only_low_model_confidence	runs/v2_full_test_evidence_regime/structure_panel/esmfold_pdb/YP_009188358.1.pdb
	YP_010087460.1	Gammaherpesvirinae		488	488	63.916	62.41	27.59	96.02	0.371	0.096				2pbk-assembly1_A	7.288E-25	1.000	216	49.000	7.121E-01	8.673E-01	4.028E-01	8.224E-01	0.443	Human gammaherpesvirus 8	local_structural_support	runs/v2_full_test_evidence_regime/structure_panel/esmfold_pdb/YP_010087460.1.pdb
	YP_010061462.1	Yeceytrevirus		62	62	63.896	65.455	47.77	76.07	0.355	0.0																runs/v2_full_test_evidence_regime/structure_panel/esmfold_pdb/YP_010061462.1.pdb
	YP_011217208.1	Guernseyvirinae		48	48	63.865	60.99	41.57	88.76	0.438	0.0				6cfw-assembly1_G	5.973E+00	0.057	46	13.000	5.854E-01	4.613E-01	4.162E-01	1.884E-01	0.958	Pyrococcus furiosus COM1	weak_or_inconclusive	runs/v2_full_test_evidence_regime/structure_panel/esmfold_pdb/YP_011217208.1.pdb
	YP_004010305.1	Twarogvirinae		218	218	63.836	61.4	27.33	96.09	0.427	0.216				1pdf-assembly1_B	2.999E-15	1.000	189	38.000	6.348E-01	6.441E-01	5.633E-01	5.871E-01	0.867	Tequatrovirus T4	local_structural_support	runs/v2_full_test_evidence_regime/structure_panel/esmfold_pdb/YP_004010305.1.pdb
	YP_010060745.1	Benedictvirus		170	170	63.739	71.43	25.42	94.07	0.529	0.094				1vq2-assembly1_A	2.481E-10	1.000	142	34.500	6.826E-01	7.987E-01	6.166E-01	6.066E-01	0.835	Tequatrovirus T4	local_structural_support	runs/v2_full_test_evidence_regime/structure_panel/esmfold_pdb/YP_010060745.1.pdb
	YP_009333295.1	Riboviria		371	371	63.695	66.57	23.14	95.94	0.474	0.075				4wiz-assembly1_AA	8.701E-18	1.000	337	19.500	5.426E-01	5.990E-01	4.717E-01	5.952E-01	0.908	Epinephelus coioides nervous necrosis virus	local_structural_support	runs/v2_full_test_evidence_regime/structure_panel/esmfold_pdb/YP_009333295.1.pdb
	YP_009329845.1	Riboviria		338	338	63.612	63.44	22.85	91.7	0.459	0.018				3iyo-assembly1_D	3.569E-07	1.000	353	11.000	4.412E-01	5.024E-01	4.475E-01	3.452E-01	1.044	Paslahepevirus balayani	local_structural_support	runs/v2_full_test_evidence_regime/structure_panel/esmfold_pdb/YP_009329845.1.pdb
	YP_009889815.1	Twarogvirinae		423	423	63.479	66.63	28.02	93.34	0.466	0.045				7vs5-assembly1_hj	4.792E-32	1.000	399	53.800	5.880E-01	6.609E-01	6.091E-01	6.199E-01	0.943	Tequatrovirus T4	local_structural_support	runs/v2_full_test_evidence_regime/structure_panel/esmfold_pdb/YP_009889815.1.pdb
	YP_009703677.1	Asfarviridae		147	147	63.473	69.02	33.03	84.25	0.497	0.0				8yqt-assembly1_E	2.748E-18	1.000	100	99.000	8.658E-01	9.113E-01	6.217E-01	9.026E-01	0.68	African swine fever virus	local_structural_support	runs/v2_full_test_evidence_regime/structure_panel/esmfold_pdb/YP_009703677.1.pdb
	YP_950542.1	Enquatrovirinae		417	417	63.383	73.4	21.49	96.84	0.544	0.098				5oq3-assembly1_A	2.155E-05	1.000	438	11.400	3.887E-01	5.413E-01	4.680E-01	5.321E-01	1.05	Clostridioides difficile	local_structural_support	runs/v2_full_test_evidence_regime/structure_panel/esmfold_pdb/YP_950542.1.pdb
	YP_009336729.1	Riboviria		1666	1666	63.378	72.28	18.56	97.25	0.516	0.17				2wk4-assembly1_A	1.830E-19	1.000	548	20.600	5.662E-01	8.408E-01	2.622E-01	8.188E-01	0.329	Sapporo virus	foldseek_only_low_model_confidence	runs/v2_full_test_evidence_regime/structure_panel/esmfold_pdb/YP_009336729.1.pdb
	YP_010746699.1	Guernseyvirinae		109	109	63.359	58.83	44.4	86.3	0.358	0.0																runs/v2_full_test_evidence_regime/structure_panel/esmfold_pdb/YP_010746699.1.pdb
	YP_004322438.1	Eurybiavirus		441	441	63.328	59.68	25.54	97.13	0.413	0.12				6j0n-assembly1_b	1.828E-03	1.000	260	9.600	4.629E-01	6.304E-01	2.264E-01	4.176E-01	0.59	Photorhabdus asymbiotica subsp. asymbiotica ATCC 43949	foldseek_only_low_model_confidence	runs/v2_full_test_evidence_regime/structure_panel/esmfold_pdb/YP_004322438.1.pdb
	YP_009822514.1	Ackermannviridae		667	667	63.258	64.3	26.74	95.38	0.439	0.108				7lzj-assembly1_C	1.430E-05	1.000	709	9.000	3.479E-01	4.774E-01	4.038E-01	3.808E-01	1.063	Klebsiella phage GH-K3	local_structural_support	runs/v2_full_test_evidence_regime/structure_panel/esmfold_pdb/YP_009822514.1.pdb
	YP_010748152.1	Guernseyvirinae		74	74	63.251	63.895	35.24	84.42	0.405	0.0				7d98-assembly1_B	1.145E+00	0.601	33	6.000	5.758E-01	7.385E-01	3.797E-01	1.097E-01	0.446	Cupriavidus necator	weak_or_inconclusive	runs/v2_full_test_evidence_regime/structure_panel/esmfold_pdb/YP_010748152.1.pdb
	YP_009846090.1	Montyvirus		140	140	63.215	67.4	29.34	83.86	0.45	0.0				8em5-assembly5_E	7.176E-03	0.999	104	18.200	4.321E-01	6.140E-01	4.098E-01	5.759E-01	0.743	Mycolicibacterium thermoresistibile	local_structural_support	runs/v2_full_test_evidence_regime/structure_panel/esmfold_pdb/YP_009846090.1.pdb
	YP_009336738.1	Riboviria		715	715	63.213	62.37	21.24	96.21	0.449	0.145				1a6c-assembly1_A	1.369E-08	1.000	470	10.000	3.207E-01	5.481E-01	2.867E-01	3.784E-01	0.657	Tobacco ringspot virus	foldseek_only_low_model_confidence	runs/v2_full_test_evidence_regime/structure_panel/esmfold_pdb/YP_009336738.1.pdb
	YP_010660737.1	Purivirus		83	83	63.191	65.91	40.81	83.55	0.47	0.0																runs/v2_full_test_evidence_regime/structure_panel/esmfold_pdb/YP_010660737.1.pdb
	YP_009336662.1	Riboviria		757	757	63.176	65.76	17.07	91.0	0.465	0.008				2y26-assembly1_A	1.043E-10	1.000	768	7.600	3.838E-01	6.622E-01	4.240E-01	6.055E-01	1.015	Grapevine fanleaf virus	local_structural_support	runs/v2_full_test_evidence_regime/structure_panel/esmfold_pdb/YP_009336662.1.pdb
	YP_009204834.1	Slopekvirinae		1232	1232	63.097	68.595	25.86	96.65	0.465	0.04				8vb2-assembly1_A	8.905E-20	1.000	1310	20.000	4.338E-01	2.778E-01	2.517E-01	2.767E-01	1.063	Pectobacterium phage PhiM1	foldseek_only_low_model_confidence	runs/v2_full_test_evidence_regime/structure_panel/esmfold_pdb/YP_009204834.1.pdb
	YP_010582318.1	Guernseyvirinae		99	99	63.067	64.46	38.83	73.32	0.192	0.0				5cy5-assembly1_B	1.901E+00	0.411	74	14.800	5.360E-01	6.157E-01	4.506E-01	3.101E-01	0.747	Thermoplasma acidophilum	weak_or_inconclusive	runs/v2_full_test_evidence_regime/structure_panel/esmfold_pdb/YP_010582318.1.pdb
	YP_004009814.1	Twarogvirinae		597	597	63.037	55.79	33.76	96.99	0.342	0.112				7ru9-assembly1_C	1.287E+00	0.277	230	13.900	4.513E-01	2.898E-01	1.228E-01	2.354E-01	0.385	Homo sapiens	weak_or_inconclusive	runs/v2_full_test_evidence_regime/structure_panel/esmfold_pdb/YP_004009814.1.pdb
	YP_009329997.1	Riboviria		1704	1704	62.983	71.855	19.94	97.16	0.51	0.158				2wk4-assembly1_A	1.782E-21	1.000	544	17.200	5.681E-01	8.382E-01	2.583E-01	8.258E-01	0.319	Sapporo virus	foldseek_only_low_model_confidence	runs/v2_full_test_evidence_regime/structure_panel/esmfold_pdb/YP_009329997.1.pdb
	YP_010112343.1	Loutivirinae		130	130	62.937	64.825	32.3	82.28	0.315	0.0				4mtd-assembly1_B	2.707E-01	0.912	97	10.300	5.382E-01	6.873E-01	4.860E-01	4.304E-01	0.746	Escherichia coli K-12	local_structural_support	runs/v2_full_test_evidence_regime/structure_panel/esmfold_pdb/YP_010112343.1.pdb
	YP_010509863.1	Loutivirinae		328	328	62.881	65.675	40.63	79.52	0.372	0.0				3fpp-assembly1_A	1.199E+00	0.795	90	20.000	6.938E-01	7.398E-01	2.297E-01	2.781E-01	0.274	Escherichia coli	weak_or_inconclusive	runs/v2_full_test_evidence_regime/structure_panel/esmfold_pdb/YP_010509863.1.pdb
	NP_044871.1	Gammaherpesvirinae		306	306	62.864	71.65	25.18	95.85	0.523	0.17				6m5v-assembly1_A	1.212E-08	1.000	212	24.000	6.053E-01	7.160E-01	4.950E-01	2.681E-01	0.693	Human alphaherpesvirus 1 strain 17	local_structural_support	runs/v2_full_test_evidence_regime/structure_panel/esmfold_pdb/NP_044871.1.pdb
	YP_009336571.1	Riboviria		1820	1820	62.861	70.75	18.99	96.24	0.505	0.175				1khw-assembly2_B	2.415E-20	1.000	551	21.000	5.854E-01	8.655E-01	2.476E-01	8.556E-01	0.303	Rabbit hemorrhagic disease virus	foldseek_only_low_model_confidence	runs/v2_full_test_evidence_regime/structure_panel/esmfold_pdb/YP_009336571.1.pdb
	YP_009902886.1	Drexlerviridae		133	133	62.823	70.04	30.15	88.36	0.504	0.0				3bd1-assembly1_A-1	5.485E-02	1.000	67	25.300	5.796E-01	7.715E-01	3.995E-01	7.423E-01	0.504	Xylella fastidiosa subsp. sandyi Ann-1	local_structural_support	runs/v2_full_test_evidence_regime/structure_panel/esmfold_pdb/YP_009902886.1.pdb
	YP_009903062.1	Drexlerviridae		133	133	62.823	70.04	30.15	88.36	0.504	0.0				3bd1-assembly1_A-1	5.485E-02	1.000	67	25.300	5.796E-01	7.715E-01	3.995E-01	7.423E-01	0.504	Xylella fastidiosa subsp. sandyi Ann-1	local_structural_support	runs/v2_full_test_evidence_regime/structure_panel/esmfold_pdb/YP_009903062.1.pdb
	YP_009337156.1	Riboviria		318	318	62.744	69.945	28.64	90.49	0.497	0.006				1nov-assembly1_C	2.572E-05	1.000	285	10.100	4.677E-01	6.586E-01	4.359E-01	4.286E-01	0.896	Nodamura virus	local_structural_support	runs/v2_full_test_evidence_regime/structure_panel/esmfold_pdb/YP_009337156.1.pdb
	YP_010749693.1	Guernseyvirinae		153	153	62.689	73.55	29.03	93.98	0.529	0.222				1rhf-assembly2_B	5.284E-05	1.000	87	17.200	6.941E-01	8.029E-01	4.609E-01	4.052E-01	0.569	Homo sapiens	local_structural_support	runs/v2_full_test_evidence_regime/structure_panel/esmfold_pdb/YP_010749693.1.pdb
	YP_009837648.1	Ackermannviridae		216	216	62.624	62.03	26.33	94.95	0.421	0.088				2c95-assembly1_A	2.546E-04	1.000	210	11.900	5.202E-01	6.268E-01	5.463E-01	5.949E-01	0.972	Homo sapiens	local_structural_support	runs/v2_full_test_evidence_regime/structure_panel/esmfold_pdb/YP_009837648.1.pdb
	YP_009330121.1	Riboviria		1830	1830	62.596	67.62	20.82	96.27	0.489	0.175				2ijd-assembly1_1	1.099E-28	1.000	756	18.200	5.324E-01	6.439E-01	2.436E-01	6.392E-01	0.413	Human poliovirus 1 Mahoney	foldseek_only_low_model_confidence	runs/v2_full_test_evidence_regime/structure_panel/esmfold_pdb/YP_009330121.1.pdb
	YP_009791819.1	Dunnvirinae		1254	1254	62.533	65.58	22.98	97.27	0.458	0.077				8vb2-assembly1_A	3.915E-07	1.000	1255	13.200	2.819E-01	2.390E-01	2.059E-01	2.292E-01	1.001	Pectobacterium phage PhiM1	foldseek_only_low_model_confidence	runs/v2_full_test_evidence_regime/structure_panel/esmfold_pdb/YP_009791819.1.pdb
	YP_009337400.1	Riboviria		1799	1799	62.505	66.96	20.58	96.07	0.48	0.173				2wk4-assembly1_A	1.047E-18	1.000	532	17.200	5.710E-01	8.420E-01	2.429E-01	8.215E-01	0.296	Sapporo virus	foldseek_only_low_model_confidence	runs/v2_full_test_evidence_regime/structure_panel/esmfold_pdb/YP_009337400.1.pdb
	YP_010101317.1	Lclasvirinae		143	143	62.498	61.89	33.53	87.02	0.378	0.0				7yqh-assembly1_A	3.277E+00	0.090	60	10.000	3.450E-01	5.102E-01	2.302E-01	3.933E-02	0.42	Saccharomyces cerevisiae S288C	weak_or_inconclusive	runs/v2_full_test_evidence_regime/structure_panel/esmfold_pdb/YP_010101317.1.pdb
	YP_009196681.1	Drexlerviridae		133	133	62.465	69.82	28.52	88.39	0.496	0.0				3bd1-assembly1_A-1	7.111E-02	1.000	67	23.800	5.638E-01	7.630E-01	3.954E-01	7.341E-01	0.504	Xylella fastidiosa subsp. sandyi Ann-1	local_structural_support	runs/v2_full_test_evidence_regime/structure_panel/esmfold_pdb/YP_009196681.1.pdb
	YP_009818757.1	Drexlerviridae		133	133	62.465	69.82	28.52	88.39	0.496	0.0				3bd1-assembly1_A-1	7.111E-02	1.000	67	23.800	5.638E-01	7.630E-01	3.954E-01	7.341E-01	0.504	Xylella fastidiosa subsp. sandyi Ann-1	local_structural_support	runs/v2_full_test_evidence_regime/structure_panel/esmfold_pdb/YP_009818757.1.pdb
	YP_010084557.1	Gammaherpesvirinae		537	537	62.461	59.78	30.49	95.43	0.32	0.067				2pbk-assembly1_A	4.646E-28	1.000	217	60.800	7.274E-01	8.652E-01	3.667E-01	8.229E-01	0.404	Human gammaherpesvirus 8	local_structural_support	runs/v2_full_test_evidence_regime/structure_panel/esmfold_pdb/YP_010084557.1.pdb
	YP_009336940.1	Riboviria		1683	1683	62.435	62.07	23.36	97.43	0.455	0.162				1khw-assembly2_B	2.655E-17	1.000	536	20.300	5.511E-01	8.223E-01	2.519E-01	8.007E-01	0.318	Rabbit hemorrhagic disease virus	foldseek_only_low_model_confidence	runs/v2_full_test_evidence_regime/structure_panel/esmfold_pdb/YP_009336940.1.pdb
	YP_009553485.1	Riboviria		943	943	62.409	63.89	22.89	96.78	0.466	0.213				7om7-assembly2_C	7.291E-35	1.000	544	32.300	6.861E-01	9.200E-01	4.921E-01	7.271E-01	0.577	Thosea asigna virus	local_structural_support	runs/v2_full_test_evidence_regime/structure_panel/esmfold_pdb/YP_009553485.1.pdb
	YP_009616015.1	Ackermannviridae		686	686	62.365	66.775	20.93	95.06	0.468	0.077				7vyv-assembly1_B	1.446E-07	1.000	797	8.700	3.721E-01	4.604E-01	4.070E-01	3.904E-01	1.162	Klebsiella phage GH-K3	local_structural_support	runs/v2_full_test_evidence_regime/structure_panel/esmfold_pdb/YP_009616015.1.pdb
	YP_009886707.1	Twarogvirinae		423	423	62.328	64.07	25.79	92.96	0.456	0.028				1yue-assembly1_A	2.612E-33	1.000	428	50.200	5.523E-01	6.655E-01	6.165E-01	6.611E-01	1.012	Tequatrovirus T4	local_structural_support	runs/v2_full_test_evidence_regime/structure_panel/esmfold_pdb/YP_009886707.1.pdb
	YP_009337409.1	Riboviria		1808	1808	62.28	67.59	22.53	98.03	0.488	0.177				8c1n-assembly1_A	5.620E-19	1.000	534	16.800	5.623E-01	8.599E-01	2.386E-01	8.532E-01	0.295	Foot-and-mouth disease virus	foldseek_only_low_model_confidence	runs/v2_full_test_evidence_regime/structure_panel/esmfold_pdb/YP_009337409.1.pdb
	YP_009796904.1	Drexlerviridae		133	133	62.234	69.57	27.95	88.33	0.496	0.0				3bd1-assembly1_A-1	5.537E-02	1.000	67	23.800	5.630E-01	7.620E-01	3.951E-01	7.332E-01	0.504	Xylella fastidiosa subsp. sandyi Ann-1	local_structural_support	runs/v2_full_test_evidence_regime/structure_panel/esmfold_pdb/YP_009796904.1.pdb
	YP_010582587.1	Guernseyvirinae		87	87	62.229	59.88	40.8	81.8	0.276	0.0																runs/v2_full_test_evidence_regime/structure_panel/esmfold_pdb/YP_010582587.1.pdb
	YP_009199284.1	Sfunavirus		1190	1190	62.166	52.71	25.63	97.89	0.365	0.255				6tab-assembly1_A	1.856E-01	1.000	127	22.800	4.909E-01	7.030E-01	7.344E-02	4.061E-01	0.107	Bdellovibrio bacteriovorus HD100	weak_or_inconclusive	runs/v2_full_test_evidence_regime/structure_panel/esmfold_pdb/YP_009199284.1.pdb
	YP_009213143.1	Siftrevirus		1190	1190	62.166	52.71	25.63	97.89	0.365	0.255				6tab-assembly1_A	1.856E-01	1.000	127	22.800	4.909E-01	7.030E-01	7.344E-02	4.061E-01	0.107	Bdellovibrio bacteriovorus HD100	weak_or_inconclusive	runs/v2_full_test_evidence_regime/structure_panel/esmfold_pdb/YP_009213143.1.pdb
	YP_009618720.1	Ounavirinae		268	268	62.138	58.805	26.89	96.35	0.41	0.179				8v3w-assembly1_G	1.528E-06	1.000	140	10.700	6.412E-01	7.914E-01	3.965E-01	7.486E-01	0.522	Clostridioides difficile	local_structural_support	runs/v2_full_test_evidence_regime/structure_panel/esmfold_pdb/YP_009618720.1.pdb
	YP_001129369.1	Gammaherpesvirinae		534	534	62.108	60.155	27.95	96.72	0.388	0.107				2pbk-assembly1_A	5.887E-37	1.000	228	99.100	7.590E-01	8.877E-01	3.885E-01	8.840E-01	0.427	Human gammaherpesvirus 8	local_structural_support	runs/v2_full_test_evidence_regime/structure_panel/esmfold_pdb/YP_001129369.1.pdb
	YP_009044395.1	Gammaherpesvirinae		848	848	62.091	60.345	21.57	93.55	0.357	0.031				6z9m-assembly1_B	7.481E-35	1.000	623	28.400	5.710E-01	5.724E-01	4.243E-01	5.605E-01	0.735	Human alphaherpesvirus 1	local_structural_support	runs/v2_full_test_evidence_regime/structure_panel/esmfold_pdb/YP_009044395.1.pdb
	YP_003347642.1	Slopekvirinae		1232	1232	62.04	68.01	23.07	96.68	0.456	0.034				8vb2-assembly1_A	5.614E-20	1.000	1308	19.800	4.364E-01	2.781E-01	2.515E-01	2.774E-01	1.062	Pectobacterium phage PhiM1	foldseek_only_low_model_confidence	runs/v2_full_test_evidence_regime/structure_panel/esmfold_pdb/YP_003347642.1.pdb
	YP_010001120.1	Ruthyvirus		110	110	61.913	65.395	35.57	80.79	0.436	0.0				5lmq-assembly1_G	4.773E+00	0.045	54	12.900	3.496E-01	3.781E-01	2.117E-01	1.587E-01	0.491	Thermus thermophilus HB8	weak_or_inconclusive	runs/v2_full_test_evidence_regime/structure_panel/esmfold_pdb/YP_010001120.1.pdb
	YP_009337654.1	Riboviria		1736	1736	61.886	68.7	19.18	96.65	0.493	0.151				2wk4-assembly1_A	1.745E-18	1.000	533	20.200	5.593E-01	8.416E-01	2.498E-01	8.148E-01	0.307	Sapporo virus	foldseek_only_low_model_confidence	runs/v2_full_test_evidence_regime/structure_panel/esmfold_pdb/YP_009337654.1.pdb
	YP_009851262.1	Menderavirus		553	553	61.884	56.56	32.95	95.32	0.362	0.081				1k28-assembly1_A	5.919E-12	1.000	677	19.900	5.224E-01	2.626E-01	2.573E-01	2.557E-01	1.224	Tequatrovirus T4	foldseek_only_low_model_confidence	runs/v2_full_test_evidence_regime/structure_panel/esmfold_pdb/YP_009851262.1.pdb
	YP_001552436.1	Ensavirinae		142	142	61.877	69.0	26.37	93.37	0.493	0.042				7h4y-assembly1_A	4.628E-10	1.000	101	41.500	6.707E-01	8.909E-01	6.390E-01	6.477E-01	0.711	Coxsackievirus A16	local_structural_support	runs/v2_full_test_evidence_regime/structure_panel/esmfold_pdb/YP_001552436.1.pdb
	YP_010104130.1	Rakietenvirinae		479	479	61.867	63.36	24.95	95.54	0.424	0.136				8ej5-assembly1_A	7.825E-41	1.000	490	64.800	6.417E-01	3.963E-01	3.780E-01	3.955E-01	1.023	Staphylococcus phage Andhra	local_structural_support	runs/v2_full_test_evidence_regime/structure_panel/esmfold_pdb/YP_010104130.1.pdb
	YP_010801644.1	Gammaherpesvirinae		551	551	61.805	59.74	27.76	95.89	0.338	0.076				2pbk-assembly1_A	4.131E-33	1.000	227	71.300	7.620E-01	8.847E-01	3.749E-01	8.774E-01	0.412	Human gammaherpesvirus 8	local_structural_support	runs/v2_full_test_evidence_regime/structure_panel/esmfold_pdb/YP_010801644.1.pdb
	YP_009887186.1	Twarogvirinae		605	605	61.76	62.29	20.38	97.09	0.431	0.107				5iv7-assembly1_F	2.401E-08	1.000	302	16.500	4.921E-01	4.362E-01	2.296E-01	3.928E-01	0.499	Tequatrovirus T4	foldseek_only_low_model_confidence	runs/v2_full_test_evidence_regime/structure_panel/esmfold_pdb/YP_009887186.1.pdb
	YP_009703657.1	Asfarviridae		78	78	61.741	61.43	37.57	81.94	0.41	0.0				7a09-assembly1_k	4.848E+00	0.106	35	22.800	5.480E-01	4.807E-01	2.540E-01	1.619E-01	0.449	Homo sapiens	weak_or_inconclusive	runs/v2_full_test_evidence_regime/structure_panel/esmfold_pdb/YP_009703657.1.pdb
	NP_714936.1	Ensavirinae		87	87	61.723	57.84	40.95	87.48	0.31	0.0				8r55-assembly1_M	7.815E+00	0.024	36	22.200	4.296E-01	3.470E-01	1.701E-01	1.425E-01	0.414	Bacillus subtilis	weak_or_inconclusive	runs/v2_full_test_evidence_regime/structure_panel/esmfold_pdb/NP_714936.1.pdb
	YP_009666197.1	Drexlerviridae		133	133	61.712	68.7	29.07	89.98	0.489	0.0				3bd1-assembly1_A-1	3.197E-02	1.000	67	22.300	5.741E-01	7.660E-01	3.952E-01	7.369E-01	0.504	Xylella fastidiosa subsp. sandyi Ann-1	local_structural_support	runs/v2_full_test_evidence_regime/structure_panel/esmfold_pdb/YP_009666197.1.pdb
	YP_009337275.1	Riboviria		311	311	61.679	62.22	32.32	88.19	0.395	0.0				7xpg-assembly1_A	1.872E-07	1.000	414	12.000	3.944E-01	5.561E-01	4.670E-01	3.323E-01	1.331	Lake Sinai virus 1	local_structural_support	runs/v2_full_test_evidence_regime/structure_panel/esmfold_pdb/YP_009337275.1.pdb
	YP_010801358.1	Gammaherpesvirinae		810	810	61.663	66.92	18.92	97.48	0.484	0.102				7otj-assembly1_A	1.994E-10	1.000	759	10.500	4.136E-01	6.851E-01	3.845E-01	6.593E-01	0.937	Candida albicans	local_structural_support	runs/v2_full_test_evidence_regime/structure_panel/esmfold_pdb/YP_010801358.1.pdb
	YP_009237256.1	Fimoviridae		667	667	61.605	62.68	24.61	94.92	0.322	0.04				7v3g-assembly1_A	9.656E-07	1.000	426	10.500	3.893E-01	5.318E-01	3.225E-01	4.084E-01	0.639	Dengue virus 2 Thailand/NGS-C/1944	local_structural_support	runs/v2_full_test_evidence_regime/structure_panel/esmfold_pdb/YP_009237256.1.pdb
	YP_010084468.1	Gammaherpesvirinae		834	834	61.592	61.925	23.36	94.44	0.336	0.044				7kdp-assembly1_A	4.843E-46	1.000	715	30.400	5.671E-01	4.749E-01	3.874E-01	4.737E-01	0.857	Human herpesvirus 5 strain Towne	local_structural_support	runs/v2_full_test_evidence_regime/structure_panel/esmfold_pdb/YP_010084468.1.pdb
	YP_007673772.1	Eurybiavirus		946	946	61.541	59.81	29.8	94.1	0.354	0.027				6e1r-assembly1_B	1.106E-03	1.000	154	14.900	4.373E-01	5.154E-01	9.743E-02	1.598E-01	0.163	Acinetobacter phage vB_ApiP_P1	weak_or_inconclusive	runs/v2_full_test_evidence_regime/structure_panel/esmfold_pdb/YP_007673772.1.pdb
	YP_009333514.1	Riboviria		810	810	61.491	63.435	23.32	93.62	0.449	0.037				2y26-assembly1_A	5.899E-13	1.000	776	7.600	3.945E-01	6.534E-01	4.322E-01	6.511E-01	0.958	Grapevine fanleaf virus	local_structural_support	runs/v2_full_test_evidence_regime/structure_panel/esmfold_pdb/YP_009333514.1.pdb
	YP_011413856.1	Valentinivirus		123	123	61.446	62.54	37.31	80.67	0.309	0.0				8bef-assembly1_K	3.050E+00	0.692	79	11.300	6.862E-01	7.383E-01	4.981E-01	5.924E-01	0.642	Arabidopsis thaliana	weak_or_inconclusive	runs/v2_full_test_evidence_regime/structure_panel/esmfold_pdb/YP_011413856.1.pdb
	NP_065516.1	Gammaherpesvirinae		524	524	61.425	58.35	31.39	97.64	0.344	0.115				2pbk-assembly1_B	2.698E-23	1.000	230	48.200	7.083E-01	8.901E-01	3.976E-01	8.827E-01	0.439	Human gammaherpesvirus 8	local_structural_support	runs/v2_full_test_evidence_regime/structure_panel/esmfold_pdb/NP_065516.1.pdb
	YP_009887168.1	Twarogvirinae		423	423	61.374	61.23	27.11	92.01	0.449	0.012				7vs5-assembly1_hj	1.212E-32	1.000	401	52.300	5.999E-01	6.713E-01	6.231E-01	6.342E-01	0.948	Tequatrovirus T4	local_structural_support	runs/v2_full_test_evidence_regime/structure_panel/esmfold_pdb/YP_009887168.1.pdb
	YP_009388513.1	Gammaherpesvirinae		890	890	61.369	60.095	21.72	94.32	0.303	0.037				7kdp-assembly1_A	1.223E-45	1.000	716	30.300	5.791E-01	5.131E-01	3.897E-01	5.097E-01	0.804	Human herpesvirus 5 strain Towne	local_structural_support	runs/v2_full_test_evidence_regime/structure_panel/esmfold_pdb/YP_009388513.1.pdb
	YP_009815862.1	Coralvirus		146	146	61.347	61.01	40.32	83.19	0.356	0.0				1ijw-assembly1_C	2.366E+00	0.795	47	29.700	6.753E-01	8.201E-01	2.783E-01	7.898E-01	0.322	unclassified	weak_or_inconclusive	runs/v2_full_test_evidence_regime/structure_panel/esmfold_pdb/YP_009815862.1.pdb
	YP_010747285.1	Guernseyvirinae		152	152	61.322	68.09	29.13	91.64	0.487	0.053				2c5d-assembly1_D	3.313E-05	1.000	171	15.700	5.132E-01	4.782E-01	4.726E-01	3.851E-01	1.125	Homo sapiens	local_structural_support	runs/v2_full_test_evidence_regime/structure_panel/esmfold_pdb/YP_010747285.1.pdb
	YP_010801689.1	Gammaherpesvirinae		356	356	61.256	61.97	35.95	80.42	0.138	0.0				8fq9-assembly1_A	7.173E-04	1.000	418	12.900	4.669E-01	6.375E-01	6.345E-01	5.200E-01	1.174	Salmonella enterica subsp. enterica serovar Typhimurium	local_structural_support	runs/v2_full_test_evidence_regime/structure_panel/esmfold_pdb/YP_010801689.1.pdb
	NP_042788.1	Asfarviridae		80	80	61.192	63.65	39.05	76.2	0.138	0.0				8q3k-assembly1_J	3.725E-08	1.000	80	100.000	6.626E-01	6.655E-01	6.589E-01	6.589E-01	1.0	African swine fever virus BA71V	local_structural_support	runs/v2_full_test_evidence_regime/structure_panel/esmfold_pdb/NP_042788.1.pdb
	YP_004010375.1	Twarogvirinae		98	98	61.191	66.59	34.87	81.28	0.459	0.0				3tbi-assembly1_A	6.798E-04	1.000	66	45.400	8.312E-01	9.070E-01	6.188E-01	8.362E-01	0.673	Tequatrovirus T4	local_structural_support	runs/v2_full_test_evidence_regime/structure_panel/esmfold_pdb/YP_004010375.1.pdb
	YP_009882250.1	Twarogvirinae		605	605	61.134	61.64	20.88	96.93	0.42	0.101				5iv5-assembly1_I	5.038E-47	1.000	620	50.600	5.818E-01	2.317E-01	2.303E-01	2.313E-01	1.025	Tequatrovirus T4	foldseek_only_low_model_confidence	runs/v2_full_test_evidence_regime/structure_panel/esmfold_pdb/YP_009882250.1.pdb
	YP_009336873.1	Riboviria		572	572	61.131	58.695	30.04	94.73	0.337	0.059				8s9k-assembly2_B	4.226E-08	1.000	289	14.800	4.718E-01	5.989E-01	2.641E-01	5.204E-01	0.505	Homo sapiens	foldseek_only_low_model_confidence	runs/v2_full_test_evidence_regime/structure_panel/esmfold_pdb/YP_009336873.1.pdb
	YP_010655522.1	Zukovirus		101	101	61.113	64.53	34.36	76.87	0.297	0.0				7ytj-assembly1_C	5.449E+00	0.069	85	21.100	4.873E-01	3.686E-01	2.831E-01	2.810E-01	0.842	Saccharomyces cerevisiae	weak_or_inconclusive	runs/v2_full_test_evidence_regime/structure_panel/esmfold_pdb/YP_010655522.1.pdb
	YP_009336700.1	Riboviria		1741	1741	61.066	63.19	19.99	95.89	0.473	0.16				5tsn-assembly1_A	2.534E-20	1.000	525	18.600	5.941E-01	8.273E-01	2.499E-01	8.164E-01	0.302	Norwalk virus	foldseek_only_low_model_confidence	runs/v2_full_test_evidence_regime/structure_panel/esmfold_pdb/YP_009336700.1.pdb
	YP_007349017.1	Ackermannviridae		602	602	61.063	60.615	21.88	93.35	0.412	0.042				5w6f-assembly1_C	5.072E-04	1.000	550	11.000	3.318E-01	5.440E-01	3.733E-01	3.657E-01	0.914	Kuttervirus CBA120	local_structural_support	runs/v2_full_test_evidence_regime/structure_panel/esmfold_pdb/YP_007349017.1.pdb
	YP_009333521.1	Riboviria		884	884	61.044	58.755	22.66	94.55	0.423	0.115				4v5t-assembly1_AA	2.024E-12	1.000	811	8.200	3.730E-01	6.660E-01	4.066E-01	6.593E-01	0.917	Grapevine fanleaf virus	local_structural_support	runs/v2_full_test_evidence_regime/structure_panel/esmfold_pdb/YP_009333521.1.pdb
	YP_009222491.1	Gordtnkvirus		108	108	61.032	61.035	39.38	81.63	0.352	0.0				3vuy-assembly3_E	4.217E+00	0.233	32	18.700	7.010E-01	7.200E-01	2.397E-01	6.735E-01	0.296	Homo sapiens	weak_or_inconclusive	runs/v2_full_test_evidence_regime/structure_panel/esmfold_pdb/YP_009222491.1.pdb
	YP_010085918.1	Gammaherpesvirinae		776	776	60.939	66.595	19.1	96.25	0.474	0.113				5o6b-assembly1_B	1.839E-13	1.000	743	11.900	3.870E-01	5.645E-01	3.895E-01	5.615E-01	0.957	Saccharomyces cerevisiae S288C	local_structural_support	runs/v2_full_test_evidence_regime/structure_panel/esmfold_pdb/YP_010085918.1.pdb
	YP_009337094.1	Riboviria		314	314	60.924	64.975	30.89	85.11	0.36	0.0				2df7-assembly1_D	1.661E-04	1.000	424	8.700	4.831E-01	6.232E-01	5.070E-01	3.970E-01	1.35	Infectious bursal disease virus	local_structural_support	runs/v2_full_test_evidence_regime/structure_panel/esmfold_pdb/YP_009337094.1.pdb
	YP_001491533.1	Rakietenvirinae		378	378	60.885	61.53	24.01	95.61	0.429	0.161				7jq6-assembly1_A	5.308E-08	1.000	318	15.700	5.050E-01	5.604E-01	4.196E-01	4.310E-01	0.841	Lactococcus phage asccphi28	local_structural_support	runs/v2_full_test_evidence_regime/structure_panel/esmfold_pdb/YP_001491533.1.pdb
	YP_009004299.1	Rakietenvirinae		415	415	60.819	60.18	25.04	96.46	0.383	0.101				7jq6-assembly1_A	1.142E-07	1.000	306	15.300	4.712E-01	6.117E-01	3.969E-01	4.442E-01	0.737	Lactococcus phage asccphi28	local_structural_support	runs/v2_full_test_evidence_regime/structure_panel/esmfold_pdb/YP_009004299.1.pdb
	NP_076500.1	Gammaherpesvirinae		874	874	60.763	59.485	24.28	93.77	0.317	0.025				8vyn-assembly1_C	4.692E-37	1.000	598	28.200	6.130E-01	6.305E-01	4.033E-01	6.195E-01	0.684	Human betaherpesvirus 5	local_structural_support	runs/v2_full_test_evidence_regime/structure_panel/esmfold_pdb/NP_076500.1.pdb
	YP_007673760.1	Eurybiavirus		139	139	60.739	61.76	34.83	85.08	0.374	0.0				3txq-assembly1_I	4.962E-02	1.000	76	23.600	7.898E-01	9.223E-01	5.007E-01	7.823E-01	0.547	Biquartavirus 44RR2	local_structural_support	runs/v2_full_test_evidence_regime/structure_panel/esmfold_pdb/YP_007673760.1.pdb
	YP_010749595.1	Guernseyvirinae		174	174	60.715	54.86	35.24	87.47	0.351	0.0				3p9a-assembly1_G	1.547E+00	0.442	107	20.500	4.998E-01	5.463E-01	3.684E-01	4.513E-01	0.615	Lederbergvirus P22	weak_or_inconclusive	runs/v2_full_test_evidence_regime/structure_panel/esmfold_pdb/YP_010749595.1.pdb
	YP_010114567.1	Immutovirus		378	378	60.695	62.135	26.9	92.57	0.378	0.042				7mq9-assembly1_SR	5.861E-02	0.991	95	13.600	5.178E-01	6.335E-01	1.708E-01	5.058E-01	0.251	Homo sapiens	foldseek_only_low_model_confidence	runs/v2_full_test_evidence_regime/structure_panel/esmfold_pdb/YP_010114567.1.pdb
	YP_009333452.1	Riboviria		1786	1786	60.574	68.78	18.41	96.09	0.49	0.183				2ijd-assembly1_1	3.225E-22	1.000	805	13.500	5.090E-01	6.407E-01	2.509E-01	6.348E-01	0.451	Human poliovirus 1 Mahoney	foldseek_only_low_model_confidence	runs/v2_full_test_evidence_regime/structure_panel/esmfold_pdb/YP_009333452.1.pdb
	YP_010681643.1	Heleneionescovirinae		138	138	60.523	59.625	28.13	88.01	0.391	0.0				7vim-assembly1_B-2	6.056E-01	0.991	63	20.600	6.349E-01	8.875E-01	4.230E-01	8.278E-01	0.457	Edwardsiella piscicida	local_structural_support	runs/v2_full_test_evidence_regime/structure_panel/esmfold_pdb/YP_010681643.1.pdb
	YP_009302748.1	Slopekvirinae		1232	1232	60.511	65.125	25.13	95.92	0.418	0.027				8vb2-assembly1_A	3.962E-19	1.000	1248	19.900	4.179E-01	2.797E-01	2.439E-01	2.692E-01	1.013	Pectobacterium phage PhiM1	foldseek_only_low_model_confidence	runs/v2_full_test_evidence_regime/structure_panel/esmfold_pdb/YP_009302748.1.pdb
	YP_009333601.1	Riboviria		836	836	60.5	65.11	22.12	89.44	0.463	0.0				2y26-assembly1_A	1.839E-16	1.000	780	9.700	4.119E-01	7.406E-01	4.714E-01	7.354E-01	0.933	Grapevine fanleaf virus	local_structural_support	runs/v2_full_test_evidence_regime/structure_panel/esmfold_pdb/YP_009333601.1.pdb
	YP_010080449.1	Agmunavirus		65	65	60.474	60.01	46.44	76.81	0.138	0.0																runs/v2_full_test_evidence_regime/structure_panel/esmfold_pdb/YP_010080449.1.pdb
	YP_010653453.1	Attisvirus		126	126	60.45	60.475	40.25	80.79	0.119	0.0				8qae-assembly2_C-2	4.186E+00	0.411	98	11.200	6.108E-01	7.492E-01	5.516E-01	6.844E-01	0.778	synthetic construct	weak_or_inconclusive	runs/v2_full_test_evidence_regime/structure_panel/esmfold_pdb/YP_010653453.1.pdb
	YP_008767172.1	Guernseyvirinae		168	168	60.41	55.41	33.79	86.61	0.345	0.0				3p9a-assembly1_G	5.504E-01	0.632	105	20.000	4.910E-01	5.348E-01	3.632E-01	4.345E-01	0.625	Lederbergvirus P22	weak_or_inconclusive	runs/v2_full_test_evidence_regime/structure_panel/esmfold_pdb/YP_008767172.1.pdb
	YP_010748188.1	Guernseyvirinae		168	168	60.349	55.18	34.32	85.7	0.327	0.0				3p9a-assembly1_G	1.207E+00	0.505	109	18.300	4.687E-01	5.326E-01	3.617E-01	4.321E-01	0.649	Lederbergvirus P22	weak_or_inconclusive	runs/v2_full_test_evidence_regime/structure_panel/esmfold_pdb/YP_010748188.1.pdb
	YP_010796086.1	Gammaherpesvirinae		865	865	60.329	59.34	23.84	93.32	0.312	0.016				6z9m-assembly1_B	1.063E-31	1.000	646	27.300	5.789E-01	5.773E-01	4.260E-01	5.668E-01	0.747	Human alphaherpesvirus 1	local_structural_support	runs/v2_full_test_evidence_regime/structure_panel/esmfold_pdb/YP_010796086.1.pdb
	YP_009342327.1	Riboviria		1830	1830	60.316	64.255	21.62	96.08	0.473	0.169				2ijd-assembly1_1	2.426E-26	1.000	783	16.600	5.293E-01	6.556E-01	2.488E-01	6.528E-01	0.428	Human poliovirus 1 Mahoney	foldseek_only_low_model_confidence	runs/v2_full_test_evidence_regime/structure_panel/esmfold_pdb/YP_009342327.1.pdb
	YP_009223939.1	Gordtnkvirus		132	132	60.248	55.23	35.7	82.36	0.295	0.0				2mi2-assembly1_A	6.324E+00	0.040	111	13.500	6.232E-01	2.609E-01	2.125E-01	2.568E-01	0.841	Escherichia coli	weak_or_inconclusive	runs/v2_full_test_evidence_regime/structure_panel/esmfold_pdb/YP_009223939.1.pdb
	YP_009336708.1	Riboviria		943	943	60.232	57.05	23.61	95.46	0.41	0.136				4v5t-assembly1_AA	2.154E-15	1.000	764	8.300	3.772E-01	6.547E-01	3.787E-01	6.518E-01	0.81	Grapevine fanleaf virus	local_structural_support	runs/v2_full_test_evidence_regime/structure_panel/esmfold_pdb/YP_009336708.1.pdb
	YP_009345132.1	Riboviria		461	461	60.192	55.47	25.28	95.88	0.39	0.152				2tbv-assembly1_C	1.310E-09	1.000	388	14.600	5.061E-01	6.269E-01	4.218E-01	5.795E-01	0.842	Tomato bushy stunt virus	local_structural_support	runs/v2_full_test_evidence_regime/structure_panel/esmfold_pdb/YP_009345132.1.pdb
	YP_009798827.1	Ackermannviridae		85	85	60.154	62.61	42.37	71.9	0.118	0.0				7uio-assembly1_Bg	7.722E+00	0.090	80	21.200	6.141E-01	4.452E-01	3.947E-01	2.143E-01	0.941	Saccharomyces cerevisiae S288C	weak_or_inconclusive	runs/v2_full_test_evidence_regime/structure_panel/esmfold_pdb/YP_009798827.1.pdb
	YP_010749145.1	Guernseyvirinae		169	169	60.151	54.55	34.13	87.35	0.349	0.0				3p9a-assembly1_G	4.045E+00	0.179	122	18.800	4.818E-01	4.992E-01	3.735E-01	4.467E-01	0.722	Lederbergvirus P22	weak_or_inconclusive	runs/v2_full_test_evidence_regime/structure_panel/esmfold_pdb/YP_010749145.1.pdb
	YP_010012601.1	Lclasvirinae		274	274	60.087	51.95	29.28	97.68	0.412	0.182				8yzs-assembly3_C	1.785E+00	0.076	105	19.000	4.162E-01	2.537E-01	1.407E-01	2.353E-01	0.383	Homo sapiens	weak_or_inconclusive	runs/v2_full_test_evidence_regime/structure_panel/esmfold_pdb/YP_010012601.1.pdb
	YP_010742883.1	Stanbaylleyvirinae		81	81	59.984	61.87	32.86	82.57	0.37	0.0				4gv4-assembly1_A	2.849E+00	0.098	66	7.500	4.282E-01	3.706E-01	2.704E-01	7.107E-02	0.815	Homo sapiens	weak_or_inconclusive	runs/v2_full_test_evidence_regime/structure_panel/esmfold_pdb/YP_010742883.1.pdb
	YP_010746033.1	Guernseyvirinae		152	152	59.98	66.015	28.5	91.71	0.48	0.046				1rhf-assembly2_B	1.833E-04	1.000	168	16.600	5.158E-01	4.789E-01	4.731E-01	4.139E-01	1.105	Homo sapiens	local_structural_support	runs/v2_full_test_evidence_regime/structure_panel/esmfold_pdb/YP_010746033.1.pdb
	YP_007002900.1	Slopekvirinae		1368	1368	59.792	65.905	19.34	96.8	0.429	0.032				8vb2-assembly1_A	1.858E-21	1.000	1377	18.500	4.138E-01	2.814E-01	2.271E-01	2.760E-01	1.007	Pectobacterium phage PhiM1	foldseek_only_low_model_confidence	runs/v2_full_test_evidence_regime/structure_panel/esmfold_pdb/YP_007002900.1.pdb
	YP_009815853.1	Coralvirus		115	115	59.731	61.79	45.51	72.09	0.035	0.0				7pru-assembly1_B	7.964E+00	0.126	82	21.900	5.600E-01	5.305E-01	3.819E-01	9.902E-02	0.713	Thermochaetoides thermophila DSM 1495	weak_or_inconclusive	runs/v2_full_test_evidence_regime/structure_panel/esmfold_pdb/YP_009815853.1.pdb
	YP_010667508.1	Menderavirus		327	327	59.727	55.98	24.03	97.97	0.388	0.138				8rk3-assembly1_S	3.277E-05	1.000	368	12.700	3.870E-01	5.652E-01	5.305E-01	5.621E-01	1.125	Pseudomonas phage JBD30	local_structural_support	runs/v2_full_test_evidence_regime/structure_panel/esmfold_pdb/YP_010667508.1.pdb
	YP_009608625.1	Guernseyvirinae		168	168	59.644	53.98	34.23	85.1	0.321	0.0				3p9a-assembly1_G	8.930E-01	0.632	106	18.800	4.864E-01	5.446E-01	3.727E-01	4.446E-01	0.631	Lederbergvirus P22	weak_or_inconclusive	runs/v2_full_test_evidence_regime/structure_panel/esmfold_pdb/YP_009608625.1.pdb
	YP_009337363.1	Riboviria		922	922	59.626	55.375	21.78	95.1	0.414	0.119				2y26-assembly1_A	7.625E-17	1.000	793	8.800	4.351E-01	7.333E-01	4.244E-01	7.255E-01	0.86	Grapevine fanleaf virus	local_structural_support	runs/v2_full_test_evidence_regime/structure_panel/esmfold_pdb/YP_009337363.1.pdb
	YP_010746132.1	Guernseyvirinae		168	168	59.52	53.87	33.98	85.01	0.321	0.0				3p9a-assembly1_G	2.216E+00	0.411	106	18.800	4.833E-01	5.466E-01	3.712E-01	4.464E-01	0.631	Lederbergvirus P22	weak_or_inconclusive	runs/v2_full_test_evidence_regime/structure_panel/esmfold_pdb/YP_010746132.1.pdb
	YP_008433355.1	Baikalvirus		131	131	59.518	55.95	42.05	86.27	0.168	0.0				8ssg-assembly1_A-2	3.604E+00	0.150	66	13.600	5.190E-01	5.601E-01	3.284E-01	2.621E-01	0.504	Hydrogenobacter thermophilus TK-6	weak_or_inconclusive	runs/v2_full_test_evidence_regime/structure_panel/esmfold_pdb/YP_008433355.1.pdb
	YP_009621505.1	Ounavirinae		115	115	59.49	57.21	43.22	81.28	0.157	0.0																runs/v2_full_test_evidence_regime/structure_panel/esmfold_pdb/YP_009621505.1.pdb
	YP_009187901.1	Sepvirinae		247	247	59.487	57.83	36.72	89.9	0.267	0.0				3jag-assembly1_h	7.977E+00	0.057	100	15.000	4.999E-01	3.668E-01	1.522E-01	2.719E-01	0.405	Oryctolagus cuniculus	weak_or_inconclusive	runs/v2_full_test_evidence_regime/structure_panel/esmfold_pdb/YP_009187901.1.pdb
	YP_009336785.1	Riboviria		454	454	59.43	54.935	22.78	97.48	0.46	0.291				6mrl-assembly1_D	6.827E-14	1.000	387	19.600	5.316E-01	5.738E-01	3.952E-01	5.334E-01	0.852	Cucumber leaf spot virus	local_structural_support	runs/v2_full_test_evidence_regime/structure_panel/esmfold_pdb/YP_009336785.1.pdb
	YP_009035138.1	Guernseyvirinae		168	168	59.41	54.53	34.66	85.44	0.339	0.0				3p9a-assembly1_G	1.042E+00	0.505	109	18.300	4.679E-01	5.333E-01	3.613E-01	4.318E-01	0.649	Lederbergvirus P22	weak_or_inconclusive	runs/v2_full_test_evidence_regime/structure_panel/esmfold_pdb/YP_009035138.1.pdb
	YP_010747934.1	Guernseyvirinae		168	168	59.388	54.895	35.31	84.75	0.333	0.0				3p9a-assembly1_G	1.226E+00	0.537	105	20.000	4.757E-01	5.348E-01	3.625E-01	4.323E-01	0.625	Lederbergvirus P22	weak_or_inconclusive	runs/v2_full_test_evidence_regime/structure_panel/esmfold_pdb/YP_010747934.1.pdb
	YP_009336701.1	Riboviria		818	818	59.311	60.71	21.81	90.88	0.434	0.005				4v5t-assembly1_AA	3.422E-14	1.000	820	8.000	3.890E-01	6.755E-01	4.395E-01	6.720E-01	1.002	Grapevine fanleaf virus	local_structural_support	runs/v2_full_test_evidence_regime/structure_panel/esmfold_pdb/YP_009336701.1.pdb
	YP_009854053.1	Ackermannviridae		1079	1079	59.265	64.78	21.11	93.34	0.45	0.04				7eea-assembly1_A	1.391E-07	1.000	796	11.300	3.822E-01	4.159E-01	2.644E-01	4.099E-01	0.738	unidentified	foldseek_only_low_model_confidence	runs/v2_full_test_evidence_regime/structure_panel/esmfold_pdb/YP_009854053.1.pdb
	YP_009300989.1	Montyvirus		79	79	59.239	55.87	40.96	83.14	0.253	0.0				6ok1-assembly1_D	4.587E+00	0.045	23	26.000	4.008E-01	4.288E-01	1.540E-01	1.048E-01	0.291	Thermomonospora curvata DSM 43183	weak_or_inconclusive	runs/v2_full_test_evidence_regime/structure_panel/esmfold_pdb/YP_009300989.1.pdb
	YP_010109432.1	Luchadorvirus		57	57	59.176	62.96	30.61	77.47	0.281	0.0				2xcr-assembly2_S	3.188E+00	0.214	43	9.300	5.426E-01	6.118E-01	4.712E-01	4.853E-02	0.754	Staphylococcus aureus	weak_or_inconclusive	runs/v2_full_test_evidence_regime/structure_panel/esmfold_pdb/YP_010109432.1.pdb
	YP_010012473.1	Lclasvirinae		273	273	59.174	50.7	28.18	97.7	0.41	0.205				8yzs-assembly4_D	9.458E-01	0.126	95	21.000	4.260E-01	2.770E-01	1.441E-01	2.521E-01	0.348	Homo sapiens	weak_or_inconclusive	runs/v2_full_test_evidence_regime/structure_panel/esmfold_pdb/YP_010012473.1.pdb
	YP_009237263.1	Fimoviridae		623	623	59.156	59.66	26.67	93.19	0.294	0.016				7a4a-assembly1_A	2.162E-10	1.000	450	10.800	4.260E-01	4.563E-01	3.047E-01	3.965E-01	0.722	Ancylostoma ceylanicum	local_structural_support	runs/v2_full_test_evidence_regime/structure_panel/esmfold_pdb/YP_009237263.1.pdb
	YP_010747412.1	Guernseyvirinae		220	220	59.141	59.94	27.61	89.8	0.377	0.0				2xc1-assembly1_A	3.435E-13	1.000	222	68.900	5.157E-01	4.328E-01	4.277E-01	1.711E-01	1.009	Lederbergvirus P22	local_structural_support	runs/v2_full_test_evidence_regime/structure_panel/esmfold_pdb/YP_010747412.1.pdb
	YP_010085069.1	Peribunyaviridae		232	232	58.937	57.185	24.64	90.0	0.397	0.004				4j1j-assembly1_D	6.800E-17	1.000	230	50.800	6.134E-01	5.410E-01	5.344E-01	5.389E-01	0.991	Leanyer virus	local_structural_support	runs/v2_full_test_evidence_regime/structure_panel/esmfold_pdb/YP_010085069.1.pdb
	NP_570774.1	Gammaherpesvirinae		327	327	58.876	56.3	25.21	92.45	0.379	0.021				6m5v-assembly1_A	1.741E-09	1.000	297	26.200	5.625E-01	5.710E-01	4.930E-01	2.948E-01	0.908	Human alphaherpesvirus 1 strain 17	local_structural_support	runs/v2_full_test_evidence_regime/structure_panel/esmfold_pdb/NP_570774.1.pdb
	YP_009874055.1	Rhodovirinae		686	686	58.741	56.945	23.33	92.22	0.399	0.006				4fet-assembly2_A	1.890E-02	1.000	114	26.300	5.530E-01	8.624E-01	1.402E-01	7.237E-01	0.166	Bacillus anthracis	weak_or_inconclusive	runs/v2_full_test_evidence_regime/structure_panel/esmfold_pdb/YP_009874055.1.pdb
	YP_009902823.1	Drexlerviridae		71	71	58.64	58.93	39.05	74.15	0.127	0.0				6cb1-assembly1_n	6.859E+00	0.214	25	20.000	8.587E-01	9.554E-01	3.464E-01	7.301E-02	0.352	Saccharomyces cerevisiae BY4741	weak_or_inconclusive	runs/v2_full_test_evidence_regime/structure_panel/esmfold_pdb/YP_009902823.1.pdb
	YP_009336582.1	Riboviria		865	865	58.631	56.42	21.68	91.06	0.399	0.006				4v5t-assembly1_AA	2.204E-16	1.000	787	7.700	3.855E-01	6.832E-01	4.275E-01	6.809E-01	0.91	Grapevine fanleaf virus	local_structural_support	runs/v2_full_test_evidence_regime/structure_panel/esmfold_pdb/YP_009336582.1.pdb
	YP_009820990.1	Slopekvirinae		83	83	58.604	56.65	35.77	79.02	0.265	0.0																runs/v2_full_test_evidence_regime/structure_panel/esmfold_pdb/YP_009820990.1.pdb
	YP_009836936.1	Marfavirus		217	217	58.538	53.43	25.39	95.65	0.355	0.171				1pdf-assembly1_B	4.059E-12	1.000	206	33.000	5.633E-01	5.241E-01	4.887E-01	5.080E-01	0.949	Tequatrovirus T4	local_structural_support	runs/v2_full_test_evidence_regime/structure_panel/esmfold_pdb/YP_009836936.1.pdb
	YP_009351903.1	Polyomaviridae		66	66	58.524	58.595	39.0	75.08	0.182	0.0																runs/v2_full_test_evidence_regime/structure_panel/esmfold_pdb/YP_009351903.1.pdb
	YP_009796972.1	Drexlerviridae		71	71	58.501	59.59	39.13	73.56	0.127	0.0				7uqz-assembly1_n	9.690E+00	0.164	25	20.000	8.726E-01	9.823E-01	3.482E-01	6.758E-02	0.352	Saccharomyces cerevisiae BY4741	weak_or_inconclusive	runs/v2_full_test_evidence_regime/structure_panel/esmfold_pdb/YP_009796972.1.pdb
	YP_009333440.1	Riboviria		971	971	58.485	56.74	23.35	90.86	0.407	0.007				4v5t-assembly1_AA	7.339E-17	1.000	819	8.000	3.950E-01	7.037E-01	3.910E-01	7.000E-01	0.843	Grapevine fanleaf virus	local_structural_support	runs/v2_full_test_evidence_regime/structure_panel/esmfold_pdb/YP_009333440.1.pdb
	YP_009333251.1	Riboviria		792	792	58.393	52.47	16.65	97.82	0.385	0.208				8asb-assembly1_A	3.457E-06	1.000	814	12.000	3.494E-01	4.874E-01	4.173E-01	2.140E-01	1.028	SFTS virus AH12	local_structural_support	runs/v2_full_test_evidence_regime/structure_panel/esmfold_pdb/YP_009333251.1.pdb
	YP_009881537.1	Twarogvirinae		605	605	58.382	57.29	20.59	94.27	0.374	0.055				5iv5-assembly1_I	7.507E-46	1.000	623	48.900	5.683E-01	2.313E-01	2.299E-01	2.309E-01	1.03	Tequatrovirus T4	foldseek_only_low_model_confidence	runs/v2_full_test_evidence_regime/structure_panel/esmfold_pdb/YP_009881537.1.pdb
	YP_010653543.1	Attisvirus		67	67	58.358	56.59	45.97	76.68	0.179	0.0																runs/v2_full_test_evidence_regime/structure_panel/esmfold_pdb/YP_010653543.1.pdb
	YP_009808746.1	Drexlerviridae		71	71	58.325	59.96	39.74	73.45	0.07	0.0				3dc6-assembly1_C	3.587E+00	0.254	23	26.000	8.011E-01	7.883E-01	3.050E-01	1.133E-01	0.324	Caenorhabditis elegans	weak_or_inconclusive	runs/v2_full_test_evidence_regime/structure_panel/esmfold_pdb/YP_009808746.1.pdb
	YP_009336490.1	Riboviria		227	227	58.324	59.87	29.76	85.32	0.282	0.0				1f2n-assembly1_A	3.783E-08	1.000	224	11.600	5.519E-01	6.776E-01	5.652E-01	6.617E-01	0.987	Rice yellow mottle virus	local_structural_support	runs/v2_full_test_evidence_regime/structure_panel/esmfold_pdb/YP_009336490.1.pdb
	YP_009167705.1	Slopekvirinae		82	82	58.314	54.55	37.12	78.09	0.22	0.0																runs/v2_full_test_evidence_regime/structure_panel/esmfold_pdb/YP_009167705.1.pdb
	YP_010749322.1	Guernseyvirinae		170	170	58.314	53.445	35.55	85.47	0.312	0.0				4dzp-assembly1_B	3.206E+00	0.326	102	16.600	4.973E-01	6.274E-01	3.245E-01	4.139E-01	0.6	Lederbergvirus Sf6	weak_or_inconclusive	runs/v2_full_test_evidence_regime/structure_panel/esmfold_pdb/YP_010749322.1.pdb
	YP_004207848.1	Gammaherpesvirinae		839	839	58.296	55.88	25.51	93.42	0.269	0.015				8vyn-assembly1_C	1.758E-35	1.000	591	28.200	6.024E-01	5.663E-01	3.853E-01	5.577E-01	0.704	Human betaherpesvirus 5	local_structural_support	runs/v2_full_test_evidence_regime/structure_panel/esmfold_pdb/YP_004207848.1.pdb
	YP_009702353.1	Asfarviridae		1133	1133	58.249	55.19	19.89	96.63	0.394	0.092				7amv-assembly1_W	8.905E-20	1.000	863	13.200	4.332E-01	5.713E-01	3.353E-01	5.632E-01	0.762	Vaccinia virus GLV-1h68	local_structural_support	runs/v2_full_test_evidence_regime/structure_panel/esmfold_pdb/YP_009702353.1.pdb
	YP_009223935.1	Gordtnkvirus		148	148	58.241	60.195	33.89	84.78	0.243	0.0				2wb5-assembly1_A	2.745E+00	0.473	82	15.800	5.425E-01	6.394E-01	3.452E-01	1.044E-01	0.554	Clostridium perfringens	weak_or_inconclusive	runs/v2_full_test_evidence_regime/structure_panel/esmfold_pdb/YP_009223935.1.pdb
	YP_009336975.1	Riboviria		951	951	58.211	58.26	20.31	91.17	0.442	0.006				2y26-assembly1_A	8.782E-15	1.000	861	7.400	4.102E-01	6.903E-01	3.920E-01	6.855E-01	0.905	Grapevine fanleaf virus	local_structural_support	runs/v2_full_test_evidence_regime/structure_panel/esmfold_pdb/YP_009336975.1.pdb
	YP_009837051.1	Montyvirus		170	170	58.142	52.29	29.15	91.21	0.359	0.018				4h9d-assembly1_B	3.643E-03	1.000	76	25.000	5.472E-01	6.879E-01	3.203E-01	5.523E-01	0.447	Geobacter metallireducens GS-15	local_structural_support	runs/v2_full_test_evidence_regime/structure_panel/esmfold_pdb/YP_009837051.1.pdb
	YP_009145702.1	Ounavirinae		285	285	58.126	58.89	26.36	93.88	0.407	0.053				7yfz-assembly1_S	1.830E-04	1.000	211	16.500	5.837E-01	6.191E-01	3.933E-01	4.556E-01	0.74	uncultured cyanophage	local_structural_support	runs/v2_full_test_evidence_regime/structure_panel/esmfold_pdb/YP_009145702.1.pdb
	YP_008239620.1	Guernseyvirinae		99	99	58.037	59.43	38.04	67.25	0.0	0.0				5wd9-assembly1_A	1.619E+00	0.353	94	14.800	5.989E-01	4.693E-01	4.104E-01	4.604E-01	0.949	Legionella pneumophila subsp. pneumophila ATCC 43290	weak_or_inconclusive	runs/v2_full_test_evidence_regime/structure_panel/esmfold_pdb/YP_008239620.1.pdb
	NP_714934.1	Ensavirinae		99	99	57.94	58.02	39.97	69.95	0.0	0.0				9avs-assembly1_C	8.334E+00	0.063	76	11.800	4.582E-01	4.578E-01	3.600E-01	4.305E-01	0.768	Homo sapiens	weak_or_inconclusive	runs/v2_full_test_evidence_regime/structure_panel/esmfold_pdb/NP_714934.1.pdb
	YP_009028564.1	Ensavirinae		2182	2182	57.882	61.915	19.07	92.55	0.396	0.016				2ijd-assembly1_1	8.623E-67	1.000	645	73.400	6.699E-01	7.077E-01	2.271E-01	7.067E-01	0.296	Human poliovirus 1 Mahoney	foldseek_only_low_model_confidence	runs/v2_full_test_evidence_regime/structure_panel/esmfold_pdb/YP_009028564.1.pdb
	YP_010680959.1	Joanripponvirinae		145	145	57.845	66.79	23.52	81.18	0.393	0.0				3kn4-assembly1_A	8.029E-01	0.277	76	13.100	3.802E-01	5.281E-01	2.732E-01	7.855E-02	0.524	Arthrobacter globiformis	weak_or_inconclusive	runs/v2_full_test_evidence_regime/structure_panel/esmfold_pdb/YP_010680959.1.pdb
	YP_010103046.1	Frickvirinae		390	390	57.776	51.475	26.11	97.67	0.341	0.092				9d93-assembly1_Pc	2.037E-06	1.000	351	11.900	4.418E-01	4.510E-01	3.640E-01	2.459E-01	0.9	Mycobacterium phage Bxb1	local_structural_support	runs/v2_full_test_evidence_regime/structure_panel/esmfold_pdb/YP_010103046.1.pdb
	YP_009336648.1	Riboviria		1492	1492	57.734	59.335	20.23	97.79	0.414	0.111				6gvy-assembly1_A	8.330E-22	1.000	528	17.000	6.014E-01	8.495E-01	2.821E-01	8.412E-01	0.354	Foot and mouth disease virus C	foldseek_only_low_model_confidence	runs/v2_full_test_evidence_regime/structure_panel/esmfold_pdb/YP_009336648.1.pdb
	YP_010653460.1	Attisvirus		168	168	57.609	56.68	36.64	76.57	0.185	0.0				7rec-assembly1_E-2	2.352E-01	0.872	47	12.700	3.954E-01	7.957E-01	2.315E-01	3.052E-01	0.28	Homo sapiens	weak_or_inconclusive	runs/v2_full_test_evidence_regime/structure_panel/esmfold_pdb/YP_010653460.1.pdb
	YP_010110089.1	Frickvirinae		120	120	57.592	59.245	34.19	71.6	0.042	0.0				6q0x-assembly1_A	1.536E+00	0.442	118	9.300	6.385E-01	4.970E-01	4.774E-01	1.707E-01	0.983	Saccharomyces cerevisiae W303	weak_or_inconclusive	runs/v2_full_test_evidence_regime/structure_panel/esmfold_pdb/YP_010110089.1.pdb
	YP_004327590.1	Fimoviridae		645	645	57.553	59.66	22.69	95.52	0.267	0.029				7a4a-assembly1_A	2.387E-11	1.000	451	10.600	4.511E-01	4.752E-01	3.052E-01	4.127E-01	0.699	Ancylostoma ceylanicum	local_structural_support	runs/v2_full_test_evidence_regime/structure_panel/esmfold_pdb/YP_004327590.1.pdb
	YP_009330025.1	Riboviria		895	895	57.473	52.64	22.06	89.88	0.403	0.0				4v5t-assembly1_AA	3.287E-14	1.000	851	7.600	4.055E-01	7.056E-01	4.210E-01	7.008E-01	0.951	Grapevine fanleaf virus	local_structural_support	runs/v2_full_test_evidence_regime/structure_panel/esmfold_pdb/YP_009330025.1.pdb
	YP_009337720.1	Riboviria		1855	1855	57.423	54.61	17.47	97.32	0.43	0.171				1khw-assembly2_B	2.669E-17	1.000	540	16.200	5.742E-01	8.180E-01	2.262E-01	7.918E-01	0.291	Rabbit hemorrhagic disease virus	foldseek_only_low_model_confidence	runs/v2_full_test_evidence_regime/structure_panel/esmfold_pdb/YP_009337720.1.pdb
	YP_009336584.1	Riboviria		825	825	57.298	54.37	21.27	93.46	0.406	0.051				4v5t-assembly1_AA	5.975E-11	1.000	814	6.500	4.152E-01	7.252E-01	4.301E-01	6.680E-01	0.987	Grapevine fanleaf virus	local_structural_support	runs/v2_full_test_evidence_regime/structure_panel/esmfold_pdb/YP_009336584.1.pdb
	YP_010840590.1	Fimoviridae		651	651	57.255	58.32	23.58	95.6	0.253	0.029				8cxg-assembly1_B	2.078E-08	1.000	406	11.000	4.201E-01	5.700E-01	3.482E-01	4.366E-01	0.624	Zika virus	local_structural_support	runs/v2_full_test_evidence_regime/structure_panel/esmfold_pdb/YP_010840590.1.pdb
	YP_009177309.1	Ounavirinae		285	285	57.233	55.13	22.89	93.84	0.379	0.053				7yfz-assembly1_S	1.603E-04	1.000	205	16.000	5.833E-01	6.665E-01	4.111E-01	4.785E-01	0.719	uncultured cyanophage	local_structural_support	runs/v2_full_test_evidence_regime/structure_panel/esmfold_pdb/YP_009177309.1.pdb
	YP_009606609.1	Ounavirinae		285	285	57.233	55.13	22.89	93.84	0.379	0.053				7yfz-assembly1_S	1.603E-04	1.000	205	16.000	5.833E-01	6.665E-01	4.111E-01	4.785E-01	0.719	uncultured cyanophage	local_structural_support	runs/v2_full_test_evidence_regime/structure_panel/esmfold_pdb/YP_009606609.1.pdb
	YP_004207870.1	Gammaherpesvirinae		314	314	57.196	54.03	24.38	96.17	0.277	0.086				6m5v-assembly1_A	1.971E-07	1.000	254	24.400	5.502E-01	6.616E-01	4.766E-01	2.726E-01	0.809	Human alphaherpesvirus 1 strain 17	local_structural_support	runs/v2_full_test_evidence_regime/structure_panel/esmfold_pdb/YP_004207870.1.pdb
	YP_009268865.1	Fimoviridae		649	649	57.183	55.55	23.71	95.12	0.28	0.046				7a59-assembly1_A	4.727E-11	1.000	472	13.500	4.621E-01	4.625E-01	2.924E-01	3.561E-01	0.727	Crimean-Congo hemorrhagic fever virus strain IbAr10200	foldseek_only_low_model_confidence	runs/v2_full_test_evidence_regime/structure_panel/esmfold_pdb/YP_009268865.1.pdb
	YP_009618595.1	Ounavirinae		285	285	57.128	54.05	23.08	94.43	0.372	0.049				7kh1-assembly1_A2	3.932E-04	1.000	180	15.000	5.527E-01	6.311E-01	3.773E-01	5.770E-01	0.632	Vibrio phage XM1	local_structural_support	runs/v2_full_test_evidence_regime/structure_panel/esmfold_pdb/YP_009618595.1.pdb
	YP_009243645.1	Ensavirinae		2166	2166	57.119	60.665	17.62	92.47	0.384	0.009				2ijd-assembly1_1	1.083E-70	1.000	644	65.200	7.331E-01	7.238E-01	2.253E-01	7.227E-01	0.297	Human poliovirus 1 Mahoney	foldseek_only_low_model_confidence	runs/v2_full_test_evidence_regime/structure_panel/esmfold_pdb/YP_009243645.1.pdb
	YP_009336744.1	Riboviria		951	951	57.117	50.62	20.77	91.83	0.391	0.021				1a6c-assembly1_A	2.230E-13	1.000	800	8.300	3.816E-01	6.596E-01	3.843E-01	6.542E-01	0.841	Tobacco ringspot virus	local_structural_support	runs/v2_full_test_evidence_regime/structure_panel/esmfold_pdb/YP_009336744.1.pdb
	YP_009612736.1	Ounavirinae		285	285	57.087	56.04	25.64	93.79	0.372	0.049				7yfz-assembly1_S	1.683E-04	1.000	226	14.100	5.587E-01	5.541E-01	3.831E-01	4.433E-01	0.793	uncultured cyanophage	local_structural_support	runs/v2_full_test_evidence_regime/structure_panel/esmfold_pdb/YP_009612736.1.pdb
	YP_764512.1	Geminiviridae		116	116	57.025	60.38	27.59	81.78	0.31	0.0				7jm3-assembly1_C	9.445E-01	0.411	87	14.900	4.874E-01	5.618E-01	4.145E-01	2.193E-01	0.75	Influenza A virus (A/Puerto Rico/8/1934(H1N1))	weak_or_inconclusive	runs/v2_full_test_evidence_regime/structure_panel/esmfold_pdb/YP_764512.1.pdb
	YP_009836910.1	Marfavirus		239	239	56.946	47.58	30.36	98.2	0.234	0.222				8ym6-assembly1_O	9.370E+00	0.076	47	14.800	5.190E-01	5.425E-01	1.531E-01	2.001E-01	0.197	Homo sapiens	weak_or_inconclusive	runs/v2_full_test_evidence_regime/structure_panel/esmfold_pdb/YP_009836910.1.pdb
	YP_009199413.1	Ounavirinae		285	285	56.924	52.65	24.83	96.36	0.372	0.088				8v3w-assembly1_N	6.452E-06	1.000	157	13.300	6.159E-01	7.563E-01	4.289E-01	7.480E-01	0.551	Clostridioides difficile	local_structural_support	runs/v2_full_test_evidence_regime/structure_panel/esmfold_pdb/YP_009199413.1.pdb
	YP_010085991.1	Gammaherpesvirinae		825	825	56.907	53.79	19.91	96.0	0.402	0.076				5o6e-assembly2_B	2.605E-13	1.000	759	11.400	3.830E-01	5.932E-01	3.843E-01	5.767E-01	0.92	Saccharomyces cerevisiae S288C	local_structural_support	runs/v2_full_test_evidence_regime/structure_panel/esmfold_pdb/YP_010085991.1.pdb
	YP_009617975.1	Guernseyvirinae		169	169	56.877	51.29	33.78	83.1	0.284	0.0				3p9a-assembly1_G	3.787E-01	0.837	124	18.500	5.017E-01	4.983E-01	3.632E-01	4.360E-01	0.734	Lederbergvirus P22	weak_or_inconclusive	runs/v2_full_test_evidence_regime/structure_panel/esmfold_pdb/YP_009617975.1.pdb
	YP_009850913.1	Menderavirus		327	327	56.856	50.88	23.22	97.1	0.336	0.116				3qsz-assembly1_A	8.323E-01	0.057	138	11.500	2.149E-01	2.699E-01	1.092E-01	1.781E-01	0.422	Xanthomonas citri	weak_or_inconclusive	runs/v2_full_test_evidence_regime/structure_panel/esmfold_pdb/YP_009850913.1.pdb
	YP_009333389.1	Riboviria		968	968	56.834	52.675	24.16	92.62	0.343	0.013				2y26-assembly1_A	6.147E-13	1.000	847	7.300	3.704E-01	6.962E-01	3.918E-01	6.950E-01	0.875	Grapevine fanleaf virus	local_structural_support	runs/v2_full_test_evidence_regime/structure_panel/esmfold_pdb/YP_009333389.1.pdb
	YP_010667570.1	Menderavirus		503	503	56.794	59.3	24.22	92.92	0.288	0.012				5hx2-assembly1_A	8.846E-05	1.000	226	15.400	4.939E-01	2.972E-01	1.294E-01	6.991E-02	0.449	Tequatrovirus T4	foldseek_only_low_model_confidence	runs/v2_full_test_evidence_regime/structure_panel/esmfold_pdb/YP_010667570.1.pdb
	YP_010798436.1	Mymonaviridae		154	154	56.708	58.615	28.81	90.85	0.292	0.013				3nwj-assembly3_B	2.377E-01	0.601	132	15.900	4.396E-01	5.553E-01	4.166E-01	3.499E-01	0.857	Arabidopsis thaliana	weak_or_inconclusive	runs/v2_full_test_evidence_regime/structure_panel/esmfold_pdb/YP_010798436.1.pdb
	YP_009337332.1	Riboviria		1942	1942	56.604	52.1	17.96	94.26	0.393	0.085				2uut-assembly1_A	1.378E-16	1.000	522	17.000	5.755E-01	8.472E-01	2.231E-01	8.232E-01	0.269	Sapporo virus	foldseek_only_low_model_confidence	runs/v2_full_test_evidence_regime/structure_panel/esmfold_pdb/YP_009337332.1.pdb
	YP_009336540.1	Riboviria		2070	2070	56.542	53.56	19.2	94.66	0.434	0.126				6r1i-assembly2_B	2.519E-19	1.000	558	19.700	5.419E-01	8.758E-01	2.090E-01	8.670E-01	0.27	Porcine kobuvirus swine/S-1-HUN/2007/Hungary	foldseek_only_low_model_confidence	runs/v2_full_test_evidence_regime/structure_panel/esmfold_pdb/YP_009336540.1.pdb
	YP_010084406.1	Gammaherpesvirinae		782	782	56.532	54.885	17.78	95.55	0.434	0.104				7otj-assembly2_B	1.257E-09	1.000	782	10.700	4.358E-01	6.672E-01	3.955E-01	6.565E-01	1.0	Candida albicans	local_structural_support	runs/v2_full_test_evidence_regime/structure_panel/esmfold_pdb/YP_010084406.1.pdb
	YP_010840076.1	Fimoviridae		661	661	56.403	57.91	19.59	91.79	0.253	0.006				7a56-assembly1_A	1.818E-13	1.000	382	13.800	4.937E-01	4.227E-01	2.462E-01	3.559E-01	0.578	Bovine Schmallenberg virus BH80/Germany/2011	foldseek_only_low_model_confidence	runs/v2_full_test_evidence_regime/structure_panel/esmfold_pdb/YP_010840076.1.pdb
	YP_009789496.1	Yoloswagvirus		161	161	56.344	58.19	33.92	73.99	0.025	0.0				8z9d-assembly1_Zz	4.751E+00	0.569	55	14.500	6.673E-01	8.679E-01	3.203E-01	7.814E-01	0.342	Spinacia oleracea	weak_or_inconclusive	runs/v2_full_test_evidence_regime/structure_panel/esmfold_pdb/YP_009789496.1.pdb
	YP_009887219.1	Twarogvirinae		152	152	56.247	56.805	37.28	70.73	0.007	0.0				6h2f-assembly1_J	8.693E+00	0.029	114	14.000	4.299E-01	2.623E-01	1.818E-01	9.796E-02	0.75	Aeromonas hydrophila subsp. hydrophila AL09-71	weak_or_inconclusive	runs/v2_full_test_evidence_regime/structure_panel/esmfold_pdb/YP_009887219.1.pdb
	YP_010806163.1	Aoguangviridae		831	831	56.247	43.74	21.32	96.57	0.416	0.111				8vdt-assembly1_A	8.209E-14	1.000	634	15.400	4.939E-01	5.916E-01	3.433E-01	4.397E-01	0.763	Homo sapiens	local_structural_support	runs/v2_full_test_evidence_regime/structure_panel/esmfold_pdb/YP_010806163.1.pdb
	YP_009333274.1	Riboviria		909	909	56.231	60.56	19.47	90.49	0.407	0.003				4v5t-assembly1_AA	2.393E-12	1.000	923	8.500	3.821E-01	6.557E-01	3.880E-01	6.534E-01	1.015	Grapevine fanleaf virus	local_structural_support	runs/v2_full_test_evidence_regime/structure_panel/esmfold_pdb/YP_009333274.1.pdb
	NP_733888.1	Gammaherpesvirinae		828	828	56.19	58.165	19.47	95.86	0.408	0.057				7otj-assembly1_A	1.076E-09	1.000	778	12.000	3.919E-01	6.264E-01	3.433E-01	6.017E-01	0.94	Candida albicans	local_structural_support	runs/v2_full_test_evidence_regime/structure_panel/esmfold_pdb/NP_733888.1.pdb
	YP_010748368.1	Guernseyvirinae		123	123	56.153	55.82	32.4	77.55	0.26	0.0				1gcc-assembly1_A	2.144E-02	0.995	56	26.700	5.508E-01	6.846E-01	3.138E-01	5.639E-01	0.455	Arabidopsis thaliana	local_structural_support	runs/v2_full_test_evidence_regime/structure_panel/esmfold_pdb/YP_010748368.1.pdb
	YP_009329854.1	Riboviria		2004	2004	56.14	52.275	18.12	96.28	0.397	0.084				1khw-assembly1_A	6.863E-16	1.000	529	17.500	5.520E-01	8.398E-01	2.133E-01	8.127E-01	0.264	Rabbit hemorrhagic disease virus	foldseek_only_low_model_confidence	runs/v2_full_test_evidence_regime/structure_panel/esmfold_pdb/YP_009329854.1.pdb
	YP_009337211.1	Riboviria		801	801	56.121	54.01	21.38	90.31	0.368	0.001				4v5t-assembly1_AA	7.371E-10	1.000	730	7.600	3.909E-01	6.277E-01	3.836E-01	5.761E-01	0.911	Grapevine fanleaf virus	local_structural_support	runs/v2_full_test_evidence_regime/structure_panel/esmfold_pdb/YP_009337211.1.pdb
	YP_009337881.1	Riboviria		1161	1161	56.037	52.12	18.86	97.85	0.356	0.139				5uj2-assembly1_A	8.884E-10	1.000	534	12.900	4.443E-01	6.446E-01	2.813E-01	5.556E-01	0.46	Hepacivirus hominis	foldseek_only_low_model_confidence	runs/v2_full_test_evidence_regime/structure_panel/esmfold_pdb/YP_009337881.1.pdb
	YP_009886956.1	Twarogvirinae		232	232	56.024	47.04	28.33	96.07	0.254	0.207				5i27-assembly1_A	3.266E+00	0.063	85	20.000	4.235E-01	3.232E-01	9.987E-02	2.551E-01	0.366	Mouse mammary tumor virus	weak_or_inconclusive	runs/v2_full_test_evidence_regime/structure_panel/esmfold_pdb/YP_009886956.1.pdb
	YP_009146319.1	Ounavirinae		285	285	55.986	47.68	25.35	96.02	0.361	0.095				7yfz-assembly1_S	7.880E-05	1.000	222	13.000	5.893E-01	6.703E-01	4.404E-01	5.149E-01	0.779	uncultured cyanophage	local_structural_support	runs/v2_full_test_evidence_regime/structure_panel/esmfold_pdb/YP_009146319.1.pdb
	YP_002922863.1	Ounavirinae		284	284	55.929	50.52	23.19	95.78	0.359	0.144				7yfz-assembly1_S	9.267E-05	1.000	222	14.800	5.445E-01	6.274E-01	4.051E-01	4.698E-01	0.782	uncultured cyanophage	local_structural_support	runs/v2_full_test_evidence_regime/structure_panel/esmfold_pdb/YP_002922863.1.pdb
	YP_009606906.1	Ounavirinae		284	284	55.929	50.52	23.19	95.78	0.359	0.144				7yfz-assembly1_S	9.267E-05	1.000	222	14.800	5.445E-01	6.274E-01	4.051E-01	4.698E-01	0.782	uncultured cyanophage	local_structural_support	runs/v2_full_test_evidence_regime/structure_panel/esmfold_pdb/YP_009606906.1.pdb
	YP_001715611.1	Ensavirinae		2180	2180	55.732	56.37	19.33	93.19	0.355	0.02				2ijd-assembly1_1	3.926E-66	1.000	645	71.000	7.247E-01	7.909E-01	2.618E-01	7.898E-01	0.296	Human poliovirus 1 Mahoney	foldseek_only_low_model_confidence	runs/v2_full_test_evidence_regime/structure_panel/esmfold_pdb/YP_001715611.1.pdb
	YP_009881505.1	Twarogvirinae		182	182	55.665	57.015	24.51	93.29	0.231	0.033				2yh6-assembly2_B	5.413E-01	0.277	81	8.600	4.086E-01	4.365E-01	1.983E-01	2.985E-01	0.445	Escherichia coli BL21(DE3)	weak_or_inconclusive	runs/v2_full_test_evidence_regime/structure_panel/esmfold_pdb/YP_009881505.1.pdb
	YP_009333197.1	Riboviria		2047	2047	55.642	52.0	18.02	94.69	0.387	0.083				1khw-assembly2_B	9.045E-21	1.000	535	20.100	5.636E-01	8.383E-01	2.162E-01	8.320E-01	0.261	Rabbit hemorrhagic disease virus	foldseek_only_low_model_confidence	runs/v2_full_test_evidence_regime/structure_panel/esmfold_pdb/YP_009333197.1.pdb
	YP_009881570.1	Twarogvirinae		153	153	55.63	55.68	37.73	75.33	0.039	0.0				6grj-assembly1_E	3.502E+00	0.106	114	19.200	4.600E-01	4.010E-01	3.002E-01	1.691E-01	0.745	Aeromonas hydrophila	weak_or_inconclusive	runs/v2_full_test_evidence_regime/structure_panel/esmfold_pdb/YP_009881570.1.pdb
	YP_010060019.1	Microwolfvirus		30	30	55.543	55.82	49.15	62.18	0.0	0.0																runs/v2_full_test_evidence_regime/structure_panel/esmfold_pdb/YP_010060019.1.pdb
	YP_010653530.1	Attisvirus		168	168	55.519	56.17	35.25	74.05	0.06	0.0				6of8-assembly1_G-2	9.456E-01	0.569	41	12.100	3.777E-01	8.023E-01	2.228E-01	2.943E-01	0.244	Homo sapiens	weak_or_inconclusive	runs/v2_full_test_evidence_regime/structure_panel/esmfold_pdb/YP_010653530.1.pdb
	YP_005098117.1	Guernseyvirinae		96	96	55.461	55.91	43.76	62.75	0.0	0.0				2rld-assembly1_B	2.153E+00	0.353	82	8.500	6.177E-01	5.773E-01	4.850E-01	4.319E-01	0.854	Bacteroides thetaiotaomicron VPI-5482	weak_or_inconclusive	runs/v2_full_test_evidence_regime/structure_panel/esmfold_pdb/YP_005098117.1.pdb
	YP_009204977.1	Ounavirinae		284	284	55.415	48.775	23.2	95.6	0.359	0.141				7kh1-assembly1_A2	2.615E-04	1.000	185	11.800	5.771E-01	6.852E-01	4.103E-01	6.346E-01	0.651	Vibrio phage XM1	local_structural_support	runs/v2_full_test_evidence_regime/structure_panel/esmfold_pdb/YP_009204977.1.pdb
	YP_009300676.1	Riboviria		639	639	55.342	55.15	28.0	84.86	0.221	0.0				5cxf-assembly1_C	1.117E-07	1.000	699	8.500	3.571E-01	3.463E-01	3.090E-01	3.337E-01	1.094	Human herpesvirus 5 strain AD169	local_structural_support	runs/v2_full_test_evidence_regime/structure_panel/esmfold_pdb/YP_009300676.1.pdb
	YP_009850333.1	Marfavirus		45	45	55.306	55.71	40.24	64.27	0.0	0.0																runs/v2_full_test_evidence_regime/structure_panel/esmfold_pdb/YP_009850333.1.pdb
	YP_008857970.1	Benedictvirus		66	66	55.245	52.535	46.41	70.73	0.015	0.0																runs/v2_full_test_evidence_regime/structure_panel/esmfold_pdb/YP_008857970.1.pdb
	YP_009342257.1	Riboviria		1348	1348	55.039	51.285	18.58	94.93	0.401	0.081				5tmh-assembly2_B	1.355E-09	1.000	548	13.500	4.685E-01	7.457E-01	2.662E-01	3.937E-01	0.407	Zika virus	foldseek_only_low_model_confidence	runs/v2_full_test_evidence_regime/structure_panel/esmfold_pdb/YP_009342257.1.pdb
	YP_009874068.1	Rhodovirinae		129	129	55.023	54.85	39.1	69.57	0.0	0.0				8s9s-assembly1_6	1.155E+00	0.254	103	19.400	4.817E-01	3.157E-01	2.524E-01	2.993E-01	0.798	Homo sapiens	weak_or_inconclusive	runs/v2_full_test_evidence_regime/structure_panel/esmfold_pdb/YP_009874068.1.pdb
	NP_758520.1	Ensavirinae		2168	2168	54.714	55.505	18.83	93.23	0.327	0.017				2ijd-assembly1_1	4.523E-64	1.000	644	67.300	6.967E-01	6.177E-01	2.066E-01	6.168E-01	0.297	Human poliovirus 1 Mahoney	foldseek_only_low_model_confidence	runs/v2_full_test_evidence_regime/structure_panel/esmfold_pdb/NP_758520.1.pdb
	YP_010112388.1	Loutivirinae		79	79	54.687	49.7	33.56	77.78	0.278	0.0				4db6-assembly1_A	7.451E+00	0.090	43	23.200	4.900E-01	5.602E-01	2.718E-01	1.212E-01	0.544	synthetic construct	weak_or_inconclusive	runs/v2_full_test_evidence_regime/structure_panel/esmfold_pdb/YP_010112388.1.pdb
	YP_009880903.1	Twarogvirinae		153	153	54.683	54.75	33.38	75.07	0.059	0.0				2v0x-assembly1_B	9.416E+00	0.034	130	10.700	3.963E-01	3.113E-01	2.367E-01	1.800E-01	0.85	Mus musculus	weak_or_inconclusive	runs/v2_full_test_evidence_regime/structure_panel/esmfold_pdb/YP_009880903.1.pdb
	YP_009100062.1	Pairvirus		181	181	54.613	51.29	23.6	80.76	0.26	0.0				5e4w-assembly1_D	6.334E+00	0.116	30	20.000	3.907E-01	7.328E-01	1.558E-01	2.594E-01	0.166	Arabidopsis thaliana	weak_or_inconclusive	runs/v2_full_test_evidence_regime/structure_panel/esmfold_pdb/YP_009100062.1.pdb
	YP_010084727.1	Ensavirinae		2310	2310	54.599	56.335	18.3	91.7	0.327	0.009				4nlp-assembly1_A	1.394E-40	1.000	456	51.700	6.898E-01	9.192E-01	1.898E-01	9.021E-01	0.197	Human poliovirus 1 Mahoney	weak_or_inconclusive	runs/v2_full_test_evidence_regime/structure_panel/esmfold_pdb/YP_010084727.1.pdb
	YP_009345045.1	Riboviria		1857	1857	54.397	50.39	18.04	95.73	0.383	0.128				2ijd-assembly1_1	2.758E-27	1.000	756	17.800	5.344E-01	6.395E-01	2.347E-01	6.330E-01	0.407	Human poliovirus 1 Mahoney	foldseek_only_low_model_confidence	runs/v2_full_test_evidence_regime/structure_panel/esmfold_pdb/YP_009345045.1.pdb
	YP_009151294.1	Ounavirinae		284	284	54.38	47.33	22.33	95.98	0.359	0.148				7yfz-assembly1_S	5.561E-04	1.000	207	14.400	5.697E-01	6.389E-01	3.903E-01	4.524E-01	0.729	uncultured cyanophage	foldseek_only_low_model_confidence	runs/v2_full_test_evidence_regime/structure_panel/esmfold_pdb/YP_009151294.1.pdb
	YP_001661650.1	Geminiviridae		116	116	54.239	56.06	28.83	76.01	0.19	0.0				8wey-assembly1_F	5.230E+00	0.277	44	20.400	5.359E-01	7.902E-01	3.209E-01	2.399E-01	0.379	Cyanidium caldarium	weak_or_inconclusive	runs/v2_full_test_evidence_regime/structure_panel/esmfold_pdb/YP_001661650.1.pdb
	YP_002643045.1	Geminiviridae		116	116	54.236	53.57	28.98	77.42	0.198	0.0				8wey-assembly1_F	4.895E+00	0.301	47	19.100	5.634E-01	7.705E-01	3.312E-01	2.496E-01	0.405	Cyanidium caldarium	weak_or_inconclusive	runs/v2_full_test_evidence_regime/structure_panel/esmfold_pdb/YP_002643045.1.pdb
	YP_010745762.1	Guernseyvirinae		44	44	54.177	55.91	31.29	70.53	0.023	0.0				3wwn-assembly1_B-2	1.538E+00	0.326	37	16.200	5.547E-01	6.369E-01	5.123E-01	4.290E-01	0.841	Thermus thermophilus HB27	weak_or_inconclusive	runs/v2_full_test_evidence_regime/structure_panel/esmfold_pdb/YP_010745762.1.pdb
	YP_009505603.1	Ensavirinae		2186	2186	54.092	56.57	18.23	91.89	0.314	0.008				2ijd-assembly1_1	1.794E-66	1.000	643	64.800	7.155E-01	6.905E-01	2.187E-01	6.875E-01	0.294	Human poliovirus 1 Mahoney	foldseek_only_low_model_confidence	runs/v2_full_test_evidence_regime/structure_panel/esmfold_pdb/YP_009505603.1.pdb
	YP_009336520.1	Riboviria		870	870	54.061	43.34	19.41	97.79	0.326	0.166				8c4t-assembly1_A	3.514E-05	1.000	983	9.600	3.288E-01	4.000E-01	3.616E-01	2.704E-01	1.13	Hantaan virus 76-118	foldseek_only_low_model_confidence	runs/v2_full_test_evidence_regime/structure_panel/esmfold_pdb/YP_009336520.1.pdb
	YP_009787875.1	Slopekvirinae		87	87	53.801	50.55	43.7	72.42	0.046	0.0																runs/v2_full_test_evidence_regime/structure_panel/esmfold_pdb/YP_009787875.1.pdb
	YP_010012734.1	Lclasvirinae		165	165	53.758	47.42	30.73	91.51	0.255	0.006				6epd-assembly1_Q	6.031E+00	0.040	78	16.600	3.939E-01	3.604E-01	1.598E-01	6.826E-02	0.473	Rattus norvegicus	weak_or_inconclusive	runs/v2_full_test_evidence_regime/structure_panel/esmfold_pdb/YP_010012734.1.pdb
	YP_009337696.1	Riboviria		2001	2001	53.538	47.45	17.16	95.58	0.391	0.093				6r1i-assembly2_B	2.131E-23	1.000	536	21.000	6.034E-01	8.953E-01	2.205E-01	8.917E-01	0.268	Porcine kobuvirus swine/S-1-HUN/2007/Hungary	foldseek_only_low_model_confidence	runs/v2_full_test_evidence_regime/structure_panel/esmfold_pdb/YP_009337696.1.pdb
	YP_010839445.1	Peribunyaviridae		1437	1437	53.523	49.81	22.62	94.75	0.262	0.025				7a56-assembly1_A	1.256E-34	1.000	426	40.100	6.684E-01	6.200E-01	1.977E-01	6.159E-01	0.296	Bovine Schmallenberg virus BH80/Germany/2011	foldseek_only_low_model_confidence	runs/v2_full_test_evidence_regime/structure_panel/esmfold_pdb/YP_010839445.1.pdb
	YP_009337346.1	Riboviria		362	362	53.484	52.22	25.52	87.14	0.304	0.0				4llf-assembly1_B	1.726E-06	1.000	337	10.900	4.668E-01	5.430E-01	4.267E-01	5.103E-01	0.931	Cucumber necrosis virus	foldseek_only_low_model_confidence	runs/v2_full_test_evidence_regime/structure_panel/esmfold_pdb/YP_009337346.1.pdb
	YP_009337683.1	Riboviria		886	886	53.415	49.075	18.31	90.25	0.388	0.003				2y26-assembly1_A	1.108E-11	1.000	901	9.100	4.032E-01	6.562E-01	3.988E-01	6.539E-01	1.017	Grapevine fanleaf virus	foldseek_only_low_model_confidence	runs/v2_full_test_evidence_regime/structure_panel/esmfold_pdb/YP_009337683.1.pdb
	YP_009337415.1	Riboviria		2054	2054	53.207	49.94	16.7	95.74	0.375	0.09				4y2c-assembly1_A	7.413E-14	1.000	511	16.400	4.688E-01	8.641E-01	1.986E-01	8.254E-01	0.249	Mengo virus	weak_or_inconclusive	runs/v2_full_test_evidence_regime/structure_panel/esmfold_pdb/YP_009337415.1.pdb
	YP_009889817.1	Twarogvirinae		232	232	53.035	42.445	27.92	95.96	0.25	0.177				6ifz-assembly1_A	6.218E+00	0.063	60	15.000	4.810E-01	3.989E-01	1.402E-01	5.166E-02	0.259	Streptococcus thermophilus ND03	weak_or_inconclusive	runs/v2_full_test_evidence_regime/structure_panel/esmfold_pdb/YP_009889817.1.pdb
	YP_009230247.1	Rudiviridae		280	280	53.002	40.865	24.14	95.49	0.336	0.104				7l97-assembly1_A	7.648E-03	0.999	114	14.900	4.445E-01	6.897E-01	2.641E-01	4.009E-01	0.407	Homo sapiens	foldseek_only_low_model_confidence	runs/v2_full_test_evidence_regime/structure_panel/esmfold_pdb/YP_009230247.1.pdb
	YP_006488807.1	Twarogvirinae		159	159	52.983	52.96	36.55	66.06	0.0	0.0				7y5d-assembly1_8	9.153E+00	0.057	73	15.000	5.033E-01	3.916E-01	2.169E-01	3.513E-01	0.459	Mycolicibacterium smegmatis	weak_or_inconclusive	runs/v2_full_test_evidence_regime/structure_panel/esmfold_pdb/YP_006488807.1.pdb
	YP_010013259.1	Lclasvirinae		150	150	52.959	49.88	30.09	76.62	0.207	0.0				5xk9-assembly2_C	1.033E-01	0.817	123	12.100	4.500E-01	6.056E-01	4.434E-01	3.278E-01	0.82	Streptomyces sp. CNH189	weak_or_inconclusive	runs/v2_full_test_evidence_regime/structure_panel/esmfold_pdb/YP_010013259.1.pdb
	YP_010061495.1	Yeceytrevirus		53	53	52.946	52.88	44.0	61.4	0.0	0.0																runs/v2_full_test_evidence_regime/structure_panel/esmfold_pdb/YP_010061495.1.pdb
	YP_010840623.1	Peribunyaviridae		1344	1344	52.858	48.86	21.07	92.93	0.232	0.014				7a57-assembly1_C	2.625E-37	1.000	440	38.100	6.552E-01	5.042E-01	1.824E-01	5.000E-01	0.327	La Crosse virus L78	foldseek_only_low_model_confidence	runs/v2_full_test_evidence_regime/structure_panel/esmfold_pdb/YP_010840623.1.pdb
	NP_740450.1	Ensavirinae		99	99	52.849	52.89	35.73	64.53	0.0	0.0				8pve-assembly1_A	8.312E+00	0.020	93	12.900	4.434E-01	2.824E-01	2.566E-01	1.116E-01	0.939	Thermus thermophilus	weak_or_inconclusive	runs/v2_full_test_evidence_regime/structure_panel/esmfold_pdb/NP_740450.1.pdb
	YP_438166.1	Gammaherpesvirinae		830	830	52.764	43.42	19.11	95.86	0.34	0.057				5o6d-assembly2_B	1.030E-12	1.000	796	12.600	4.163E-01	5.874E-01	3.911E-01	5.836E-01	0.959	Saccharomyces cerevisiae S288C	foldseek_only_low_model_confidence	runs/v2_full_test_evidence_regime/structure_panel/esmfold_pdb/YP_438166.1.pdb
	YP_009336930.1	Riboviria		894	894	52.685	49.66	20.72	87.4	0.305	0.0				2y26-assembly1_A	3.554E-12	1.000	864	8.300	4.012E-01	6.986E-01	4.145E-01	6.888E-01	0.966	Grapevine fanleaf virus	foldseek_only_low_model_confidence	runs/v2_full_test_evidence_regime/structure_panel/esmfold_pdb/YP_009336930.1.pdb
	YP_004598984.1	Hexponivirinae		214	214	52.457	55.11	26.97	81.57	0.173	0.0				3zjc-assembly1_A	3.723E+00	0.601	53	13.200	7.045E-01	8.668E-01	2.351E-01	1.795E-01	0.248	Homo sapiens	weak_or_inconclusive	runs/v2_full_test_evidence_regime/structure_panel/esmfold_pdb/YP_004598984.1.pdb
	YP_009789533.1	Yoloswagvirus		913	913	52.237	44.28	17.95	97.3	0.235	0.152				4noo-assembly2_C	3.723E-10	1.000	198	40.400	7.101E-01	8.958E-01	2.016E-01	8.585E-01	0.217	Vibrio cholerae O1 biovar El Tor str. N16961	weak_or_inconclusive	runs/v2_full_test_evidence_regime/structure_panel/esmfold_pdb/YP_009789533.1.pdb
	YP_009666898.1	Peribunyaviridae		1419	1419	52.131	50.05	20.6	92.38	0.211	0.01				7a57-assembly1_C	2.137E-39	1.000	434	49.500	6.451E-01	4.874E-01	1.718E-01	4.838E-01	0.306	La Crosse virus L78	foldseek_only_low_model_confidence	runs/v2_full_test_evidence_regime/structure_panel/esmfold_pdb/YP_009666898.1.pdb
	YP_009666998.1	Peribunyaviridae		1430	1430	52.125	49.93	20.64	89.44	0.224	0.0				7a57-assembly1_C	4.179E-39	1.000	429	45.400	6.601E-01	4.924E-01	1.640E-01	4.791E-01	0.3	La Crosse virus L78	foldseek_only_low_model_confidence	runs/v2_full_test_evidence_regime/structure_panel/esmfold_pdb/YP_009666998.1.pdb
	YP_009333318.1	Riboviria		924	924	52.001	43.11	17.8	96.82	0.313	0.134				6z8k-assembly1_A	2.834E-06	1.000	765	9.400	3.568E-01	5.087E-01	3.573E-01	1.718E-01	0.828	Orthobunyavirus lacrosseense	foldseek_only_low_model_confidence	runs/v2_full_test_evidence_regime/structure_panel/esmfold_pdb/YP_009333318.1.pdb
	YP_009512926.1	Peribunyaviridae		1417	1417	51.998	50.44	21.81	91.7	0.186	0.006				7a57-assembly1_C	6.814E-37	1.000	439	44.600	6.353E-01	5.089E-01	1.769E-01	5.068E-01	0.31	La Crosse virus L78	foldseek_only_low_model_confidence	runs/v2_full_test_evidence_regime/structure_panel/esmfold_pdb/YP_009512926.1.pdb
	YP_009505608.1	Ensavirinae		2154	2154	51.894	52.67	17.45	89.95	0.29	0.0				2ijd-assembly1_1	2.072E-47	1.000	622	53.800	6.335E-01	6.135E-01	1.975E-01	5.918E-01	0.289	Human poliovirus 1 Mahoney	foldseek_only_low_model_confidence	runs/v2_full_test_evidence_regime/structure_panel/esmfold_pdb/YP_009505608.1.pdb
	YP_010839410.1	Peribunyaviridae		1441	1441	51.862	48.65	20.21	93.5	0.217	0.018				7a57-assembly1_C	6.510E-59	1.000	437	97.700	6.825E-01	4.999E-01	1.699E-01	4.990E-01	0.303	La Crosse virus L78	foldseek_only_low_model_confidence	runs/v2_full_test_evidence_regime/structure_panel/esmfold_pdb/YP_010839410.1.pdb
	YP_010840687.1	Peribunyaviridae		1442	1442	51.753	49.735	20.21	90.9	0.204	0.004				7a57-assembly1_C	1.982E-39	1.000	431	41.700	6.560E-01	4.927E-01	1.694E-01	4.847E-01	0.299	La Crosse virus L78	foldseek_only_low_model_confidence	runs/v2_full_test_evidence_regime/structure_panel/esmfold_pdb/YP_010840687.1.pdb
	NP_671969.1	Peribunyaviridae		1441	1441	51.687	48.15	19.54	93.28	0.221	0.016				7a57-assembly1_C	1.004E-58	1.000	437	98.300	6.818E-01	4.901E-01	1.661E-01	4.891E-01	0.303	La Crosse virus L78	foldseek_only_low_model_confidence	runs/v2_full_test_evidence_regime/structure_panel/esmfold_pdb/NP_671969.1.pdb
	YP_010840908.1	Peribunyaviridae		1387	1387	51.63	52.04	20.13	90.73	0.193	0.001				7a57-assembly1_C	4.982E-30	1.000	433	38.300	6.212E-01	5.252E-01	1.842E-01	5.148E-01	0.312	La Crosse virus L78	foldseek_only_low_model_confidence	runs/v2_full_test_evidence_regime/structure_panel/esmfold_pdb/YP_010840908.1.pdb
	YP_009666890.1	Peribunyaviridae		1418	1418	51.472	48.945	22.18	92.05	0.211	0.007				6y5f-assembly1_B	6.076E-15	1.000	420	14.500	4.722E-01	4.770E-01	1.794E-01	4.511E-01	0.296	Orthohantavirus andesense	foldseek_only_low_model_confidence	runs/v2_full_test_evidence_regime/structure_panel/esmfold_pdb/YP_009666890.1.pdb
	YP_009886404.1	Twarogvirinae		153	153	51.445	51.35	25.25	65.25	0.0	0.0				5ijj-assembly1_A	7.022E+00	0.040	161	15.500	5.075E-01	2.926E-01	2.815E-01	2.573E-01	1.052	Thermochaetoides thermophila	weak_or_inconclusive	runs/v2_full_test_evidence_regime/structure_panel/esmfold_pdb/YP_009886404.1.pdb
	YP_009337159.1	Riboviria		963	963	51.409	43.75	18.7	97.63	0.292	0.131				6ueb-assembly1_A	8.196E-05	1.000	614	11.000	3.794E-01	5.399E-01	3.098E-01	1.525E-01	0.638	Rabies virus SAD B19	foldseek_only_low_model_confidence	runs/v2_full_test_evidence_regime/structure_panel/esmfold_pdb/YP_009337159.1.pdb
	YP_010085081.1	Peribunyaviridae		1441	1441	51.397	48.24	21.45	93.88	0.21	0.018				7a57-assembly1_C	1.089E-58	1.000	433	92.800	6.966E-01	4.935E-01	1.667E-01	4.893E-01	0.3	La Crosse virus L78	foldseek_only_low_model_confidence	runs/v2_full_test_evidence_regime/structure_panel/esmfold_pdb/YP_010085081.1.pdb
	YP_009600453.1	Ounavirinae		185	185	51.278	46.28	27.36	87.82	0.195	0.0				5ux0-assembly1_A	2.466E+00	0.164	41	14.600	4.521E-01	4.970E-01	1.648E-01	5.628E-02	0.222	Marinitoga piezophila	weak_or_inconclusive	runs/v2_full_test_evidence_regime/structure_panel/esmfold_pdb/YP_009600453.1.pdb
	YP_010085066.1	Peribunyaviridae		1419	1419	51.238	49.28	21.46	91.28	0.183	0.005				7a57-assembly1_C	1.185E-38	1.000	441	46.200	6.469E-01	4.921E-01	1.748E-01	4.901E-01	0.311	La Crosse virus L78	foldseek_only_low_model_confidence	runs/v2_full_test_evidence_regime/structure_panel/esmfold_pdb/YP_010085066.1.pdb
	YP_009336853.1	Riboviria		2067	2067	51.172	41.8	17.25	94.24	0.347	0.055				2wk4-assembly1_A	5.551E-16	1.000	549	17.400	4.910E-01	8.173E-01	2.060E-01	7.868E-01	0.266	Sapporo virus	foldseek_only_low_model_confidence	runs/v2_full_test_evidence_regime/structure_panel/esmfold_pdb/YP_009336853.1.pdb
	YP_004767308.1	Hexponivirinae		212	212	51.142	53.15	26.76	79.23	0.175	0.0				1lp1-assembly1_A	5.232E+00	0.254	50	16.000	6.855E-01	6.779E-01	1.543E-01	5.722E-01	0.236	Staphylococcus aureus	weak_or_inconclusive	runs/v2_full_test_evidence_regime/structure_panel/esmfold_pdb/YP_004767308.1.pdb
	YP_010085930.1	Gammaherpesvirinae		835	835	50.935	41.09	21.57	93.62	0.283	0.019				5l2x-assembly2_B	5.552E-04	1.000	313	12.700	3.819E-01	6.241E-01	2.090E-01	5.888E-01	0.375	Homo sapiens	foldseek_only_low_model_confidence	runs/v2_full_test_evidence_regime/structure_panel/esmfold_pdb/YP_010085930.1.pdb
	YP_009666878.1	Peribunyaviridae		1400	1400	50.92	48.065	20.28	93.32	0.2	0.019				7a57-assembly1_C	1.068E-38	1.000	438	38.800	6.397E-01	5.424E-01	1.876E-01	5.391E-01	0.313	La Crosse virus L78	foldseek_only_low_model_confidence	runs/v2_full_test_evidence_regime/structure_panel/esmfold_pdb/YP_009666878.1.pdb
	YP_010065017.1	Drexlerviridae		126	126	50.873	49.22	26.76	71.87	0.048	0.0				3bd1-assembly1_A-1	1.789E+00	0.632	49	28.500	4.655E-01	7.639E-01	3.280E-01	5.876E-01	0.389	Xylella fastidiosa subsp. sandyi Ann-1	weak_or_inconclusive	runs/v2_full_test_evidence_regime/structure_panel/esmfold_pdb/YP_010065017.1.pdb
	YP_009337195.1	Riboviria		1792	1792	50.747	39.835	17.78	95.67	0.323	0.059				2wk4-assembly1_A	2.833E-16	1.000	562	18.600	5.027E-01	7.769E-01	2.330E-01	7.669E-01	0.314	Sapporo virus	foldseek_only_low_model_confidence	runs/v2_full_test_evidence_regime/structure_panel/esmfold_pdb/YP_009337195.1.pdb
	YP_009886902.1	Twarogvirinae		153	153	50.735	51.12	26.08	66.75	0.0	0.0				8gym-assembly1_l	6.293E+00	0.082	149	9.300	4.859E-01	4.449E-01	3.684E-01	3.038E-01	0.974	Tetrahymena thermophila SB210	weak_or_inconclusive	runs/v2_full_test_evidence_regime/structure_panel/esmfold_pdb/YP_009886902.1.pdb
	YP_009362028.1	Peribunyaviridae		838	838	50.533	52.195	17.93	92.66	0.21	0.01				5ljx-assembly1_A	1.594E-07	1.000	461	10.800	3.738E-01	2.763E-01	1.696E-01	2.748E-01	0.55	Orthohantavirus hantanense	foldseek_only_low_model_confidence	runs/v2_full_test_evidence_regime/structure_panel/esmfold_pdb/YP_009362028.1.pdb
	YP_009886159.1	Twarogvirinae		153	153	50.486	49.99	30.49	66.17	0.0	0.0				8b6h-assembly1_EG	9.535E+00	0.082	95	14.700	5.571E-01	4.573E-01	3.044E-01	4.223E-01	0.621	Tetrahymena thermophila SB210	weak_or_inconclusive	runs/v2_full_test_evidence_regime/structure_panel/esmfold_pdb/YP_009886159.1.pdb
	YP_009362065.1	Peribunyaviridae		1432	1432	50.461	48.465	19.18	89.05	0.191	0.0				7a57-assembly1_C	7.999E-33	1.000	431	46.800	6.023E-01	4.818E-01	1.584E-01	4.737E-01	0.301	La Crosse virus L78	foldseek_only_low_model_confidence	runs/v2_full_test_evidence_regime/structure_panel/esmfold_pdb/YP_009362065.1.pdb
	YP_009362075.1	Peribunyaviridae		1416	1416	50.461	48.325	19.24	91.45	0.191	0.003				7a57-assembly1_C	3.792E-34	1.000	442	44.700	6.246E-01	4.722E-01	1.651E-01	4.693E-01	0.312	La Crosse virus L78	foldseek_only_low_model_confidence	runs/v2_full_test_evidence_regime/structure_panel/esmfold_pdb/YP_009362075.1.pdb
	NP_653145.1	Ensavirinae		2322	2322	50.447	49.195	18.19	90.45	0.24	0.0				2ijd-assembly1_1	4.931E-48	1.000	649	51.600	6.357E-01	6.177E-01	1.852E-01	6.159E-01	0.28	Human poliovirus 1 Mahoney	foldseek_only_low_model_confidence	runs/v2_full_test_evidence_regime/structure_panel/esmfold_pdb/NP_653145.1.pdb
	YP_008433563.1	Baikalvirus		79	79	50.442	47.04	36.01	71.83	0.013	0.0				5xon-assembly1_I	9.964E-01	0.772	35	17.100	6.018E-01	8.336E-01	3.800E-01	2.763E-01	0.443	Komagataella phaffii GS115	weak_or_inconclusive	runs/v2_full_test_evidence_regime/structure_panel/esmfold_pdb/YP_008433563.1.pdb
	YP_008400137.1	Peribunyaviridae		1455	1455	50.343	46.41	21.04	93.98	0.203	0.016				7a57-assembly1_C	2.559E-34	1.000	417	42.400	6.358E-01	5.045E-01	1.621E-01	4.757E-01	0.287	La Crosse virus L78	foldseek_only_low_model_confidence	runs/v2_full_test_evidence_regime/structure_panel/esmfold_pdb/YP_008400137.1.pdb
	YP_010840641.1	Peribunyaviridae		1442	1442	50.315	49.11	22.59	91.15	0.153	0.003				7a57-assembly1_C	2.432E-38	1.000	437	45.900	6.510E-01	4.895E-01	1.637E-01	4.833E-01	0.303	La Crosse virus L78	foldseek_only_low_model_confidence	runs/v2_full_test_evidence_regime/structure_panel/esmfold_pdb/YP_010840641.1.pdb
	YP_010839602.1	Peribunyaviridae		1434	1434	50.228	48.265	21.96	90.69	0.164	0.001				7a57-assembly1_C	2.945E-40	1.000	434	46.000	6.428E-01	4.740E-01	1.625E-01	4.711E-01	0.303	La Crosse virus L78	foldseek_only_low_model_confidence	runs/v2_full_test_evidence_regime/structure_panel/esmfold_pdb/YP_010839602.1.pdb
	YP_009886653.1	Twarogvirinae		153	153	50.099	49.95	34.1	64.42	0.0	0.0				5sv0-assembly1_B	3.846E+00	0.063	161	18.600	5.023E-01	2.609E-01	2.500E-01	1.914E-01	1.052	Escherichia coli DH1	weak_or_inconclusive	runs/v2_full_test_evidence_regime/structure_panel/esmfold_pdb/YP_009886653.1.pdb
	YP_008767237.1	Guernseyvirinae		92	92	50.086	44.51	31.15	84.96	0.174	0.0				5jus-assembly1_MA	8.602E+00	0.040	50	12.000	4.922E-01	3.449E-01	2.360E-01	1.951E-01	0.543	Saccharomyces cerevisiae	weak_or_inconclusive	runs/v2_full_test_evidence_regime/structure_panel/esmfold_pdb/YP_008767237.1.pdb
	YP_010801683.1	Gammaherpesvirinae		838	838	50.078	37.74	21.13	94.1	0.302	0.025				7jkp-assembly1_A	1.773E-05	1.000	315	10.400	4.225E-01	6.395E-01	2.117E-01	5.841E-01	0.376	Homo sapiens	foldseek_only_low_model_confidence	runs/v2_full_test_evidence_regime/structure_panel/esmfold_pdb/YP_010801683.1.pdb
	YP_004464918.1	Parahepevirinae		634	634	50.019	46.035	19.14	92.12	0.304	0.016				3iyo-assembly1_A	4.564E-18	1.000	416	20.600	5.473E-01	6.930E-01	4.237E-01	5.604E-01	0.656	Paslahepevirus balayani	foldseek_only_low_model_confidence	runs/v2_full_test_evidence_regime/structure_panel/esmfold_pdb/YP_004464918.1.pdb
	YP_009889761.1	Twarogvirinae		153	153	50.015	50.88	32.77	62.18	0.0	0.0																runs/v2_full_test_evidence_regime/structure_panel/esmfold_pdb/YP_009889761.1.pdb
	YP_009666965.1	Peribunyaviridae		1440	1440	49.937	46.51	22.02	93.3	0.189	0.012				7a57-assembly1_C	2.372E-53	1.000	433	83.800	6.795E-01	5.223E-01	1.758E-01	5.179E-01	0.301	La Crosse virus L78	foldseek_only_low_model_confidence	runs/v2_full_test_evidence_regime/structure_panel/esmfold_pdb/YP_009666965.1.pdb
	YP_010839621.1	Peribunyaviridae		1429	1429	49.823	46.36	19.05	92.2	0.195	0.005				7a56-assembly1_A	1.260E-26	1.000	422	36.200	6.117E-01	4.612E-01	1.625E-01	4.584E-01	0.295	Bovine Schmallenberg virus BH80/Germany/2011	foldseek_only_low_model_confidence	runs/v2_full_test_evidence_regime/structure_panel/esmfold_pdb/YP_010839621.1.pdb
	YP_009666885.1	Peribunyaviridae		1444	1444	49.799	46.35	21.47	93.06	0.186	0.009				7a57-assembly1_C	1.283E-52	1.000	440	77.900	6.659E-01	4.928E-01	1.657E-01	4.918E-01	0.305	La Crosse virus L78	foldseek_only_low_model_confidence	runs/v2_full_test_evidence_regime/structure_panel/esmfold_pdb/YP_009666885.1.pdb
	YP_010840640.1	Peribunyaviridae		1447	1447	49.796	47.04	21.39	90.13	0.181	0.001				6w09-assembly1_D	2.995E-12	1.000	403	12.900	5.079E-01	4.590E-01	1.690E-01	4.376E-01	0.279	Chikungunya virus	foldseek_only_low_model_confidence	runs/v2_full_test_evidence_regime/structure_panel/esmfold_pdb/YP_010840640.1.pdb
	YP_004782191.1	Enquatrovirinae		123	123	49.79	49.38	35.49	65.97	0.0	0.0																runs/v2_full_test_evidence_regime/structure_panel/esmfold_pdb/YP_004782191.1.pdb
	YP_010840736.1	Peribunyaviridae		1430	1430	49.772	45.905	20.83	93.83	0.19	0.013				6jo8-assembly2_D	4.267E-15	1.000	396	15.400	5.132E-01	5.244E-01	1.813E-01	4.901E-01	0.277	Chikungunya virus	foldseek_only_low_model_confidence	runs/v2_full_test_evidence_regime/structure_panel/esmfold_pdb/YP_010840736.1.pdb
	YP_008709777.1	Peribunyaviridae		1371	1371	49.709	45.96	20.5	94.39	0.203	0.024				7a57-assembly1_C	5.608E-36	1.000	436	39.900	6.804E-01	5.655E-01	1.971E-01	5.597E-01	0.318	La Crosse virus L78	foldseek_only_low_model_confidence	runs/v2_full_test_evidence_regime/structure_panel/esmfold_pdb/YP_008709777.1.pdb
	NP_982303.1	Peribunyaviridae		1420	1420	49.618	46.195	20.5	92.63	0.206	0.008				7a57-assembly1_C	2.449E-34	1.000	439	36.900	6.136E-01	4.514E-01	1.505E-01	4.457E-01	0.309	La Crosse virus L78	foldseek_only_low_model_confidence	runs/v2_full_test_evidence_regime/structure_panel/esmfold_pdb/NP_982303.1.pdb
	YP_010839918.1	Peribunyaviridae		1377	1377	49.598	45.57	20.85	93.64	0.188	0.018				7a57-assembly1_C	3.765E-37	1.000	437	41.100	6.494E-01	5.100E-01	1.833E-01	5.058E-01	0.317	La Crosse virus L78	foldseek_only_low_model_confidence	runs/v2_full_test_evidence_regime/structure_panel/esmfold_pdb/YP_010839918.1.pdb
	YP_009667043.1	Peribunyaviridae		1437	1437	49.573	45.45	21.01	92.41	0.184	0.006				7a56-assembly1_A	4.250E-27	1.000	420	34.200	6.255E-01	4.867E-01	1.602E-01	4.814E-01	0.292	Bovine Schmallenberg virus BH80/Germany/2011	foldseek_only_low_model_confidence	runs/v2_full_test_evidence_regime/structure_panel/esmfold_pdb/YP_009667043.1.pdb
	YP_009618791.1	Ounavirinae		115	115	49.368	45.51	39.96	69.1	0.0	0.0				2n11-assembly1_A	9.281E+00	0.034	86	15.100	5.276E-01	3.124E-01	2.067E-01	3.049E-01	0.748	Homo sapiens	weak_or_inconclusive	runs/v2_full_test_evidence_regime/structure_panel/esmfold_pdb/YP_009618791.1.pdb
	YP_010085086.1	Peribunyaviridae		1434	1434	49.343	45.93	21.05	91.13	0.183	0.003				7a56-assembly1_A	7.256E-29	1.000	424	37.700	6.097E-01	4.663E-01	1.550E-01	4.643E-01	0.296	Bovine Schmallenberg virus BH80/Germany/2011	foldseek_only_low_model_confidence	runs/v2_full_test_evidence_regime/structure_panel/esmfold_pdb/YP_010085086.1.pdb
	YP_009666918.1	Peribunyaviridae		1433	1433	49.335	46.24	20.63	88.0	0.179	0.0				6nk7-assembly1_D	4.133E-10	1.000	482	13.600	4.486E-01	4.144E-01	1.559E-01	4.018E-01	0.336	Chikungunya virus	foldseek_only_low_model_confidence	runs/v2_full_test_evidence_regime/structure_panel/esmfold_pdb/YP_009666918.1.pdb
	YP_010840790.1	Peribunyaviridae		1468	1468	49.334	47.225	19.25	90.03	0.163	0.001				6imm-assembly1_N	3.995E-14	1.000	454	11.200	4.362E-01	3.988E-01	1.518E-01	3.937E-01	0.309	Sindbis virus	foldseek_only_low_model_confidence	runs/v2_full_test_evidence_regime/structure_panel/esmfold_pdb/YP_010840790.1.pdb
	YP_010839572.1	Peribunyaviridae		1437	1437	49.317	45.21	21.65	92.78	0.183	0.008				7a57-assembly1_C	1.787E-32	1.000	431	41.200	6.124E-01	4.833E-01	1.612E-01	4.703E-01	0.3	La Crosse virus L78	foldseek_only_low_model_confidence	runs/v2_full_test_evidence_regime/structure_panel/esmfold_pdb/YP_010839572.1.pdb
	YP_009666977.1	Peribunyaviridae		1442	1442	49.277	45.635	21.03	93.3	0.193	0.01				7a57-assembly1_C	2.325E-51	1.000	440	78.100	6.490E-01	4.625E-01	1.566E-01	4.596E-01	0.305	La Crosse virus L78	foldseek_only_low_model_confidence	runs/v2_full_test_evidence_regime/structure_panel/esmfold_pdb/YP_009666977.1.pdb
	YP_010061889.1	Timshelvirus		139	139	49.245	48.13	34.84	64.78	0.0	0.0				6ynz-assembly1_p	8.780E+00	0.214	65	15.300	6.374E-01	6.553E-01	3.086E-01	2.872E-01	0.468	Tetrahymena thermophila	weak_or_inconclusive	runs/v2_full_test_evidence_regime/structure_panel/esmfold_pdb/YP_010061889.1.pdb
	YP_009551965.1	Hamaparvovirinae		474	474	49.204	40.34	20.84	89.99	0.3	0.0				7l0y-assembly1_A	1.753E-06	1.000	531	11.600	3.909E-01	4.408E-01	3.820E-01	3.540E-01	1.12	Human bocavirus 1	foldseek_only_low_model_confidence	runs/v2_full_test_evidence_regime/structure_panel/esmfold_pdb/YP_009551965.1.pdb
	YP_010084736.1	Ensavirinae		2323	2323	49.196	46.5	17.73	90.63	0.241	0.001				4k50-assembly2_E	5.712E-29	1.000	467	50.900	5.666E-01	7.198E-01	1.578E-01	7.183E-01	0.201	rhinovirus A16	weak_or_inconclusive	runs/v2_full_test_evidence_regime/structure_panel/esmfold_pdb/YP_010084736.1.pdb
	YP_010839533.1	Peribunyaviridae		1433	1433	49.008	47.14	20.54	88.75	0.159	0.0				7qqb-assembly1_B	3.838E-13	1.000	448	15.600	4.488E-01	4.528E-01	1.695E-01	4.327E-01	0.313	Orthohantavirus puumalaense	foldseek_only_low_model_confidence	runs/v2_full_test_evidence_regime/structure_panel/esmfold_pdb/YP_010839533.1.pdb
	YP_009505592.1	Hexponivirinae		222	222	48.927	47.15	25.55	79.56	0.18	0.0				5eox-assembly1_B	4.413E+00	0.076	87	19.500	4.266E-01	4.455E-01	1.584E-01	1.070E-01	0.392	Pseudomonas aeruginosa PAO1	weak_or_inconclusive	runs/v2_full_test_evidence_regime/structure_panel/esmfold_pdb/YP_009505592.1.pdb
	YP_010840701.1	Peribunyaviridae		1430	1430	48.869	46.645	20.38	89.18	0.165	0.0				8ewf-assembly1_A	1.549E-12	1.000	459	11.700	4.827E-01	3.967E-01	1.570E-01	3.805E-01	0.321	Chikungunya virus	foldseek_only_low_model_confidence	runs/v2_full_test_evidence_regime/structure_panel/esmfold_pdb/YP_010840701.1.pdb
	YP_010840679.1	Peribunyaviridae		1461	1461	48.837	44.45	21.41	91.32	0.192	0.005				7a57-assembly1_C	2.651E-36	1.000	431	44.700	6.395E-01	4.902E-01	1.611E-01	4.780E-01	0.295	La Crosse virus L78	foldseek_only_low_model_confidence	runs/v2_full_test_evidence_regime/structure_panel/esmfold_pdb/YP_010840679.1.pdb
	YP_009789411.1	Yoloswagvirus		73	73	48.8	48.99	35.51	59.47	0.0	0.0				6cnc-assembly1_I	2.967E-01	0.632	33	27.200	6.066E-01	5.675E-01	3.375E-01	4.948E-01	0.452	Saccharomyces cerevisiae S288C	weak_or_inconclusive	runs/v2_full_test_evidence_regime/structure_panel/esmfold_pdb/YP_009789411.1.pdb
	YP_006590081.1	Peribunyaviridae		1403	1403	48.784	45.77	19.33	94.12	0.171	0.02				7a57-assembly1_C	9.369E-34	1.000	440	38.100	6.208E-01	4.990E-01	1.783E-01	4.951E-01	0.314	La Crosse virus L78	foldseek_only_low_model_confidence	runs/v2_full_test_evidence_regime/structure_panel/esmfold_pdb/YP_006590081.1.pdb
	NP_570796.1	Gammaherpesvirinae		828	828	48.711	37.25	18.81	92.43	0.287	0.023				7jk1-assembly1_A	7.158E-04	1.000	297	10.100	3.869E-01	5.993E-01	1.945E-01	5.110E-01	0.359	Homo sapiens	foldseek_only_low_model_confidence	runs/v2_full_test_evidence_regime/structure_panel/esmfold_pdb/NP_570796.1.pdb
	YP_010840717.1	Peribunyaviridae		1428	1428	48.602	45.58	19.66	88.97	0.165	0.0				7a56-assembly1_A	4.917E-26	1.000	423	38.500	6.051E-01	4.661E-01	1.577E-01	4.632E-01	0.296	Bovine Schmallenberg virus BH80/Germany/2011	foldseek_only_low_model_confidence	runs/v2_full_test_evidence_regime/structure_panel/esmfold_pdb/YP_010840717.1.pdb
	YP_010840646.1	Peribunyaviridae		1445	1445	48.56	45.45	19.05	91.49	0.167	0.001				7a57-assembly1_C	9.648E-32	1.000	424	41.700	6.114E-01	4.664E-01	1.493E-01	4.474E-01	0.293	La Crosse virus L78	foldseek_only_low_model_confidence	runs/v2_full_test_evidence_regime/structure_panel/esmfold_pdb/YP_010840646.1.pdb
	YP_006590070.1	Peribunyaviridae		1404	1404	48.522	46.075	20.6	89.52	0.17	0.0				6imm-assembly1_N	7.407E-12	1.000	463	13.300	4.738E-01	4.598E-01	1.695E-01	4.573E-01	0.33	Sindbis virus	foldseek_only_low_model_confidence	runs/v2_full_test_evidence_regime/structure_panel/esmfold_pdb/YP_006590070.1.pdb
	YP_010084513.1	Gammaherpesvirinae		853	853	48.482	36.06	20.59	94.27	0.274	0.038				7jlg-assembly1_A	1.124E-03	1.000	309	13.900	3.754E-01	5.220E-01	1.776E-01	4.885E-01	0.362	Homo sapiens	foldseek_only_low_model_confidence	runs/v2_full_test_evidence_regime/structure_panel/esmfold_pdb/YP_010084513.1.pdb
	YP_010840626.1	Peribunyaviridae		1463	1463	48.439	44.75	20.65	91.17	0.19	0.003				7a57-assembly1_C	1.726E-32	1.000	438	44.200	6.049E-01	4.619E-01	1.499E-01	4.581E-01	0.299	La Crosse virus L78	foldseek_only_low_model_confidence	runs/v2_full_test_evidence_regime/structure_panel/esmfold_pdb/YP_010840626.1.pdb
	YP_009333485.1	Riboviria		2178	2178	48.397	41.21	18.85	94.15	0.252	0.022				2e9r-assembly1_X	1.291E-11	1.000	501	19.700	4.327E-01	6.991E-01	1.635E-01	6.509E-01	0.23	Foot-and-mouth disease virus C-S8c1	weak_or_inconclusive	runs/v2_full_test_evidence_regime/structure_panel/esmfold_pdb/YP_009333485.1.pdb
	YP_008433399.1	Baikalvirus		824	824	48.379	36.73	19.52	94.7	0.282	0.042				7aef-assembly1_q	4.874E-17	1.000	415	14.400	5.338E-01	7.089E-01	3.392E-01	4.638E-01	0.504	Algoriphagus machipongonensis	foldseek_only_low_model_confidence	runs/v2_full_test_evidence_regime/structure_panel/esmfold_pdb/YP_008433399.1.pdb
	YP_010839606.1	Peribunyaviridae		1430	1430	48.336	45.6	20.23	89.56	0.163	0.0				8dec-assembly1_A	1.825E-11	1.000	475	11.700	4.748E-01	3.992E-01	1.587E-01	3.911E-01	0.332	Western equine encephalitis virus	foldseek_only_low_model_confidence	runs/v2_full_test_evidence_regime/structure_panel/esmfold_pdb/YP_010839606.1.pdb
	YP_009667039.1	Peribunyaviridae		1435	1435	48.311	44.87	20.36	90.8	0.164	0.001				7a56-assembly1_A	9.976E-29	1.000	423	34.000	6.307E-01	4.823E-01	1.582E-01	4.792E-01	0.295	Bovine Schmallenberg virus BH80/Germany/2011	foldseek_only_low_model_confidence	runs/v2_full_test_evidence_regime/structure_panel/esmfold_pdb/YP_009667039.1.pdb
	YP_009507865.1	Peribunyaviridae		1443	1443	48.095	45.63	19.99	88.1	0.163	0.0				7a56-assembly1_A	8.601E-26	1.000	431	36.600	5.961E-01	4.549E-01	1.510E-01	4.520E-01	0.299	Bovine Schmallenberg virus BH80/Germany/2011	foldseek_only_low_model_confidence	runs/v2_full_test_evidence_regime/structure_panel/esmfold_pdb/YP_009507865.1.pdb
	YP_009336855.1	Riboviria		1959	1959	48.086	38.02	16.25	93.83	0.294	0.043				2uuw-assembly1_A	1.985E-11	1.000	528	15.100	5.013E-01	7.697E-01	1.852E-01	6.815E-01	0.27	Sapporo virus	foldseek_only_low_model_confidence	runs/v2_full_test_evidence_regime/structure_panel/esmfold_pdb/YP_009336855.1.pdb
	YP_009667046.1	Peribunyaviridae		1425	1425	48.084	45.98	19.58	91.22	0.168	0.004				7a57-assembly1_C	4.826E-32	1.000	442	39.500	6.078E-01	4.908E-01	1.686E-01	4.867E-01	0.31	La Crosse virus L78	foldseek_only_low_model_confidence	runs/v2_full_test_evidence_regime/structure_panel/esmfold_pdb/YP_009667046.1.pdb
	NP_148951.1	Geminiviridae		115	115	48.083	49.07	27.13	68.68	0.0	0.0				7y5e-assembly1_FN	1.280E+00	0.537	45	24.400	5.216E-01	7.119E-01	3.171E-01	2.367E-01	0.391	Porphyridium purpureum	weak_or_inconclusive	runs/v2_full_test_evidence_regime/structure_panel/esmfold_pdb/NP_148951.1.pdb
	YP_007005416.1	Drexlerviridae		152	152	48.07	39.615	28.56	83.21	0.138	0.0				3bd1-assembly1_A-1	1.905E-01	0.991	59	25.400	5.611E-01	7.156E-01	2.736E-01	5.871E-01	0.388	Xylella fastidiosa subsp. sandyi Ann-1	foldseek_only_low_model_confidence	runs/v2_full_test_evidence_regime/structure_panel/esmfold_pdb/YP_007005416.1.pdb
	YP_009666961.1	Peribunyaviridae		1443	1443	47.936	44.03	19.76	93.02	0.18	0.009				7a57-assembly1_C	1.426E-49	1.000	436	78.600	6.429E-01	4.810E-01	1.589E-01	4.750E-01	0.302	La Crosse virus L78	foldseek_only_low_model_confidence	runs/v2_full_test_evidence_regime/structure_panel/esmfold_pdb/YP_009666961.1.pdb
	YP_009666976.1	Peribunyaviridae		1441	1441	47.92	44.3	20.61	91.32	0.169	0.002				7a57-assembly1_C	4.302E-48	1.000	428	80.800	6.400E-01	4.785E-01	1.562E-01	4.693E-01	0.297	La Crosse virus L78	foldseek_only_low_model_confidence	runs/v2_full_test_evidence_regime/structure_panel/esmfold_pdb/YP_009666976.1.pdb
	YP_010840090.1	Fimoviridae		612	612	47.911	44.515	23.04	91.75	0.131	0.007				6egu-assembly1_B	1.927E-04	1.000	448	8.400	3.567E-01	4.005E-01	2.398E-01	3.160E-01	0.732	Rift Valley fever virus	foldseek_only_low_model_confidence	runs/v2_full_test_evidence_regime/structure_panel/esmfold_pdb/YP_010840090.1.pdb
	YP_009173935.1	Gammaherpesvirinae		853	853	47.718	36.37	19.4	92.51	0.267	0.02				5l2x-assembly1_A	3.504E-04	1.000	361	11.900	3.913E-01	5.738E-01	2.096E-01	5.703E-01	0.423	Homo sapiens	foldseek_only_low_model_confidence	runs/v2_full_test_evidence_regime/structure_panel/esmfold_pdb/YP_009173935.1.pdb
	YP_010839648.1	Peribunyaviridae		1433	1433	47.684	43.67	18.89	90.43	0.157	0.001				7a56-assembly1_A	8.247E-28	1.000	423	39.400	6.008E-01	4.605E-01	1.543E-01	4.585E-01	0.295	Bovine Schmallenberg virus BH80/Germany/2011	foldseek_only_low_model_confidence	runs/v2_full_test_evidence_regime/structure_panel/esmfold_pdb/YP_010839648.1.pdb
	YP_009362985.1	Peribunyaviridae		1421	1421	47.661	44.85	20.6	88.46	0.147	0.0				7a57-assembly1_C	8.597E-33	1.000	433	41.800	6.106E-01	4.600E-01	1.678E-01	4.555E-01	0.305	La Crosse virus L78	foldseek_only_low_model_confidence	runs/v2_full_test_evidence_regime/structure_panel/esmfold_pdb/YP_009362985.1.pdb
	YP_009507860.1	Peribunyaviridae		1408	1408	47.621	42.18	20.99	91.29	0.183	0.003				7a57-assembly1_C	9.225E-38	1.000	431	40.100	6.367E-01	4.629E-01	1.523E-01	4.501E-01	0.306	La Crosse virus L78	foldseek_only_low_model_confidence	runs/v2_full_test_evidence_regime/structure_panel/esmfold_pdb/YP_009507860.1.pdb
	YP_009333477.1	Riboviria		995	995	47.529	43.38	20.64	93.9	0.143	0.019				3tgj-assembly1_E	8.174E-07	1.000	240	9.100	4.857E-01	6.581E-01	1.643E-01	6.473E-01	0.241	Rattus norvegicus	weak_or_inconclusive	runs/v2_full_test_evidence_regime/structure_panel/esmfold_pdb/YP_009333477.1.pdb
	YP_010840776.1	Peribunyaviridae		1432	1432	47.445	42.735	20.47	90.33	0.18	0.001				7a57-assembly1_C	2.403E-32	1.000	416	43.500	6.187E-01	4.747E-01	1.525E-01	4.516E-01	0.291	La Crosse virus L78	foldseek_only_low_model_confidence	runs/v2_full_test_evidence_regime/structure_panel/esmfold_pdb/YP_010840776.1.pdb
	YP_009666274.1	Mymonaviridae		2010	2010	47.434	40.05	17.83	94.93	0.271	0.056				8kdc-assembly1_A	1.382E-38	1.000	2244	14.200	3.963E-01	4.622E-01	4.453E-01	4.253E-01	1.116	Human respirovirus 3	foldseek_only_low_model_confidence	runs/v2_full_test_evidence_regime/structure_panel/esmfold_pdb/YP_009666274.1.pdb
	YP_009666937.1	Peribunyaviridae		1446	1446	47.384	44.815	19.41	87.95	0.169	0.0				4hjc-assembly1_A	3.184E-13	1.000	444	9.600	4.732E-01	5.114E-01	1.650E-01	4.705E-01	0.307	Rift Valley fever virus	foldseek_only_low_model_confidence	runs/v2_full_test_evidence_regime/structure_panel/esmfold_pdb/YP_009666937.1.pdb
	NP_690097.1	Geminiviridae		116	116	47.263	45.28	27.0	68.7	0.0	0.0				7y5e-assembly1_FN	2.338E+00	0.382	45	26.600	5.206E-01	7.594E-01	3.233E-01	2.415E-01	0.388	Porphyridium purpureum	weak_or_inconclusive	runs/v2_full_test_evidence_regime/structure_panel/esmfold_pdb/NP_690097.1.pdb
	YP_010839906.1	Peribunyaviridae		1431	1431	47.244	42.55	19.05	88.89	0.162	0.0				7a57-assembly1_C	1.618E-29	1.000	437	37.700	5.887E-01	4.850E-01	1.673E-01	4.760E-01	0.305	La Crosse virus L78	foldseek_only_low_model_confidence	runs/v2_full_test_evidence_regime/structure_panel/esmfold_pdb/YP_010839906.1.pdb
	YP_009205496.1	Lclasvirinae		158	158	47.21	44.575	27.06	82.83	0.076	0.0				3a4t-assembly2_B	2.028E-01	0.138	71	16.900	3.075E-01	3.417E-01	1.590E-01	1.138E-01	0.449	Methanocaldococcus jannaschii	weak_or_inconclusive	runs/v2_full_test_evidence_regime/structure_panel/esmfold_pdb/YP_009205496.1.pdb
	YP_010797560.1	Mymonaviridae		2009	2009	47.168	40.65	17.23	94.24	0.256	0.045				8izl-assembly1_A	3.771E-34	1.000	2131	15.500	4.156E-01	4.807E-01	4.368E-01	4.252E-01	1.061	Mumps orthorubulavirus	foldseek_only_low_model_confidence	runs/v2_full_test_evidence_regime/structure_panel/esmfold_pdb/YP_010797560.1.pdb
	YP_009881459.1	Twarogvirinae		1285	1285	47.061	46.77	20.45	84.08	0.065	0.0				6ct8-assembly1_A	2.223E-03	1.000	139	18.700	5.831E-01	5.608E-01	7.116E-02	3.134E-01	0.108	Pseudomonas aeruginosa PAO1	weak_or_inconclusive	runs/v2_full_test_evidence_regime/structure_panel/esmfold_pdb/YP_009881459.1.pdb
	YP_438172.1	Gammaherpesvirinae		324	324	47.025	46.72	30.1	67.5	0.0	0.0				7rdr-assembly1_A	1.912E-01	0.941	352	11.300	4.346E-01	4.189E-01	3.902E-01	3.072E-01	1.086	unidentified	foldseek_only_low_model_confidence	runs/v2_full_test_evidence_regime/structure_panel/esmfold_pdb/YP_438172.1.pdb
	YP_009838087.1	Beephvirinae		69	69	47.019	44.54	40.3	61.43	0.0	0.0																runs/v2_full_test_evidence_regime/structure_panel/esmfold_pdb/YP_009838087.1.pdb
	YP_004010270.1	Twarogvirinae		153	153	47.002	46.73	30.29	63.48	0.0	0.0				7nmn-assembly1_A	2.668E+00	0.138	177	10.100	5.413E-01	4.073E-01	3.840E-01	1.605E-01	1.157	Oryctolagus cuniculus	weak_or_inconclusive	runs/v2_full_test_evidence_regime/structure_panel/esmfold_pdb/YP_004010270.1.pdb
	NP_042787.1	Asfarviridae		530	530	47.001	35.93	20.88	95.5	0.242	0.07				7bq9-assembly1_A	1.325E-19	1.000	151	100.000	8.149E-01	9.387E-01	2.756E-01	9.210E-01	0.285	African swine fever virus	foldseek_only_low_model_confidence	runs/v2_full_test_evidence_regime/structure_panel/esmfold_pdb/NP_042787.1.pdb
	YP_010784554.1	Mymonaviridae		1941	1941	46.904	38.86	17.03	94.5	0.241	0.053				8kdc-assembly1_A	1.240E-34	1.000	2253	14.300	3.788E-01	4.433E-01	4.285E-01	3.962E-01	1.161	Human respirovirus 3	foldseek_only_low_model_confidence	runs/v2_full_test_evidence_regime/structure_panel/esmfold_pdb/YP_010784554.1.pdb
	YP_010840723.1	Peribunyaviridae		1433	1433	46.891	45.18	19.93	88.53	0.141	0.0				7a57-assembly1_C	3.598E-31	1.000	436	39.400	6.166E-01	4.691E-01	1.595E-01	4.623E-01	0.304	La Crosse virus L78	foldseek_only_low_model_confidence	runs/v2_full_test_evidence_regime/structure_panel/esmfold_pdb/YP_010840723.1.pdb
	YP_009098383.1	Slopekvirinae		134	134	46.881	46.28	33.03	66.05	0.0	0.0																runs/v2_full_test_evidence_regime/structure_panel/esmfold_pdb/YP_009098383.1.pdb
	YP_009336758.1	Riboviria		1635	1635	46.777	35.35	16.91	95.6	0.292	0.052				3h98-assembly1_A	7.295E-10	1.000	559	11.200	4.017E-01	6.248E-01	2.097E-01	5.423E-01	0.342	Hepatitis C virus (isolate BK)	foldseek_only_low_model_confidence	runs/v2_full_test_evidence_regime/structure_panel/esmfold_pdb/YP_009336758.1.pdb
	NP_803547.1	Geminiviridae		116	116	46.735	44.115	28.22	69.25	0.0	0.0				6zxs-assembly1_F	2.876E+00	0.720	39	23.000	6.757E-01	8.557E-01	3.130E-01	2.392E-01	0.336	Pisum sativum	weak_or_inconclusive	runs/v2_full_test_evidence_regime/structure_panel/esmfold_pdb/NP_803547.1.pdb
	YP_009322820.1	Guernseyvirinae		59	59	46.656	45.23	35.82	60.21	0.0	0.0				4oje-assembly1_H	9.808E+00	0.069	14	35.700	4.403E-01	7.092E-01	2.233E-01	3.031E-02	0.237	Caenorhabditis elegans	weak_or_inconclusive	runs/v2_full_test_evidence_regime/structure_panel/esmfold_pdb/YP_009322820.1.pdb
	YP_009903268.1	Drexlerviridae		141	141	46.622	44.76	36.15	58.84	0.0	0.0																runs/v2_full_test_evidence_regime/structure_panel/esmfold_pdb/YP_009903268.1.pdb
	YP_009831859.1	Borockvirus		1025	1025	46.599	37.53	19.62	96.93	0.22	0.075				8auc-assembly3_A	1.273E-05	1.000	600	16.600	3.986E-01	2.393E-01	1.138E-01	2.368E-01	0.585	Corynebacterium glutamicum ATCC 13032	foldseek_only_low_model_confidence	runs/v2_full_test_evidence_regime/structure_panel/esmfold_pdb/YP_009831859.1.pdb
	YP_009329973.1	Riboviria		663	663	46.514	36.15	18.8	92.84	0.244	0.024				5j96-assembly1_C	2.668E-08	1.000	225	12.000	6.224E-01	7.654E-01	2.530E-01	3.971E-01	0.339	Slow bee paralysis virus	foldseek_only_low_model_confidence	runs/v2_full_test_evidence_regime/structure_panel/esmfold_pdb/YP_009329973.1.pdb
	YP_010103633.1	Frickvirinae		1837	1837	46.5	40.51	21.37	91.46	0.16	0.007				8e2i-assembly1_F	5.065E-01	0.984	175	11.400	5.702E-01	4.863E-01	5.081E-02	4.580E-01	0.095	Homo sapiens	weak_or_inconclusive	runs/v2_full_test_evidence_regime/structure_panel/esmfold_pdb/YP_010103633.1.pdb
	YP_009337393.1	Riboviria		1826	1826	46.47	38.4	17.77	94.04	0.25	0.026				7y38-assembly1_X	6.475E-07	1.000	449	15.300	3.735E-01	6.548E-01	1.738E-01	4.604E-01	0.246	Onyong-nyong virus	weak_or_inconclusive	runs/v2_full_test_evidence_regime/structure_panel/esmfold_pdb/YP_009337393.1.pdb
	YP_010840273.1	Peribunyaviridae		1124	1124	46.417	47.87	18.33	91.89	0.182	0.004				7a56-assembly1_A	3.757E-25	1.000	394	22.800	5.716E-01	6.285E-01	2.525E-01	5.684E-01	0.351	Bovine Schmallenberg virus BH80/Germany/2011	foldseek_only_low_model_confidence	runs/v2_full_test_evidence_regime/structure_panel/esmfold_pdb/YP_010840273.1.pdb
	YP_009666932.1	Peribunyaviridae		1461	1461	46.402	43.33	18.29	89.12	0.157	0.0				6nk7-assembly1_D	8.139E-12	1.000	454	12.900	4.698E-01	3.844E-01	1.492E-01	3.681E-01	0.311	Chikungunya virus	foldseek_only_low_model_confidence	runs/v2_full_test_evidence_regime/structure_panel/esmfold_pdb/YP_009666932.1.pdb
	YP_010839480.1	Peribunyaviridae		1462	1462	46.365	41.63	19.7	90.52	0.182	0.001				6nk7-assembly1_D	9.416E-13	1.000	468	14.300	4.768E-01	4.305E-01	1.593E-01	4.168E-01	0.32	Chikungunya virus	foldseek_only_low_model_confidence	runs/v2_full_test_evidence_regime/structure_panel/esmfold_pdb/YP_010839480.1.pdb
	YP_009100281.1	Sepvirinae		48	48	46.255	46.42	39.79	55.46	0.0	0.0																runs/v2_full_test_evidence_regime/structure_panel/esmfold_pdb/YP_009100281.1.pdb
	YP_010582218.1	Guernseyvirinae		79	79	46.17	42.22	36.07	71.5	0.013	0.0				4v4i-assembly1_p	7.680E+00	0.040	71	18.300	5.863E-01	3.703E-01	3.373E-01	3.128E-01	0.899	Thermus thermophilus HB27	weak_or_inconclusive	runs/v2_full_test_evidence_regime/structure_panel/esmfold_pdb/YP_010582218.1.pdb
	YP_010582300.1	Guernseyvirinae		79	79	46.17	42.22	36.07	71.5	0.013	0.0				4v4i-assembly1_p	7.680E+00	0.040	71	18.300	5.863E-01	3.703E-01	3.373E-01	3.128E-01	0.899	Thermus thermophilus HB27	weak_or_inconclusive	runs/v2_full_test_evidence_regime/structure_panel/esmfold_pdb/YP_010582300.1.pdb
	YP_009666184.1	Drexlerviridae		141	141	46.053	43.36	35.85	58.48	0.0	0.0																runs/v2_full_test_evidence_regime/structure_panel/esmfold_pdb/YP_009666184.1.pdb
	YP_009146260.1	Ounavirinae		50	50	46.02	46.425	36.2	51.23	0.0	0.0				6kez-assembly1_P	3.137E+00	0.214	46	17.300	7.418E-01	7.488E-01	6.837E-01	5.148E-01	0.92	Arabidopsis thaliana	weak_or_inconclusive	runs/v2_full_test_evidence_regime/structure_panel/esmfold_pdb/YP_009146260.1.pdb
	YP_009229889.1	Gammaherpesvirinae		874	874	45.986	36.285	20.35	90.89	0.212	0.003				7jkl-assembly1_A	4.471E-04	1.000	320	12.800	4.062E-01	5.667E-01	1.896E-01	5.354E-01	0.366	Homo sapiens	foldseek_only_low_model_confidence	runs/v2_full_test_evidence_regime/structure_panel/esmfold_pdb/YP_009229889.1.pdb
	YP_010839940.1	Peribunyaviridae		1444	1444	45.967	42.41	19.2	88.11	0.163	0.0				7a57-assembly1_C	7.998E-34	1.000	443	38.600	6.014E-01	4.667E-01	1.550E-01	4.628E-01	0.307	La Crosse virus L78	foldseek_only_low_model_confidence	runs/v2_full_test_evidence_regime/structure_panel/esmfold_pdb/YP_010839940.1.pdb
	YP_009666931.1	Peribunyaviridae		1461	1461	45.94	42.1	19.23	90.62	0.174	0.001				8ua4-assembly1_J	3.472E-15	1.000	469	15.300	4.705E-01	3.938E-01	1.556E-01	3.878E-01	0.321	Eastern equine encephalitis virus	foldseek_only_low_model_confidence	runs/v2_full_test_evidence_regime/structure_panel/esmfold_pdb/YP_009666931.1.pdb
	YP_007349085.1	Ackermannviridae		255	255	45.888	44.12	26.38	73.51	0.027	0.0				5iv7-assembly1_F	1.896E-03	0.998	168	8.900	4.371E-01	4.581E-01	2.705E-01	2.427E-01	0.659	Tequatrovirus T4	foldseek_only_low_model_confidence	runs/v2_full_test_evidence_regime/structure_panel/esmfold_pdb/YP_007349085.1.pdb
	YP_010002592.1	Stackebrandtviridae		220	220	45.796	37.64	26.64	92.49	0.164	0.009				5z57-assembly1_R	2.418E+00	0.020	187	11.200	3.633E-01	1.705E-01	1.448E-01	1.102E-01	0.85	Homo sapiens	weak_or_inconclusive	runs/v2_full_test_evidence_regime/structure_panel/esmfold_pdb/YP_010002592.1.pdb
	YP_009808761.1	Drexlerviridae		101	101	45.756	46.72	31.33	60.94	0.0	0.0				5ik2-assembly1_B	2.199E+00	0.098	69	20.200	4.292E-01	4.024E-01	2.947E-01	8.735E-02	0.683	Caldalkalibacillus thermarum TA2.A1	weak_or_inconclusive	runs/v2_full_test_evidence_regime/structure_panel/esmfold_pdb/YP_009808761.1.pdb
	YP_009333347.1	Riboviria		1244	1244	45.721	31.585	18.69	94.68	0.273	0.055				8sxu-assembly1_A	3.209E-05	1.000	365	10.900	3.891E-01	5.831E-01	1.668E-01	2.692E-01	0.293	Homo sapiens	foldseek_only_low_model_confidence	runs/v2_full_test_evidence_regime/structure_panel/esmfold_pdb/YP_009333347.1.pdb
	YP_009551866.1	Gammaherpesvirinae		111	111	45.719	45.52	34.67	58.72	0.0	0.0																runs/v2_full_test_evidence_regime/structure_panel/esmfold_pdb/YP_009551866.1.pdb
	YP_001129457.1	Gammaherpesvirinae		874	874	45.685	33.31	19.48	93.54	0.24	0.023				7jkp-assembly1_A	2.835E-04	1.000	196	16.300	4.084E-01	6.398E-01	1.450E-01	4.214E-01	0.224	Homo sapiens	weak_or_inconclusive	runs/v2_full_test_evidence_regime/structure_panel/esmfold_pdb/YP_001129457.1.pdb
	YP_009336727.1	Xinmoviridae		704	704	45.652	41.155	18.09	85.05	0.152	0.0				5udd-assembly1_A	2.124E-04	1.000	184	13.500	3.301E-01	5.214E-01	1.486E-01	2.209E-01	0.261	Human Respiratory syncytial virus 9320	foldseek_only_low_model_confidence	runs/v2_full_test_evidence_regime/structure_panel/esmfold_pdb/YP_009336727.1.pdb
	YP_009552827.1	Parvovirinae		672	672	45.532	36.615	16.34	88.7	0.202	0.0				4iov-assembly1_A	7.043E-22	1.000	570	25.200	5.114E-01	5.297E-01	3.869E-01	4.894E-01	0.848	Adeno-associated virus	foldseek_only_low_model_confidence	runs/v2_full_test_evidence_regime/structure_panel/esmfold_pdb/YP_009552827.1.pdb
	YP_010087497.1	Gammaherpesvirinae		850	850	45.526	34.9	20.73	93.98	0.224	0.02				7jk1-assembly1_A	3.109E-03	1.000	217	17.000	3.606E-01	5.964E-01	1.478E-01	4.078E-01	0.255	Homo sapiens	foldseek_only_low_model_confidence	runs/v2_full_test_evidence_regime/structure_panel/esmfold_pdb/YP_010087497.1.pdb
	YP_010840910.1	Peribunyaviridae		255	255	45.462	44.57	22.54	89.85	0.055	0.0				4jng-assembly1_B	4.598E-07	1.000	199	32.600	5.366E-01	5.182E-01	4.148E-01	4.772E-01	0.78	Schmallenberg virus	foldseek_only_low_model_confidence	runs/v2_full_test_evidence_regime/structure_panel/esmfold_pdb/YP_010840910.1.pdb
	YP_009333517.1	Riboviria		2471	2471	45.424	34.76	16.52	93.04	0.235	0.019				1sh3-assembly1_A	8.169E-11	1.000	554	17.500	3.623E-01	7.686E-01	1.736E-01	7.562E-01	0.224	Norwalk virus	weak_or_inconclusive	runs/v2_full_test_evidence_regime/structure_panel/esmfold_pdb/YP_009333517.1.pdb
	YP_009324889.1	Ferrettivirinae		2146	2146	45.21	42.545	22.91	77.57	0.026	0.0				7aef-assembly1_q	2.132E-07	1.000	369	11.300	3.902E-01	6.751E-01	1.170E-01	3.892E-01	0.172	Algoriphagus machipongonensis	weak_or_inconclusive	runs/v2_full_test_evidence_regime/structure_panel/esmfold_pdb/YP_009324889.1.pdb
	YP_001086463.1	Geminiviridae		100	100	45.097	42.55	34.9	68.62	0.0	0.0																runs/v2_full_test_evidence_regime/structure_panel/esmfold_pdb/YP_001086463.1.pdb
	YP_009333216.1	Riboviria		2241	2241	44.783	34.3	17.6	93.34	0.226	0.012				7y38-assembly1_X	1.159E-11	1.000	397	18.600	4.517E-01	7.873E-01	1.491E-01	5.029E-01	0.177	Onyong-nyong virus	weak_or_inconclusive	runs/v2_full_test_evidence_regime/structure_panel/esmfold_pdb/YP_009333216.1.pdb
	YP_010840622.1	Peribunyaviridae		233	233	44.78	44.3	28.27	74.01	0.004	0.0				4j1j-assembly1_D	1.586E-13	1.000	229	52.400	5.934E-01	5.354E-01	5.261E-01	5.316E-01	0.983	Leanyer virus	foldseek_only_low_model_confidence	runs/v2_full_test_evidence_regime/structure_panel/esmfold_pdb/YP_010840622.1.pdb
	YP_009302387.1	Xinmoviridae		2026	2026	44.616	36.475	17.61	94.2	0.203	0.036				8izm-assembly1_A	1.878E-24	1.000	1252	16.700	4.457E-01	6.282E-01	3.675E-01	5.253E-01	0.618	Mumps virus strain Jeryl Lynn	foldseek_only_low_model_confidence	runs/v2_full_test_evidence_regime/structure_panel/esmfold_pdb/YP_009302387.1.pdb
	NP_042653.1	Gammaherpesvirinae		884	884	44.517	34.145	20.53	88.97	0.193	0.0				7jkl-assembly1_A	1.115E-04	1.000	355	12.300	3.633E-01	5.056E-01	1.826E-01	4.927E-01	0.402	Homo sapiens	foldseek_only_low_model_confidence	runs/v2_full_test_evidence_regime/structure_panel/esmfold_pdb/NP_042653.1.pdb
	YP_004010302.1	Twarogvirinae		334	334	44.465	38.38	22.15	91.96	0.12	0.006				5hx2-assembly1_C	1.377E-18	1.000	332	63.800	4.291E-01	3.117E-01	3.066E-01	3.081E-01	0.994	Tequatrovirus T4	foldseek_only_low_model_confidence	runs/v2_full_test_evidence_regime/structure_panel/esmfold_pdb/YP_004010302.1.pdb
	YP_010653495.1	Attisvirus		90	90	44.397	42.775	26.45	56.47	0.0	0.0				6cga-assembly1_A	2.666E+00	0.106	73	16.400	6.557E-01	4.499E-01	3.484E-01	1.220E-01	0.811	Drosophila melanogaster	weak_or_inconclusive	runs/v2_full_test_evidence_regime/structure_panel/esmfold_pdb/YP_010653495.1.pdb
	YP_009796298.1	Ackermannviridae		185	185	44.32	37.04	23.58	92.9	0.157	0.076				7kmt-assembly1_K	1.599E+00	0.090	96	11.400	4.164E-01	3.583E-01	2.312E-01	2.868E-01	0.519	Saccharomyces cerevisiae	weak_or_inconclusive	runs/v2_full_test_evidence_regime/structure_panel/esmfold_pdb/YP_009796298.1.pdb
	YP_008709778.1	Peribunyaviridae		237	237	44.074	43.9	24.92	78.64	0.017	0.0				4jng-assembly1_B	1.563E-05	1.000	213	39.400	4.472E-01	4.881E-01	4.417E-01	4.759E-01	0.899	Schmallenberg virus	foldseek_only_low_model_confidence	runs/v2_full_test_evidence_regime/structure_panel/esmfold_pdb/YP_008709778.1.pdb
	YP_009229903.1	Gammaherpesvirinae		469	469	44.066	41.78	23.27	69.42	0.0	0.0				5h7c-assembly2_C	6.617E-03	0.994	475	12.000	3.894E-01	2.734E-01	2.477E-01	2.731E-01	1.013	Staphylococcus aureus	foldseek_only_low_model_confidence	runs/v2_full_test_evidence_regime/structure_panel/esmfold_pdb/YP_009229903.1.pdb
	YP_009330258.1	Riboviria		1209	1209	44.058	40.46	18.43	88.87	0.135	0.0				3jb7-assembly1_A	1.079E-34	1.000	1039	32.300	5.013E-01	6.229E-01	5.161E-01	5.204E-01	0.859	Bombyx mori cypovirus 1	foldseek_only_low_model_confidence	runs/v2_full_test_evidence_regime/structure_panel/esmfold_pdb/YP_009330258.1.pdb
	YP_009329972.1	Riboviria		2242	2242	43.99	31.63	16.67	94.79	0.224	0.045				1sh3-assembly1_A	4.669E-13	1.000	520	17.300	4.944E-01	8.359E-01	1.843E-01	7.532E-01	0.232	Norwalk virus	weak_or_inconclusive	runs/v2_full_test_evidence_regime/structure_panel/esmfold_pdb/YP_009329972.1.pdb
	YP_009337897.1	Riboviria		244	244	43.93	43.07	31.77	61.83	0.0	0.0				8f6r-assembly1_A	6.835E-01	0.473	144	12.500	4.364E-01	4.864E-01	2.867E-01	3.090E-01	0.59	synthetic construct	weak_or_inconclusive	runs/v2_full_test_evidence_regime/structure_panel/esmfold_pdb/YP_009337897.1.pdb
	YP_009833161.1	Ackermannviridae		145	145	43.848	37.84	26.67	73.17	0.041	0.0				2wa8-assembly2_C	7.542E+00	0.098	60	16.600	5.459E-01	5.157E-01	1.980E-01	2.685E-01	0.414	Escherichia coli K-12	weak_or_inconclusive	runs/v2_full_test_evidence_regime/structure_panel/esmfold_pdb/YP_009833161.1.pdb
	YP_010065021.1	Drexlerviridae		258	258	43.791	31.6	22.37	91.7	0.186	0.012				2f8l-assembly1_A	5.005E-01	0.179	122	13.100	3.848E-01	4.299E-01	2.082E-01	1.734E-01	0.473	Listeria monocytogenes	weak_or_inconclusive	runs/v2_full_test_evidence_regime/structure_panel/esmfold_pdb/YP_010065021.1.pdb
	YP_009118446.1	Gammaherpesvirinae		921	921	43.761	31.89	20.51	94.07	0.212	0.021				7jkl-assembly1_A	1.489E-05	1.000	244	15.900	3.641E-01	5.733E-01	1.531E-01	4.399E-01	0.265	Homo sapiens	foldseek_only_low_model_confidence	runs/v2_full_test_evidence_regime/structure_panel/esmfold_pdb/YP_009118446.1.pdb
	NP_808767.1	Geminiviridae		114	114	43.713	40.82	25.7	65.1	0.0	0.0				6l4u-assembly1_F	2.321E+00	0.692	41	24.300	6.875E-01	7.834E-01	2.833E-01	2.028E-01	0.36	Chaetoceros neogracilis	weak_or_inconclusive	runs/v2_full_test_evidence_regime/structure_panel/esmfold_pdb/NP_808767.1.pdb
	YP_010839275.1	Geminiviridae		129	129	43.687	43.29	30.16	63.97	0.0	0.0				6yfe-assembly1_AA	2.376E+00	0.069	51	9.800	3.603E-01	4.549E-01	1.661E-01	1.606E-01	0.395	Beihai levi-like virus 19	weak_or_inconclusive	runs/v2_full_test_evidence_regime/structure_panel/esmfold_pdb/YP_010839275.1.pdb
	YP_009337270.1	Riboviria		457	457	43.651	37.51	21.0	82.43	0.123	0.0				4hv4-assembly2_B	2.077E-02	0.442	156	16.000	3.364E-01	3.130E-01	1.134E-01	1.123E-01	0.341	Yersinia pestis CO92	weak_or_inconclusive	runs/v2_full_test_evidence_regime/structure_panel/esmfold_pdb/YP_009337270.1.pdb
	YP_010062143.1	Myradeevirus		54	54	43.534	41.445	32.01	60.54	0.0	0.0				2lp7-assembly1_A	8.719E+00	0.020	44	13.600	4.964E-01	2.764E-01	2.449E-01	2.323E-01	0.815	Human immunodeficiency virus 1	weak_or_inconclusive	runs/v2_full_test_evidence_regime/structure_panel/esmfold_pdb/YP_010062143.1.pdb
	YP_010801696.1	Gammaherpesvirinae		170	170	43.521	43.1	28.75	68.83	0.0	0.0				7qtt-assembly1_q	6.342E+00	0.040	55	12.700	4.652E-01	3.689E-01	1.740E-01	3.056E-01	0.324	Homo sapiens	weak_or_inconclusive	runs/v2_full_test_evidence_regime/structure_panel/esmfold_pdb/YP_010801696.1.pdb
	YP_009507872.1	Peribunyaviridae		1592	1592	43.513	37.87	19.76	88.23	0.129	0.0				7a57-assembly1_C	3.117E-29	1.000	428	43.900	5.968E-01	4.702E-01	1.363E-01	4.481E-01	0.269	La Crosse virus L78	foldseek_only_low_model_confidence	runs/v2_full_test_evidence_regime/structure_panel/esmfold_pdb/YP_009507872.1.pdb
	YP_009552532.1	Gammaherpesvirinae		332	332	43.363	35.895	20.14	92.25	0.075	0.021				4pbv-assembly2_B	6.027E-01	0.326	152	5.900	3.763E-01	5.150E-01	1.882E-01	2.356E-01	0.458	Gallus gallus	weak_or_inconclusive	runs/v2_full_test_evidence_regime/structure_panel/esmfold_pdb/YP_009552532.1.pdb
	YP_009666194.1	Drexlerviridae		75	75	43.348	43.55	35.85	49.78	0.0	0.0				9cjf-assembly1_E	8.332E+00	0.010	43	18.600	3.561E-01	2.047E-01	1.488E-01	1.301E-01	0.573	Azotobacter vinelandii	weak_or_inconclusive	runs/v2_full_test_evidence_regime/structure_panel/esmfold_pdb/YP_009666194.1.pdb
	YP_010013127.1	Lclasvirinae		155	155	43.323	38.31	20.52	81.83	0.116	0.0				3zvm-assembly1_B	6.697E+00	0.063	40	12.500	3.398E-01	5.057E-01	1.957E-01	8.997E-02	0.258	Mus musculus	weak_or_inconclusive	runs/v2_full_test_evidence_regime/structure_panel/esmfold_pdb/YP_010013127.1.pdb
	YP_010839920.1	Peribunyaviridae		236	236	43.227	43.0	26.25	76.05	0.025	0.0				8e12-assembly1_B	2.312E-01	0.795	203	10.300	5.024E-01	3.874E-01	2.674E-01	3.623E-01	0.86	synthetic construct	weak_or_inconclusive	runs/v2_full_test_evidence_regime/structure_panel/esmfold_pdb/YP_010839920.1.pdb
	YP_009333546.1	Riboviria		2574	2574	43.173	29.43	15.55	92.31	0.224	0.011				2wk4-assembly1_A	9.398E-17	1.000	551	18.500	4.582E-01	7.885E-01	1.642E-01	7.797E-01	0.214	Sapporo virus	weak_or_inconclusive	runs/v2_full_test_evidence_regime/structure_panel/esmfold_pdb/YP_009333546.1.pdb
	YP_009880931.1	Twarogvirinae		1030	1030	43.155	35.61	17.16	92.72	0.158	0.011				5hx2-assembly1_A	7.331E-56	1.000	1078	55.000	4.404E-01	1.992E-01	1.987E-01	1.987E-01	1.047	Tequatrovirus T4	foldseek_only_low_model_confidence	runs/v2_full_test_evidence_regime/structure_panel/esmfold_pdb/YP_009880931.1.pdb
	YP_010840271.1	Peribunyaviridae		237	237	43.024	40.31	28.53	71.34	0.013	0.0				1hyw-assembly1_A	2.386E+00	0.569	48	14.500	5.839E-01	5.533E-01	1.602E-01	4.847E-01	0.203	Lambdavirus lambda	weak_or_inconclusive	runs/v2_full_test_evidence_regime/structure_panel/esmfold_pdb/YP_010840271.1.pdb
	YP_009597364.1	Guernseyvirinae		265	265	42.95	42.13	27.41	69.97	0.0	0.0				5irg-assembly1_A	1.121E+00	0.214	43	18.600	3.795E-01	4.815E-01	9.376E-02	8.705E-02	0.162	Roseburia intestinalis XB6B4	weak_or_inconclusive	runs/v2_full_test_evidence_regime/structure_panel/esmfold_pdb/YP_009597364.1.pdb
	YP_009117084.1	Peribunyaviridae		236	236	42.85	43.645	25.77	73.15	0.008	0.0				8xjg-assembly1_A	3.371E+00	0.537	87	14.900	5.283E-01	6.488E-01	2.519E-01	3.874E-01	0.369	Vibrio parahaemolyticus	weak_or_inconclusive	runs/v2_full_test_evidence_regime/structure_panel/esmfold_pdb/YP_009117084.1.pdb
	YP_007673883.1	Eurybiavirus		363	363	42.778	40.11	24.66	79.81	0.036	0.0				8asl-assembly1_A	5.051E-17	1.000	329	74.400	4.957E-01	4.074E-01	3.306E-01	4.035E-01	0.906	Synechocystis sp. PCC 6803	foldseek_only_low_model_confidence	runs/v2_full_test_evidence_regime/structure_panel/esmfold_pdb/YP_007673883.1.pdb
	YP_009837446.1	Enquatrovirinae		164	164	42.709	41.415	28.57	66.69	0.0	0.0				4y2o-assembly1_A	5.506E+00	0.076	29	24.100	3.311E-01	5.845E-01	1.336E-01	1.065E-01	0.177	Escherichia coli ETEC H10407	weak_or_inconclusive	runs/v2_full_test_evidence_regime/structure_panel/esmfold_pdb/YP_009837446.1.pdb
	YP_010839622.1	Peribunyaviridae		245	245	42.667	42.17	26.46	74.64	0.012	0.0				4cqo-assembly2_A	1.175E+00	0.098	182	10.900	3.560E-01	2.432E-01	1.700E-01	9.999E-02	0.743	Homo sapiens	weak_or_inconclusive	runs/v2_full_test_evidence_regime/structure_panel/esmfold_pdb/YP_010839622.1.pdb
	YP_010087794.1	Geminiviridae		172	172	42.575	38.37	28.37	78.81	0.029	0.0																runs/v2_full_test_evidence_regime/structure_panel/esmfold_pdb/YP_010087794.1.pdb
	YP_009168865.1	Guernseyvirinae		230	230	42.346	43.235	25.96	68.1	0.0	0.0				5c8h-assembly1_A	4.820E+00	0.057	97	17.500	4.151E-01	3.276E-01	1.645E-01	2.836E-01	0.422	Homo sapiens	weak_or_inconclusive	runs/v2_full_test_evidence_regime/structure_panel/esmfold_pdb/YP_009168865.1.pdb
	YP_009333492.1	Riboviria		2518	2518	42.315	27.505	16.3	92.23	0.229	0.008				6gvy-assembly1_A	7.328E-10	1.000	499	20.000	3.784E-01	8.141E-01	1.666E-01	7.970E-01	0.198	Foot and mouth disease virus C	weak_or_inconclusive	runs/v2_full_test_evidence_regime/structure_panel/esmfold_pdb/YP_009333492.1.pdb
	YP_005090505.1	Parvovirinae		918	918	42.205	32.96	16.95	90.13	0.179	0.001				8ep9-assembly1_A	5.168E-37	1.000	514	59.500	5.043E-01	4.952E-01	2.872E-01	4.672E-01	0.56	Human parvovirus 4	foldseek_only_low_model_confidence	runs/v2_full_test_evidence_regime/structure_panel/esmfold_pdb/YP_005090505.1.pdb
	YP_010840721.1	Peribunyaviridae		420	420	42.139	40.105	24.76	80.35	0.069	0.0				5fu6-assembly2_A	1.777E+00	0.069	238	15.500	3.080E-01	2.286E-01	1.373E-01	1.178E-01	0.567	Homo sapiens	weak_or_inconclusive	runs/v2_full_test_evidence_regime/structure_panel/esmfold_pdb/YP_010840721.1.pdb
	YP_009337846.1	Riboviria		350	350	42.026	37.95	19.19	70.16	0.003	0.0				4fte-assembly1_B	8.119E-22	1.000	366	36.000	5.002E-01	5.899E-01	5.504E-01	5.783E-01	1.046	Flock House virus	foldseek_only_low_model_confidence	runs/v2_full_test_evidence_regime/structure_panel/esmfold_pdb/YP_009337846.1.pdb
	YP_009607668.1	Benedictvirus		154	154	42.003	40.365	27.07	63.86	0.0	0.0																runs/v2_full_test_evidence_regime/structure_panel/esmfold_pdb/YP_009607668.1.pdb
	YP_009208900.1	Benedictvirus		47	47	41.977	41.09	36.38	50.86	0.0	0.0																runs/v2_full_test_evidence_regime/structure_panel/esmfold_pdb/YP_009208900.1.pdb
	YP_004322509.1	Eurybiavirus		74	74	41.907	40.93	34.43	50.75	0.0	0.0																runs/v2_full_test_evidence_regime/structure_panel/esmfold_pdb/YP_004322509.1.pdb
	YP_009342305.1	Riboviria		176	176	41.809	41.885	24.67	57.94	0.0	0.0				7f0k-assembly1_B	4.925E+00	0.214	74	13.500	4.947E-01	7.247E-01	3.291E-01	6.690E-01	0.42	Trypanosoma brucei gambiense DAL972	weak_or_inconclusive	runs/v2_full_test_evidence_regime/structure_panel/esmfold_pdb/YP_009342305.1.pdb
	YP_009118458.1	Gammaherpesvirinae		94	94	41.775	39.645	26.13	60.25	0.0	0.0				4l0r-assembly1_B	3.503E+00	0.601	54	9.200	7.520E-01	9.339E-01	5.459E-01	6.940E-01	0.574	Homo sapiens	weak_or_inconclusive	runs/v2_full_test_evidence_regime/structure_panel/esmfold_pdb/YP_009118458.1.pdb
	YP_009844347.1	Menderavirus		166	166	41.718	34.74	24.92	79.78	0.114	0.0																runs/v2_full_test_evidence_regime/structure_panel/esmfold_pdb/YP_009844347.1.pdb
	YP_009197012.1	Lclasvirinae		1808	1808	41.663	34.48	18.2	87.86	0.137	0.0				2b5u-assembly2_C	2.670E-01	0.961	155	16.700	4.465E-01	5.077E-01	6.633E-02	2.124E-01	0.086	Escherichia coli	weak_or_inconclusive	runs/v2_full_test_evidence_regime/structure_panel/esmfold_pdb/YP_009197012.1.pdb
	YP_009333545.1	Riboviria		2661	2661	41.579	31.01	16.48	92.32	0.175	0.001				4x2b-assembly1_A	3.146E-14	1.000	533	17.800	4.423E-01	8.283E-01	1.594E-01	8.155E-01	0.2	Foot-and-mouth disease virus (strain C1-Santa Pau)	weak_or_inconclusive	runs/v2_full_test_evidence_regime/structure_panel/esmfold_pdb/YP_009333545.1.pdb
	YP_009903246.1	Drexlerviridae		85	85	41.577	40.61	29.43	55.4	0.0	0.0				8ilc-assembly1_A	7.456E+00	0.069	14	28.500	3.163E-01	7.280E-01	1.590E-01	4.972E-02	0.165	Severe acute respiratory syndrome coronavirus 2	weak_or_inconclusive	runs/v2_full_test_evidence_regime/structure_panel/esmfold_pdb/YP_009903246.1.pdb
	YP_009333494.1	Riboviria		2535	2535	41.572	27.86	17.59	91.02	0.204	0.002				5n8x-assembly1_A	7.930E-17	1.000	485	19.700	4.844E-01	8.670E-01	1.639E-01	8.158E-01	0.191	Foot-and-mouth disease virus	weak_or_inconclusive	runs/v2_full_test_evidence_regime/structure_panel/esmfold_pdb/YP_009333494.1.pdb
	YP_009797875.1	Montyvirus		107	107	41.521	38.29	27.59	73.98	0.019	0.0				2my3-assembly1_A	1.057E+00	0.106	115	13.000	4.167E-01	3.608E-01	3.286E-01	3.069E-01	1.075	Saccharomyces cerevisiae S288C	weak_or_inconclusive	runs/v2_full_test_evidence_regime/structure_panel/esmfold_pdb/YP_009797875.1.pdb
	YP_009333565.1	Riboviria		1199	1199	41.495	30.01	17.61	84.33	0.166	0.0				1bmv-assembly1_2	1.598E-04	1.000	650	5.000	4.502E-01	5.250E-01	1.916E-01	5.025E-01	0.542	Bean pod mottle virus	foldseek_only_low_model_confidence	runs/v2_full_test_evidence_regime/structure_panel/esmfold_pdb/YP_009333565.1.pdb
	YP_009333602.1	Riboviria		2544	2544	41.436	28.43	15.85	91.78	0.201	0.009				2e9r-assembly1_X	1.016E-14	1.000	466	21.600	4.528E-01	8.558E-01	1.544E-01	7.728E-01	0.183	Foot-and-mouth disease virus C-S8c1	weak_or_inconclusive	runs/v2_full_test_evidence_regime/structure_panel/esmfold_pdb/YP_009333602.1.pdb
	YP_009342436.1	Riboviria		401	401	41.401	36.3	19.93	84.82	0.11	0.0				8gpu-assembly1_I	1.497E-01	0.069	179	13.400	2.639E-01	1.734E-01	7.202E-02	7.404E-02	0.446	Yellow fever virus	weak_or_inconclusive	runs/v2_full_test_evidence_regime/structure_panel/esmfold_pdb/YP_009342436.1.pdb
	YP_009336710.1	Riboviria		1156	1156	41.353	33.215	17.04	88.39	0.14	0.0				1bmv-assembly1_2	5.447E-08	1.000	410	8.200	4.539E-01	3.440E-01	1.420E-01	3.303E-01	0.355	Bean pod mottle virus	foldseek_only_low_model_confidence	runs/v2_full_test_evidence_regime/structure_panel/esmfold_pdb/YP_009336710.1.pdb
	YP_010840630.1	Peribunyaviridae		236	236	41.343	41.09	26.49	65.14	0.0	0.0				7wzb-assembly1_B	5.283E-01	0.106	231	13.400	4.368E-01	1.884E-01	1.741E-01	1.667E-01	0.979	Salmonella enterica subsp. enterica serovar Typhimurium str. LT2	weak_or_inconclusive	runs/v2_full_test_evidence_regime/structure_panel/esmfold_pdb/YP_010840630.1.pdb
	NP_808752.1	Geminiviridae		129	129	41.314	40.62	28.21	61.23	0.0	0.0				3wwn-assembly1_B-2	7.024E+00	0.045	34	11.700	4.613E-01	5.579E-01	1.777E-01	3.679E-01	0.264	Thermus thermophilus HB27	weak_or_inconclusive	runs/v2_full_test_evidence_regime/structure_panel/esmfold_pdb/NP_808752.1.pdb
	YP_010742760.1	Stanbaylleyvirinae		139	139	41.199	40.55	28.03	55.42	0.0	0.0																runs/v2_full_test_evidence_regime/structure_panel/esmfold_pdb/YP_010742760.1.pdb
	YP_008433402.1	Baikalvirus		1176	1176	40.979	32.065	18.16	95.43	0.166	0.049				4nso-assembly1_A-2	8.964E-10	1.000	195	36.900	6.858E-01	9.134E-01	1.572E-01	8.788E-01	0.166	Vibrio cholerae O1 biovar El Tor str. N16961	weak_or_inconclusive	runs/v2_full_test_evidence_regime/structure_panel/esmfold_pdb/YP_008433402.1.pdb
	YP_009507863.1	Peribunyaviridae		247	247	40.974	38.9	24.87	77.68	0.04	0.0				3qtm-assembly2_B	1.978E+00	0.098	241	11.200	3.436E-01	2.655E-01	2.347E-01	1.979E-01	0.976	Schizosaccharomyces pombe	weak_or_inconclusive	runs/v2_full_test_evidence_regime/structure_panel/esmfold_pdb/YP_009507863.1.pdb
	YP_010839907.1	Peribunyaviridae		236	236	40.928	39.125	21.2	69.96	0.0	0.0				8e0m-assembly2_E	3.702E+00	0.126	182	10.900	4.475E-01	3.608E-01	2.479E-01	3.452E-01	0.771	synthetic construct	weak_or_inconclusive	runs/v2_full_test_evidence_regime/structure_panel/esmfold_pdb/YP_010839907.1.pdb
	YP_009333143.1	Riboviria		2645	2645	40.905	26.27	15.76	91.57	0.205	0.002				4o4r-assembly2_B	1.683E-11	1.000	529	18.100	3.570E-01	8.160E-01	1.581E-01	8.048E-01	0.2	Murine norovirus 1	weak_or_inconclusive	runs/v2_full_test_evidence_regime/structure_panel/esmfold_pdb/YP_009333143.1.pdb
	YP_009508295.1	Geminiviridae		131	131	40.849	40.29	26.75	63.43	0.0	0.0				6j6q-assembly1_F	1.049E+00	0.116	72	9.700	4.318E-01	3.552E-01	1.946E-01	1.613E-01	0.55	Saccharomyces cerevisiae S288C	weak_or_inconclusive	runs/v2_full_test_evidence_regime/structure_panel/esmfold_pdb/YP_009508295.1.pdb
	YP_009337005.1	Riboviria		257	257	40.836	39.12	21.28	81.78	0.039	0.0				7ane-assembly1_Ab	8.660E+00	0.007	84	16.600	2.448E-01	2.050E-01	7.028E-02	6.959E-02	0.327	Leishmania major	weak_or_inconclusive	runs/v2_full_test_evidence_regime/structure_panel/esmfold_pdb/YP_009337005.1.pdb
	YP_009507372.1	Parvovirinae		820	820	40.814	30.715	18.25	86.63	0.163	0.0				9c27-assembly1_A	4.288E-37	1.000	559	60.800	4.785E-01	4.846E-01	3.247E-01	4.829E-01	0.682	Human parvovirus B19	foldseek_only_low_model_confidence	runs/v2_full_test_evidence_regime/structure_panel/esmfold_pdb/YP_009507372.1.pdb
	YP_010840713.1	Peribunyaviridae		240	240	40.609	38.685	26.43	60.11	0.0	0.0				3ab3-assembly2_D	7.214E+00	0.116	83	10.800	3.923E-01	4.957E-01	1.812E-01	2.359E-01	0.346	Homo sapiens	weak_or_inconclusive	runs/v2_full_test_evidence_regime/structure_panel/esmfold_pdb/YP_010840713.1.pdb
	YP_009507880.1	Peribunyaviridae		237	237	40.489	41.06	23.65	59.42	0.0	0.0				5ip3-assembly1_C	7.228E+00	0.082	157	10.100	4.272E-01	4.332E-01	2.780E-01	2.693E-01	0.662	Orthotospovirus tomatomaculae	weak_or_inconclusive	runs/v2_full_test_evidence_regime/structure_panel/esmfold_pdb/YP_009507880.1.pdb
	YP_010086207.1	Peribunyaviridae		244	244	40.474	37.57	26.54	73.25	0.016	0.0				5cwb-assembly1_A	3.539E+00	0.082	216	12.000	4.101E-01	2.825E-01	2.270E-01	2.644E-01	0.885	synthetic construct	weak_or_inconclusive	runs/v2_full_test_evidence_regime/structure_panel/esmfold_pdb/YP_010086207.1.pdb
	YP_009361880.1	Parvovirinae		677	677	40.187	29.88	17.89	88.63	0.18	0.0				8ep2-assembly1_A	2.933E-59	1.000	606	85.300	4.717E-01	4.823E-01	4.191E-01	4.816E-01	0.895	Aleutian mink disease parvovirus	foldseek_only_low_model_confidence	runs/v2_full_test_evidence_regime/structure_panel/esmfold_pdb/YP_009361880.1.pdb
	YP_010667642.1	Menderavirus		211	211	39.954	39.34	27.19	57.89	0.0	0.0				9bia-assembly1_C	5.701E+00	0.040	117	11.100	4.106E-01	2.560E-01	1.494E-01	2.488E-01	0.555	Mus musculus	weak_or_inconclusive	runs/v2_full_test_evidence_regime/structure_panel/esmfold_pdb/YP_010667642.1.pdb
	YP_009666508.1	Geminiviridae		174	174	39.946	35.3	25.42	70.04	0.011	0.0				2yfr-assembly1_A	7.109E+00	0.034	18	5.500	3.163E-01	5.834E-01	1.001E-01	3.331E-02	0.103	Lactobacillus johnsonii	weak_or_inconclusive	runs/v2_full_test_evidence_regime/structure_panel/esmfold_pdb/YP_009666508.1.pdb
	YP_010114577.1	Immutovirus		337	337	39.919	33.89	22.07	79.4	0.062	0.0				8fk7-assembly1_B	1.977E+00	0.353	81	9.800	4.533E-01	6.688E-01	1.436E-01	3.270E-01	0.24	Pyrobaculum calidifontis	weak_or_inconclusive	runs/v2_full_test_evidence_regime/structure_panel/esmfold_pdb/YP_010114577.1.pdb
	YP_010084446.1	Geminiviridae		121	121	39.763	37.85	28.09	54.9	0.0	0.0				8utk-assembly1_B	5.538E+00	0.196	52	19.200	5.493E-01	7.083E-01	3.192E-01	6.243E-01	0.43	synthetic construct	weak_or_inconclusive	runs/v2_full_test_evidence_regime/structure_panel/esmfold_pdb/YP_010084446.1.pdb
	YP_010659761.1	Enquatrovirinae		158	158	39.588	37.98	29.3	54.62	0.0	0.0				2mra-assembly1_A	7.050E+00	0.029	83	12.000	3.042E-01	4.380E-01	2.120E-01	2.697E-01	0.525	synthetic construct	weak_or_inconclusive	runs/v2_full_test_evidence_regime/structure_panel/esmfold_pdb/YP_010659761.1.pdb
	NP_859416.1	Sepvirinae		88	88	39.564	39.92	26.49	49.85	0.0	0.0																runs/v2_full_test_evidence_regime/structure_panel/esmfold_pdb/NP_859416.1.pdb
	YP_004958226.1	Geminiviridae		129	129	39.506	38.04	29.96	55.38	0.0	0.0				1ccj-assembly1_A	2.961E+00	0.164	25	16.000	5.286E-01	6.451E-01	1.775E-01	8.193E-02	0.194	Saccharomyces cerevisiae	weak_or_inconclusive	runs/v2_full_test_evidence_regime/structure_panel/esmfold_pdb/YP_004958226.1.pdb
	YP_009362986.1	Peribunyaviridae		233	233	39.471	38.7	25.57	56.83	0.0	0.0				8wql-assembly1_b2	6.026E+00	0.029	139	16.500	3.368E-01	2.204E-01	1.309E-01	1.733E-01	0.597	Arthrospira sp. FACHB-439	weak_or_inconclusive	runs/v2_full_test_evidence_regime/structure_panel/esmfold_pdb/YP_009362986.1.pdb
	YP_006489041.1	Twarogvirinae		216	216	39.451	39.34	24.17	55.62	0.0	0.0				3v5y-assembly1_A	6.203E+00	0.045	151	11.900	4.152E-01	2.764E-01	2.051E-01	2.630E-01	0.699	Homo sapiens	weak_or_inconclusive	runs/v2_full_test_evidence_regime/structure_panel/esmfold_pdb/YP_006489041.1.pdb
	YP_010112137.1	Loutivirinae		155	155	39.438	39.41	29.59	50.26	0.0	0.0				8u1z-assembly1_A	6.866E+00	0.020	137	16.700	4.100E-01	2.286E-01	1.987E-01	2.254E-01	0.884	Homo sapiens	weak_or_inconclusive	runs/v2_full_test_evidence_regime/structure_panel/esmfold_pdb/YP_010112137.1.pdb
	YP_010840703.1	Peribunyaviridae		241	241	39.4	37.01	27.84	55.2	0.0	0.0				8v2d-assembly1_y	2.599E+00	0.098	234	15.800	4.171E-01	2.874E-01	2.571E-01	2.177E-01	0.971	synthetic construct	weak_or_inconclusive	runs/v2_full_test_evidence_regime/structure_panel/esmfold_pdb/YP_010840703.1.pdb
	YP_004821544.1	Geminiviridae		134	134	39.387	36.05	28.95	62.21	0.0	0.0																runs/v2_full_test_evidence_regime/structure_panel/esmfold_pdb/YP_004821544.1.pdb
	YP_004207814.1	Geminiviridae		129	129	39.298	38.24	27.4	62.98	0.0	0.0				1tn9-assembly1_A	4.286E+00	0.076	20	25.000	3.639E-01	5.805E-01	1.469E-01	2.650E-01	0.155	Enterococcus faecalis	weak_or_inconclusive	runs/v2_full_test_evidence_regime/structure_panel/esmfold_pdb/YP_004207814.1.pdb
	YP_980245.1	Geminiviridae		129	129	39.273	36.12	27.62	60.24	0.0	0.0																runs/v2_full_test_evidence_regime/structure_panel/esmfold_pdb/YP_980245.1.pdb
	YP_010659951.1	Enquatrovirinae		126	126	39.202	37.85	28.13	56.22	0.0	0.0																runs/v2_full_test_evidence_regime/structure_panel/esmfold_pdb/YP_010659951.1.pdb
	YP_008400136.1	Peribunyaviridae		442	442	39.194	36.705	24.0	82.85	0.059	0.0				7tbj-assembly1_A5	6.245E+00	0.029	232	14.600	3.216E-01	2.412E-01	1.290E-01	5.374E-02	0.525	Homo sapiens	weak_or_inconclusive	runs/v2_full_test_evidence_regime/structure_panel/esmfold_pdb/YP_008400136.1.pdb
	YP_010840594.1	Fimoviridae		179	179	39.132	38.16	28.26	67.17	0.0	0.0				5aup-assembly1_I	9.019E-01	0.196	88	13.600	4.021E-01	4.984E-01	2.375E-01	1.834E-01	0.492	Thermococcus kodakarensis KOD1	weak_or_inconclusive	runs/v2_full_test_evidence_regime/structure_panel/esmfold_pdb/YP_010840594.1.pdb
	NP_047226.1	Geminiviridae		129	129	39.131	39.19	27.46	55.99	0.0	0.0				7q8s-assembly1_A	3.925E+00	0.116	28	7.100	4.792E-01	5.858E-01	1.677E-01	6.711E-02	0.217	Leishmania major	weak_or_inconclusive	runs/v2_full_test_evidence_regime/structure_panel/esmfold_pdb/NP_047226.1.pdb
	YP_010790486.1	Metaparamyxovirinae		2180	2180	39.102	30.08	17.58	92.79	0.123	0.006				8kdb-assembly1_A	1.209E-63	1.000	2318	30.800	4.078E-01	2.296E-01	2.228E-01	2.286E-01	1.063	Human respirovirus 3	foldseek_only_low_model_confidence	runs/v2_full_test_evidence_regime/structure_panel/esmfold_pdb/YP_010790486.1.pdb
	YP_009666927.1	Peribunyaviridae		233	233	39.076	38.14	28.06	57.79	0.0	0.0				8imk-assembly1_s	5.705E+00	0.090	158	11.300	4.259E-01	3.518E-01	2.333E-01	3.066E-01	0.678	Anthocerotibacter panamensis	weak_or_inconclusive	runs/v2_full_test_evidence_regime/structure_panel/esmfold_pdb/YP_009666927.1.pdb
	YP_009336843.1	Riboviria		1279	1279	38.883	28.9	17.63	90.97	0.124	0.003				8c4t-assembly1_A	1.962E-03	1.000	822	9.900	3.343E-01	4.288E-01	2.081E-01	2.095E-01	0.643	Hantaan virus 76-118	foldseek_only_low_model_confidence	runs/v2_full_test_evidence_regime/structure_panel/esmfold_pdb/YP_009336843.1.pdb
	YP_009902711.1	Drexlerviridae		71	71	38.881	37.04	26.56	55.54	0.0	0.0				3ro5-assembly1_B	2.428E+00	0.233	18	33.300	4.246E-01	7.660E-01	2.433E-01	4.215E-02	0.254	Influenza A virus (A/Wilson-Smith/1933(H1N1))	weak_or_inconclusive	runs/v2_full_test_evidence_regime/structure_panel/esmfold_pdb/YP_009902711.1.pdb
	YP_009845821.1	Ackermannviridae		146	146	38.851	36.29	26.94	62.33	0.0	0.0				8dd4-assembly1_B	1.434E+00	0.090	133	15.700	4.443E-01	2.679E-01	2.117E-01	1.207E-01	0.911	Homo sapiens	weak_or_inconclusive	runs/v2_full_test_evidence_regime/structure_panel/esmfold_pdb/YP_009845821.1.pdb
	YP_009330105.1	Riboviria		2208	2208	38.824	27.8	17.21	91.96	0.145	0.007				6ueb-assembly1_A	2.397E-25	1.000	2470	14.800	3.526E-01	3.266E-01	3.074E-01	3.204E-01	1.119	Rabies virus SAD B19	foldseek_only_low_model_confidence	runs/v2_full_test_evidence_regime/structure_panel/esmfold_pdb/YP_009330105.1.pdb
	YP_009229902.1	Gammaherpesvirinae		91	91	38.815	38.82	23.53	56.51	0.0	0.0				5eou-assembly2_B	2.859E+00	0.057	81	19.700	4.916E-01	3.608E-01	2.974E-01	9.348E-02	0.89	Pseudomonas aeruginosa PAO1	weak_or_inconclusive	runs/v2_full_test_evidence_regime/structure_panel/esmfold_pdb/YP_009229902.1.pdb
	YP_010839534.1	Peribunyaviridae		258	258	38.794	36.0	23.72	86.41	0.039	0.0				4bhh-assembly1_Z	3.221E-06	0.999	220	39.500	4.019E-01	2.320E-01	2.071E-01	2.259E-01	0.853	La Crosse virus	foldseek_only_low_model_confidence	runs/v2_full_test_evidence_regime/structure_panel/esmfold_pdb/YP_010839534.1.pdb
	YP_009507868.1	Peribunyaviridae		237	237	38.779	38.96	24.04	58.25	0.0	0.0				4v8a-assembly1_DO	4.368E+00	0.082	89	13.400	3.711E-01	3.576E-01	1.474E-01	3.050E-01	0.376	Thermus thermophilus HB8	weak_or_inconclusive	runs/v2_full_test_evidence_regime/structure_panel/esmfold_pdb/YP_009507868.1.pdb
	YP_009345123.1	Riboviria		1280	1280	38.753	32.63	17.57	87.83	0.104	0.0				4hjc-assembly1_A	6.465E-11	1.000	493	13.900	4.103E-01	3.678E-01	1.435E-01	3.639E-01	0.385	Rift Valley fever virus	foldseek_only_low_model_confidence	runs/v2_full_test_evidence_regime/structure_panel/esmfold_pdb/YP_009345123.1.pdb
	YP_010840689.1	Peribunyaviridae		269	269	38.661	37.49	24.08	76.26	0.011	0.0				6m6z-assembly1_D	2.920E+00	0.040	219	13.200	3.711E-01	1.894E-01	1.468E-01	1.793E-01	0.814	Escherichia coli	weak_or_inconclusive	runs/v2_full_test_evidence_regime/structure_panel/esmfold_pdb/YP_010840689.1.pdb
	YP_009842039.1	Ackermannviridae		227	227	38.64	39.06	25.44	51.59	0.0	0.0				7bcb-assembly1_B	8.117E+00	0.082	66	15.100	4.561E-01	4.331E-01	1.195E-01	2.705E-01	0.291	Escherichia coli K-12	weak_or_inconclusive	runs/v2_full_test_evidence_regime/structure_panel/esmfold_pdb/YP_009842039.1.pdb
	YP_004598983.1	Hexponivirinae		900	900	38.622	37.02	18.33	80.85	0.007	0.0				8tvg-assembly1_A	2.585E-05	1.000	312	11.800	3.278E-01	3.385E-01	1.465E-01	2.780E-01	0.347	Langya virus	foldseek_only_low_model_confidence	runs/v2_full_test_evidence_regime/structure_panel/esmfold_pdb/YP_004598983.1.pdb
	YP_794170.1	Geminiviridae		129	129	38.617	36.98	29.06	60.18	0.0	0.0				7p4l-assembly1_B	3.716E+00	0.116	34	11.700	4.745E-01	5.670E-01	1.992E-01	6.050E-02	0.264	metagenome	weak_or_inconclusive	runs/v2_full_test_evidence_regime/structure_panel/esmfold_pdb/YP_794170.1.pdb
	YP_003084134.1	Geminiviridae		85	85	38.59	39.71	26.86	46.05	0.0	0.0																runs/v2_full_test_evidence_regime/structure_panel/esmfold_pdb/YP_003084134.1.pdb
	YP_009336951.1	Riboviria		1011	1011	38.589	26.36	17.18	94.24	0.171	0.036				6izl-assembly1_C	6.511E-15	1.000	214	25.200	6.043E-01	7.449E-01	1.666E-01	7.046E-01	0.212	Wenzhou tombus-like virus 18	weak_or_inconclusive	runs/v2_full_test_evidence_regime/structure_panel/esmfold_pdb/YP_009336951.1.pdb
	YP_009094046.1	Sunviridae		447	447	38.576	37.34	22.98	65.46	0.0	0.0				6bk8-assembly1_L	4.082E-02	0.837	392	13.500	3.869E-01	2.359E-01	1.993E-01	2.123E-01	0.877	Saccharomyces cerevisiae S288C	weak_or_inconclusive	runs/v2_full_test_evidence_regime/structure_panel/esmfold_pdb/YP_009094046.1.pdb
	YP_010840775.1	Peribunyaviridae		233	233	38.533	37.07	25.37	56.86	0.0	0.0				4bhh-assembly1_B	5.305E-08	1.000	226	43.300	4.733E-01	2.763E-01	2.693E-01	2.711E-01	0.97	La Crosse virus	foldseek_only_low_model_confidence	runs/v2_full_test_evidence_regime/structure_panel/esmfold_pdb/YP_010840775.1.pdb
	YP_067978.1	Gammaherpesvirinae		614	614	38.397	33.63	20.45	83.12	0.065	0.0				7yla-assembly1_6	7.037E-01	0.382	88	15.900	4.281E-01	3.539E-01	7.355E-02	9.749E-02	0.143	Escherichia coli	weak_or_inconclusive	runs/v2_full_test_evidence_regime/structure_panel/esmfold_pdb/YP_067978.1.pdb
	YP_010775572.1	Parvovirinae		947	947	38.317	32.13	16.87	86.54	0.11	0.0				9b53-assembly1_A	1.342E-20	1.000	539	26.100	4.672E-01	5.109E-01	2.652E-01	4.663E-01	0.569	Adeno-associated virus	foldseek_only_low_model_confidence	runs/v2_full_test_evidence_regime/structure_panel/esmfold_pdb/YP_010775572.1.pdb
	YP_010839478.1	Peribunyaviridae		246	246	38.312	35.53	25.09	69.47	0.0	0.0				5h78-assembly1_B	1.522E+00	0.126	237	12.600	3.870E-01	2.767E-01	2.290E-01	2.676E-01	0.963	Homo sapiens	weak_or_inconclusive	runs/v2_full_test_evidence_regime/structure_panel/esmfold_pdb/YP_010839478.1.pdb
	YP_009508024.1	Geminiviridae		129	129	38.161	37.75	28.0	55.37	0.0	0.0				3rmu-assembly2_D	1.544E+00	0.069	40	22.500	3.583E-01	3.519E-01	1.400E-01	1.388E-01	0.31	Homo sapiens	weak_or_inconclusive	runs/v2_full_test_evidence_regime/structure_panel/esmfold_pdb/YP_009508024.1.pdb
	YP_010087211.1	Geminiviridae		129	129	38.11	36.65	24.32	52.43	0.0	0.0				8cvt-assembly1_A	4.150E+00	0.040	66	10.600	3.574E-01	3.540E-01	2.013E-01	7.940E-02	0.512	Homo sapiens	weak_or_inconclusive	runs/v2_full_test_evidence_regime/structure_panel/esmfold_pdb/YP_010087211.1.pdb
	YP_010084730.1	Geminiviridae		129	129	38.075	36.83	28.35	54.64	0.0	0.0				8bao-assembly1_B	1.674E+00	0.069	59	15.200	4.384E-01	3.516E-01	2.055E-01	9.137E-02	0.457	Dysgonamonadaceae bacterium	weak_or_inconclusive	runs/v2_full_test_evidence_regime/structure_panel/esmfold_pdb/YP_010084730.1.pdb
	YP_009126740.1	Peribunyaviridae		277	277	38.066	36.01	24.5	84.18	0.032	0.0				6sgw-assembly1_E	5.973E+00	0.040	250	12.000	3.289E-01	2.728E-01	2.049E-01	1.540E-01	0.903	Mycolicibacterium smegmatis MC2 155	weak_or_inconclusive	runs/v2_full_test_evidence_regime/structure_panel/esmfold_pdb/YP_009126740.1.pdb
	YP_009140566.1	Geminiviridae		134	134	37.881	37.37	27.7	48.86	0.0	0.0				7q8b-assembly1_A	4.297E+00	0.082	29	17.200	3.936E-01	5.677E-01	1.424E-01	5.582E-02	0.216	Leishmania major	weak_or_inconclusive	runs/v2_full_test_evidence_regime/structure_panel/esmfold_pdb/YP_009140566.1.pdb
	YP_010659710.1	Enquatrovirinae		146	146	37.854	36.275	25.24	55.65	0.0	0.0				4hi6-assembly1_B	9.389E+00	0.020	36	22.200	2.668E-01	4.548E-01	1.521E-01	1.606E-01	0.247	Borna disease virus	weak_or_inconclusive	runs/v2_full_test_evidence_regime/structure_panel/esmfold_pdb/YP_010659710.1.pdb
	YP_009666935.1	Peribunyaviridae		239	239	37.844	38.06	20.52	57.1	0.0	0.0				3zla-assembly2_D	2.761E-05	1.000	195	38.900	4.549E-01	3.962E-01	3.364E-01	3.489E-01	0.816	Bunyamwera virus	foldseek_only_low_model_confidence	runs/v2_full_test_evidence_regime/structure_panel/esmfold_pdb/YP_009666935.1.pdb
	YP_010087340.1	Geminiviridae		132	132	37.824	37.325	27.66	55.74	0.0	0.0				4ns4-assembly1_A	4.604E+00	0.076	28	21.400	4.311E-01	5.361E-01	1.446E-01	7.964E-02	0.212	Psychrobacter cryohalolentis K5	weak_or_inconclusive	runs/v2_full_test_evidence_regime/structure_panel/esmfold_pdb/YP_010087340.1.pdb
	YP_001648979.1	Geminiviridae		134	134	37.794	35.575	28.03	56.62	0.0	0.0				6xu6-assembly1_Cg	5.506E+00	0.057	32	21.800	3.888E-01	5.214E-01	1.549E-01	1.962E-01	0.239	Drosophila melanogaster	weak_or_inconclusive	runs/v2_full_test_evidence_regime/structure_panel/esmfold_pdb/YP_001648979.1.pdb
	YP_009512927.1	Peribunyaviridae		233	233	37.674	36.03	24.45	55.63	0.0	0.0				3wfo-assembly3_C	6.505E+00	0.106	89	6.700	4.512E-01	5.007E-01	2.247E-01	1.366E-01	0.382	Aquifex aeolicus VF5	weak_or_inconclusive	runs/v2_full_test_evidence_regime/structure_panel/esmfold_pdb/YP_009512927.1.pdb
	YP_459929.2	Geminiviridae		135	135	37.636	36.64	29.17	62.32	0.0	0.0				8rve-assembly1_n	8.508E+00	0.010	74	17.500	5.066E-01	1.746E-01	1.073E-01	6.981E-02	0.548	Homo sapiens	weak_or_inconclusive	runs/v2_full_test_evidence_regime/structure_panel/esmfold_pdb/YP_459929.2.pdb
	YP_009838282.1	Ackermannviridae		224	224	37.598	36.425	27.06	56.36	0.0	0.0				8e12-assembly1_B	4.476E+00	0.063	179	8.900	4.286E-01	2.637E-01	2.137E-01	2.607E-01	0.799	synthetic construct	weak_or_inconclusive	runs/v2_full_test_evidence_regime/structure_panel/esmfold_pdb/YP_009838282.1.pdb
	YP_010840665.1	Peribunyaviridae		311	311	37.474	36.67	22.18	63.08	0.0	0.0				4idx-assembly2_B	4.029E-03	0.887	200	30.000	4.156E-01	2.532E-01	1.801E-01	2.345E-01	0.643	Schmallenberg virus	weak_or_inconclusive	runs/v2_full_test_evidence_regime/structure_panel/esmfold_pdb/YP_010840665.1.pdb
	YP_009886933.1	Twarogvirinae		334	334	37.296	31.375	21.22	81.46	0.066	0.0				5hx2-assembly1_C	3.251E-19	1.000	262	68.700	4.339E-01	3.184E-01	2.680E-01	2.666E-01	0.784	Tequatrovirus T4	foldseek_only_low_model_confidence	runs/v2_full_test_evidence_regime/structure_panel/esmfold_pdb/YP_009886933.1.pdb
	YP_009337413.1	Riboviria		205	205	37.223	35.85	26.16	74.48	0.005	0.0				2z0v-assembly1_A	5.455E+00	0.301	55	12.700	5.583E-01	7.729E-01	2.399E-01	2.218E-01	0.268	Homo sapiens	weak_or_inconclusive	runs/v2_full_test_evidence_regime/structure_panel/esmfold_pdb/YP_009337413.1.pdb
	YP_009666925.1	Peribunyaviridae		232	232	37.175	35.04	23.76	60.6	0.0	0.0				4idx-assembly2_B	6.149E-11	1.000	207	66.600	4.374E-01	1.872E-01	1.759E-01	1.850E-01	0.892	Schmallenberg virus	foldseek_only_low_model_confidence	runs/v2_full_test_evidence_regime/structure_panel/esmfold_pdb/YP_009666925.1.pdb
	YP_009505366.1	Gammaherpesvirinae		162	162	37.099	36.93	22.99	50.83	0.0	0.0																runs/v2_full_test_evidence_regime/structure_panel/esmfold_pdb/YP_009505366.1.pdb
	YP_009042057.1	Geminiviridae		129	129	37.024	37.27	27.88	46.53	0.0	0.0				6w42-assembly1_A-2	4.701E+00	0.063	34	11.700	4.341E-01	4.353E-01	1.420E-01	1.326E-01	0.264	Human immunodeficiency virus 1	weak_or_inconclusive	runs/v2_full_test_evidence_regime/structure_panel/esmfold_pdb/YP_009042057.1.pdb
	NP_042640.1	Gammaherpesvirinae		598	598	37.014	33.455	20.42	83.02	0.047	0.0				3kih-assembly1_E	9.062E+00	0.098	50	14.000	3.968E-01	5.246E-01	4.660E-02	2.598E-01	0.084	synthetic construct	weak_or_inconclusive	runs/v2_full_test_evidence_regime/structure_panel/esmfold_pdb/NP_042640.1.pdb
	YP_009300682.1	Peribunyaviridae		1539	1539	37.0	29.3	17.37	85.21	0.094	0.0				7a57-assembly1_C	2.651E-22	1.000	430	23.700	5.757E-01	4.776E-01	1.520E-01	4.550E-01	0.279	La Crosse virus L78	foldseek_only_low_model_confidence	runs/v2_full_test_evidence_regime/structure_panel/esmfold_pdb/YP_009300682.1.pdb
	YP_009552533.1	Gammaherpesvirinae		111	111	36.913	36.41	27.77	48.27	0.0	0.0				7n40-assembly1_B	9.863E+00	0.011	80	17.500	3.800E-01	2.166E-01	1.547E-01	1.177E-01	0.721	Homo sapiens	weak_or_inconclusive	runs/v2_full_test_evidence_regime/structure_panel/esmfold_pdb/YP_009552533.1.pdb
	YP_005351245.1	Geminiviridae		134	134	36.765	36.04	27.44	50.16	0.0	0.0				8esr-assembly1_g	2.398E+00	0.090	25	16.000	3.498E-01	5.764E-01	1.486E-01	1.977E-01	0.187	Schizosaccharomyces pombe	weak_or_inconclusive	runs/v2_full_test_evidence_regime/structure_panel/esmfold_pdb/YP_005351245.1.pdb
	YP_010742928.1	Stanbaylleyvirinae		304	304	36.664	32.865	18.9	71.03	0.007	0.0				6aee-assembly1_G	4.397E-02	0.941	120	8.300	3.848E-01	6.374E-01	1.982E-01	1.664E-01	0.395	Homo sapiens	foldseek_only_low_model_confidence	runs/v2_full_test_evidence_regime/structure_panel/esmfold_pdb/YP_010742928.1.pdb
	YP_009885390.1	Twarogvirinae		106	106	36.577	35.345	20.41	60.97	0.0	0.0				6lgd-assembly1_A	3.184E+00	0.076	94	9.500	3.591E-01	4.281E-01	3.458E-01	8.841E-02	0.887	Bombyx mori	weak_or_inconclusive	runs/v2_full_test_evidence_regime/structure_panel/esmfold_pdb/YP_009885390.1.pdb
	NP_619681.1	Geminiviridae		135	135	36.509	34.69	27.78	62.45	0.0	0.0																runs/v2_full_test_evidence_regime/structure_panel/esmfold_pdb/NP_619681.1.pdb
	YP_009508330.1	Geminiviridae		129	129	36.459	36.35	24.38	50.46	0.0	0.0				6v4x-assembly1_C	2.927E+00	0.076	70	14.200	5.537E-01	3.147E-01	1.978E-01	2.105E-01	0.543	Homo sapiens	weak_or_inconclusive	runs/v2_full_test_evidence_regime/structure_panel/esmfold_pdb/YP_009508330.1.pdb
	YP_009553258.1	Riboviria		160	160	36.455	34.85	25.74	50.94	0.0	0.0				1ab8-assembly1_B	5.766E+00	0.090	66	12.100	4.218E-01	6.037E-01	2.382E-01	2.191E-01	0.412	Rattus norvegicus	weak_or_inconclusive	runs/v2_full_test_evidence_regime/structure_panel/esmfold_pdb/YP_009553258.1.pdb
	YP_008992049.1	Twarogvirinae		107	107	36.224	35.86	28.22	44.95	0.0	0.0				3zpn-assembly2_D	2.571E+00	0.164	41	9.700	3.481E-01	5.589E-01	2.627E-01	2.647E-01	0.383	Thermosynechococcus vestitus	weak_or_inconclusive	runs/v2_full_test_evidence_regime/structure_panel/esmfold_pdb/YP_008992049.1.pdb
	YP_010085072.1	Peribunyaviridae		244	244	36.199	34.6	26.18	52.94	0.0	0.0				5jr9-assembly1_B	1.031E+00	0.150	160	13.700	3.850E-01	2.710E-01	2.010E-01	2.397E-01	0.656	Nanoarchaeum equitans Kin4-M	weak_or_inconclusive	runs/v2_full_test_evidence_regime/structure_panel/esmfold_pdb/YP_010085072.1.pdb
	YP_009666933.1	Peribunyaviridae		246	246	36.19	31.135	23.85	71.34	0.008	0.0				2bkc-assembly1_A	8.767E+00	0.045	147	10.800	3.360E-01	3.236E-01	1.906E-01	2.786E-01	0.598	Listeria innocua	weak_or_inconclusive	runs/v2_full_test_evidence_regime/structure_panel/esmfold_pdb/YP_009666933.1.pdb
	YP_009173919.1	Gammaherpesvirinae		578	578	35.854	32.6	21.12	77.79	0.017	0.0				6dtl-assembly1_A	3.869E+00	0.301	29	17.200	4.388E-01	6.831E-01	4.521E-02	7.146E-02	0.05	Arabidopsis thaliana	weak_or_inconclusive	runs/v2_full_test_evidence_regime/structure_panel/esmfold_pdb/YP_009173919.1.pdb
	YP_009850222.1	Marfavirus		92	92	35.842	31.54	24.41	65.83	0.0	0.0				7of0-assembly1_9	4.691E+00	0.009	86	19.700	3.782E-01	1.492E-01	1.347E-01	1.147E-01	0.935	Homo sapiens	weak_or_inconclusive	runs/v2_full_test_evidence_regime/structure_panel/esmfold_pdb/YP_009850222.1.pdb
	YP_009508351.1	Geminiviridae		135	135	35.753	34.76	27.54	50.81	0.0	0.0				1ub4-assembly1_C-2	6.283E+00	0.011	71	11.200	3.080E-01	2.419E-01	1.296E-01	2.056E-01	0.526	Escherichia coli	weak_or_inconclusive	runs/v2_full_test_evidence_regime/structure_panel/esmfold_pdb/YP_009508351.1.pdb
	YP_010087784.1	Geminiviridae		129	129	35.738	32.71	26.35	51.43	0.0	0.0																runs/v2_full_test_evidence_regime/structure_panel/esmfold_pdb/YP_010087784.1.pdb
	YP_010087827.1	Geminiviridae		141	141	35.725	34.86	27.66	52.97	0.0	0.0																runs/v2_full_test_evidence_regime/structure_panel/esmfold_pdb/YP_010087827.1.pdb
	YP_009506247.1	Bidnaviridae		499	499	35.598	25.66	18.57	73.39	0.016	0.0				3n7x-assembly1_A	1.980E-01	0.326	45	13.300	2.436E-01	6.152E-01	7.740E-02	1.233E-01	0.09	Decapod penstyldensovirus 1	weak_or_inconclusive	runs/v2_full_test_evidence_regime/structure_panel/esmfold_pdb/YP_009506247.1.pdb
	YP_009118457.1	Gammaherpesvirinae		288	288	35.555	34.69	23.06	68.38	0.0	0.0				5eke-assembly1_B	1.394E-01	0.254	128	16.400	2.900E-01	4.533E-01	2.053E-01	1.990E-01	0.444	Synechocystis sp. PCC 6803 substr. Kazusa	weak_or_inconclusive	runs/v2_full_test_evidence_regime/structure_panel/esmfold_pdb/YP_009118457.1.pdb
	NP_044880.1	Gammaherpesvirinae		567	567	35.511	33.67	21.28	60.43	0.0	0.0				6rvs-assembly1_A	2.792E-08	1.000	555	27.700	3.563E-01	1.802E-01	1.400E-01	1.784E-01	0.979	human gammaherpesvirus 4	foldseek_only_low_model_confidence	runs/v2_full_test_evidence_regime/structure_panel/esmfold_pdb/NP_044880.1.pdb
	YP_009362025.1	Peribunyaviridae		226	226	35.406	34.595	21.3	55.53	0.0	0.0				3dd9-assembly1_B	7.258E+00	0.016	147	13.600	3.239E-01	2.383E-01	1.418E-01	2.307E-01	0.65	Punavirus P1	weak_or_inconclusive	runs/v2_full_test_evidence_regime/structure_panel/esmfold_pdb/YP_009362025.1.pdb
	YP_009666887.1	Peribunyaviridae		235	235	35.391	33.05	25.67	56.9	0.0	0.0				7vea-assembly1_aJ	3.940E+00	0.069	146	15.700	3.715E-01	3.163E-01	2.060E-01	2.658E-01	0.621	Thermosynechococcus vestitus BP-1	weak_or_inconclusive	runs/v2_full_test_evidence_regime/structure_panel/esmfold_pdb/YP_009666887.1.pdb
	YP_009337661.1	Riboviria		396	396	35.349	31.455	20.84	66.99	0.0	0.0				5eob-assembly1_A	8.892E+00	0.063	43	16.200	3.448E-01	6.141E-01	8.958E-02	1.199E-01	0.109	Homo sapiens	weak_or_inconclusive	runs/v2_full_test_evidence_regime/structure_panel/esmfold_pdb/YP_009337661.1.pdb
	YP_009505396.1	Gammaherpesvirinae		778	778	35.242	30.15	18.58	89.57	0.039	0.0				7s1b-assembly1_A	5.141E-10	1.000	470	30.200	3.936E-01	2.740E-01	1.793E-01	2.041E-01	0.604	human gammaherpesvirus 4	foldseek_only_low_model_confidence	runs/v2_full_test_evidence_regime/structure_panel/esmfold_pdb/YP_009505396.1.pdb
	YP_009345003.1	Riboviria		406	406	35.241	28.415	20.33	65.99	0.0	0.0				8rnu-assembly1_J	1.611E+00	0.098	91	8.700	3.320E-01	4.467E-01	1.142E-01	3.411E-01	0.224	Homo sapiens	weak_or_inconclusive	runs/v2_full_test_evidence_regime/structure_panel/esmfold_pdb/YP_009345003.1.pdb
	NP_803148.1	Geminiviridae		127	127	35.209	34.16	22.9	50.57	0.0	0.0																runs/v2_full_test_evidence_regime/structure_panel/esmfold_pdb/NP_803148.1.pdb
	YP_004464926.1	Parahepevirinae		184	184	35.202	35.285	20.63	53.13	0.0	0.0				4p7f-assembly1_A	1.971E-02	0.747	191	8.300	3.628E-01	4.383E-01	3.919E-01	3.501E-01	1.038	Mus musculus	weak_or_inconclusive	runs/v2_full_test_evidence_regime/structure_panel/esmfold_pdb/YP_004464926.1.pdb
	YP_009336980.1	Riboviria		452	452	35.176	34.09	24.32	55.54	0.0	0.0				5xbk-assembly4_C	4.486E-01	0.505	301	12.900	3.424E-01	3.450E-01	2.346E-01	2.710E-01	0.666	Homo sapiens	weak_or_inconclusive	runs/v2_full_test_evidence_regime/structure_panel/esmfold_pdb/YP_009336980.1.pdb
	YP_009883576.1	Ackermannviridae		244	244	35.127	35.045	25.73	45.54	0.0	0.0																runs/v2_full_test_evidence_regime/structure_panel/esmfold_pdb/YP_009883576.1.pdb
	YP_009229856.1	Gammaherpesvirinae		744	744	34.974	27.17	19.21	82.59	0.036	0.0				7b7n-assembly1_H	1.240E-09	1.000	467	31.000	4.083E-01	2.422E-01	1.642E-01	1.829E-01	0.628	Human gammaherpesvirus 8	foldseek_only_low_model_confidence	runs/v2_full_test_evidence_regime/structure_panel/esmfold_pdb/YP_009229856.1.pdb
	YP_009229901.1	Gammaherpesvirinae		271	271	34.873	29.78	21.93	90.38	0.052	0.004				6ac9-assembly3_C	6.701E+00	0.010	83	14.400	2.596E-01	2.194E-01	6.905E-02	6.401E-02	0.306	Homo sapiens	weak_or_inconclusive	runs/v2_full_test_evidence_regime/structure_panel/esmfold_pdb/YP_009229901.1.pdb
	YP_009112875.1	Geminiviridae		135	135	34.765	32.63	25.34	57.95	0.0	0.0																runs/v2_full_test_evidence_regime/structure_panel/esmfold_pdb/YP_009112875.1.pdb
	YP_004207858.1	Gammaherpesvirinae		726	726	34.722	28.79	19.04	85.64	0.036	0.0				7czf-assembly2_E	1.782E-07	1.000	736	24.100	4.120E-01	2.909E-01	2.632E-01	2.872E-01	1.014	Human gammaherpesvirus 8	foldseek_only_low_model_confidence	runs/v2_full_test_evidence_regime/structure_panel/esmfold_pdb/YP_004207858.1.pdb
	YP_009388543.1	Gammaherpesvirinae		588	588	34.719	33.31	19.99	67.41	0.0	0.0				8vc2-assembly1_A	1.024E+00	0.164	350	12.200	3.709E-01	2.351E-01	1.368E-01	1.907E-01	0.595	Bombyx mori	weak_or_inconclusive	runs/v2_full_test_evidence_regime/structure_panel/esmfold_pdb/YP_009388543.1.pdb
	YP_009333205.1	Riboviria		438	438	34.709	27.62	19.26	74.52	0.021	0.0				4ym7-assembly5_EI	8.379E+00	0.010	146	9.500	2.559E-01	2.432E-01	8.363E-02	2.310E-01	0.333	Saccharomyces cerevisiae	weak_or_inconclusive	runs/v2_full_test_evidence_regime/structure_panel/esmfold_pdb/YP_009333205.1.pdb
	YP_010084498.1	Gammaherpesvirinae		584	584	34.657	34.98	19.56	52.36	0.0	0.0				3cax-assembly1_A-2	2.119E+00	0.663	145	11.700	4.435E-01	6.315E-01	1.849E-01	2.859E-01	0.248	Pyrococcus furiosus DSM 3638	weak_or_inconclusive	runs/v2_full_test_evidence_regime/structure_panel/esmfold_pdb/YP_010084498.1.pdb
	YP_009336810.1	Riboviria		2661	2661	34.469	25.01	16.08	87.5	0.065	0.0				1bmv-assembly1_2	1.344E-08	1.000	511	9.500	3.907E-01	4.248E-01	9.084E-02	4.038E-01	0.192	Bean pod mottle virus	weak_or_inconclusive	runs/v2_full_test_evidence_regime/structure_panel/esmfold_pdb/YP_009336810.1.pdb
	YP_010085917.1	Gammaherpesvirinae		567	567	34.433	32.35	20.35	60.95	0.0	0.0				6rvs-assembly1_A	1.020E-06	0.998	356	30.000	3.735E-01	1.675E-01	1.078E-01	1.391E-01	0.628	human gammaherpesvirus 4	foldseek_only_low_model_confidence	runs/v2_full_test_evidence_regime/structure_panel/esmfold_pdb/YP_010085917.1.pdb
	YP_010084479.1	Gammaherpesvirinae		774	774	34.397	28.525	18.23	86.95	0.034	0.0				8tnn-assembly1_A	1.100E-07	1.000	473	23.400	3.963E-01	2.656E-01	1.784E-01	1.992E-01	0.611	Human herpesvirus 4 strain B95-8	foldseek_only_low_model_confidence	runs/v2_full_test_evidence_regime/structure_panel/esmfold_pdb/YP_010084479.1.pdb
	YP_010084588.1	Gammaherpesvirinae		581	581	34.361	33.02	21.06	62.45	0.0	0.0				4k7k-assembly2_B	9.880E+00	0.040	146	16.400	4.068E-01	2.244E-01	7.248E-02	1.032E-01	0.251	Escherichia coli K-12	weak_or_inconclusive	runs/v2_full_test_evidence_regime/structure_panel/esmfold_pdb/YP_010084588.1.pdb
	YP_010509706.1	Loutivirinae		1382	1382	34.227	32.59	18.58	79.92	0.004	0.0				7yrq-assembly1_B	4.728E+00	0.051	382	13.300	2.557E-01	2.403E-01	7.905E-02	1.447E-01	0.276	Homo sapiens	weak_or_inconclusive	runs/v2_full_test_evidence_regime/structure_panel/esmfold_pdb/YP_010509706.1.pdb
	YP_009388567.1	Gammaherpesvirinae		285	285	34.18	30.72	22.58	85.11	0.042	0.0				2m7o-assembly1_A	2.363E+00	0.138	61	13.100	4.003E-01	5.993E-01	1.515E-01	4.827E-01	0.214	Streptococcus pneumoniae TIGR4	weak_or_inconclusive	runs/v2_full_test_evidence_regime/structure_panel/esmfold_pdb/YP_009388567.1.pdb
	YP_010086835.1	Geminiviridae		129	129	34.176	33.09	26.15	47.64	0.0	0.0				4jdm-assembly1_A	7.570E+00	0.020	53	5.600	4.534E-01	3.278E-01	1.558E-01	8.637E-02	0.411	Chlamydia trachomatis D-LC	weak_or_inconclusive	runs/v2_full_test_evidence_regime/structure_panel/esmfold_pdb/YP_010086835.1.pdb
	NP_065521.1	Gammaherpesvirinae		733	733	34.15	27.74	18.8	91.48	0.038	0.014				7czf-assembly2_E	9.901E-06	1.000	472	23.500	3.793E-01	2.442E-01	1.574E-01	1.738E-01	0.644	Human gammaherpesvirus 8	foldseek_only_low_model_confidence	runs/v2_full_test_evidence_regime/structure_panel/esmfold_pdb/NP_065521.1.pdb
	YP_009129262.1	Mymonaviridae		375	375	34.12	32.13	20.13	85.03	0.008	0.0				7mk4-assembly1_A	7.145E+00	0.126	103	7.700	4.271E-01	5.332E-01	1.310E-01	3.878E-01	0.275	Escherichia coli	weak_or_inconclusive	runs/v2_full_test_evidence_regime/structure_panel/esmfold_pdb/YP_009129262.1.pdb
	YP_803221.1	Geminiviridae		134	134	34.08	33.215	27.06	45.28	0.0	0.0				5wvy-assembly2_B	1.925E+00	0.082	53	15.000	3.932E-01	4.071E-01	1.946E-01	3.448E-01	0.396	Saccharolobus solfataricus P2	weak_or_inconclusive	runs/v2_full_test_evidence_regime/structure_panel/esmfold_pdb/YP_803221.1.pdb
	YP_009337130.1	Riboviria		2327	2327	33.988	24.68	16.8	90.44	0.116	0.0				7y38-assembly1_X	3.482E-05	1.000	423	17.900	3.735E-01	5.768E-01	1.156E-01	3.874E-01	0.182	Onyong-nyong virus	weak_or_inconclusive	runs/v2_full_test_evidence_regime/structure_panel/esmfold_pdb/YP_009337130.1.pdb
	YP_009229875.1	Gammaherpesvirinae		580	580	33.908	30.775	20.01	73.52	0.014	0.0				7sqc-assembly1_P1	8.689E+00	0.069	95	14.700	4.987E-01	3.753E-01	6.952E-02	5.670E-02	0.164	Chlamydomonas reinhardtii	weak_or_inconclusive	runs/v2_full_test_evidence_regime/structure_panel/esmfold_pdb/YP_009229875.1.pdb
	NP_570784.1	Gammaherpesvirinae		576	576	33.863	32.96	19.79	73.28	0.003	0.0				2ehw-assembly3_C	8.699E+00	0.098	103	14.500	5.107E-01	3.758E-01	7.884E-02	2.947E-01	0.179	Thermus thermophilus HB8	weak_or_inconclusive	runs/v2_full_test_evidence_regime/structure_panel/esmfold_pdb/NP_570784.1.pdb
	YP_009118412.1	Gammaherpesvirinae		739	739	33.861	28.17	17.59	86.97	0.035	0.0				7d5z-assembly3_E	1.238E-06	1.000	476	22.800	3.886E-01	2.428E-01	1.581E-01	1.722E-01	0.644	human gammaherpesvirus 4	foldseek_only_low_model_confidence	runs/v2_full_test_evidence_regime/structure_panel/esmfold_pdb/YP_009118412.1.pdb
	YP_010840678.1	Peribunyaviridae		236	236	33.817	32.51	22.12	61.03	0.0	0.0				5kk1-assembly1_A	3.193E+00	0.020	94	12.700	3.285E-01	2.007E-01	1.112E-01	1.954E-01	0.398	Sulfolobus sp. NOB8H2	weak_or_inconclusive	runs/v2_full_test_evidence_regime/structure_panel/esmfold_pdb/YP_010840678.1.pdb
	YP_010084526.1	Gammaherpesvirinae		465	465	33.596	32.97	22.6	49.26	0.0	0.0				7mq9-assembly1_SP	1.003E+00	0.254	476	12.600	3.718E-01	3.042E-01	2.773E-01	9.700E-02	1.024	Homo sapiens	weak_or_inconclusive	runs/v2_full_test_evidence_regime/structure_panel/esmfold_pdb/YP_010084526.1.pdb
	YP_010112236.1	Loutivirinae		399	399	33.538	33.3	21.92	57.83	0.0	0.0				5vfp-assembly1_U	1.948E+00	0.063	259	11.900	3.886E-01	2.032E-01	1.355E-01	8.125E-02	0.649	Homo sapiens	weak_or_inconclusive	runs/v2_full_test_evidence_regime/structure_panel/esmfold_pdb/YP_010112236.1.pdb
	YP_009507866.1	Peribunyaviridae		2250	2250	33.528	26.35	17.13	86.28	0.046	0.0				7ork-assembly1_A	3.709E-77	1.000	2349	45.600	3.602E-01	2.766E-01	2.693E-01	2.755E-01	1.044	La Crosse virus	foldseek_only_low_model_confidence	runs/v2_full_test_evidence_regime/structure_panel/esmfold_pdb/YP_009507866.1.pdb
	YP_010084405.1	Gammaherpesvirinae		575	575	33.3	30.92	18.63	74.44	0.002	0.0				8e0m-assembly2_D	9.520E-01	0.196	188	10.600	4.607E-01	2.895E-01	8.642E-02	2.796E-01	0.327	synthetic construct	weak_or_inconclusive	runs/v2_full_test_evidence_regime/structure_panel/esmfold_pdb/YP_010084405.1.pdb
	YP_010085990.1	Gammaherpesvirinae		567	567	33.27	30.73	18.66	69.26	0.0	0.0				6xm1-assembly2_D	7.359E+00	0.051	180	14.400	4.171E-01	2.879E-01	9.793E-02	2.558E-01	0.317	Thermochaetoides thermophila	weak_or_inconclusive	runs/v2_full_test_evidence_regime/structure_panel/esmfold_pdb/YP_010085990.1.pdb
	YP_009337252.1	Riboviria		2218	2218	33.168	22.395	16.73	89.36	0.089	0.0				6jim-assembly2_B	1.577E-07	1.000	282	18.400	4.523E-01	7.468E-01	1.004E-01	4.399E-01	0.127	Chikungunya virus	weak_or_inconclusive	runs/v2_full_test_evidence_regime/structure_panel/esmfold_pdb/YP_009337252.1.pdb
	YP_010840663.1	Peribunyaviridae		2249	2249	33.036	25.04	17.28	85.15	0.047	0.0				7orl-assembly1_A	2.455E-80	1.000	2321	46.600	3.635E-01	2.650E-01	2.572E-01	2.639E-01	1.032	La Crosse virus	foldseek_only_low_model_confidence	runs/v2_full_test_evidence_regime/structure_panel/esmfold_pdb/YP_010840663.1.pdb
	YP_009330100.1	Riboviria		513	513	32.993	29.64	20.12	74.9	0.01	0.0				7y6c-assembly2_D	9.499E+00	0.098	51	3.900	3.875E-01	5.525E-01	7.571E-02	4.142E-01	0.099	Edwardsiella piscicida	weak_or_inconclusive	runs/v2_full_test_evidence_regime/structure_panel/esmfold_pdb/YP_009330100.1.pdb
	YP_010840716.1	Peribunyaviridae		2251	2251	32.902	26.46	16.71	84.72	0.038	0.0				7ork-assembly1_A	5.937E-82	1.000	2315	46.900	3.600E-01	2.402E-01	2.341E-01	2.396E-01	1.028	La Crosse virus	foldseek_only_low_model_confidence	runs/v2_full_test_evidence_regime/structure_panel/esmfold_pdb/YP_010840716.1.pdb
	NP_044906.3	Gammaherpesvirinae		460	460	32.884	31.77	19.22	53.8	0.0	0.0				5diz-assembly2_B	3.481E+00	0.116	193	15.000	3.854E-01	2.952E-01	1.426E-01	1.397E-01	0.42	Arabidopsis thaliana	weak_or_inconclusive	runs/v2_full_test_evidence_regime/structure_panel/esmfold_pdb/NP_044906.3.pdb
	YP_009505348.1	Gammaherpesvirinae		778	778	32.875	28.635	18.24	87.47	0.032	0.0				8tnn-assembly1_A	6.889E-07	1.000	497	26.300	3.786E-01	2.674E-01	1.796E-01	2.033E-01	0.639	Human herpesvirus 4 strain B95-8	foldseek_only_low_model_confidence	runs/v2_full_test_evidence_regime/structure_panel/esmfold_pdb/YP_009505348.1.pdb
	YP_009880447.1	Rhodovirinae		272	272	32.861	31.535	24.42	53.83	0.0	0.0				4rrh-assembly1_A	2.701E+00	0.082	69	15.900	3.815E-01	4.156E-01	1.289E-01	2.314E-01	0.254	Aeropyrum pernix K1	weak_or_inconclusive	runs/v2_full_test_evidence_regime/structure_panel/esmfold_pdb/YP_009880447.1.pdb
	NP_859310.1	Sepvirinae		129	129	32.747	31.89	20.07	56.64	0.0	0.0				8b6h-assembly1_EV	8.511E+00	0.029	65	9.200	4.323E-01	3.121E-01	1.966E-01	2.623E-01	0.504	Tetrahymena thermophila SB210	weak_or_inconclusive	runs/v2_full_test_evidence_regime/structure_panel/esmfold_pdb/NP_859310.1.pdb
	YP_010840733.1	Peribunyaviridae		2242	2242	32.734	25.975	16.58	86.18	0.041	0.0				7ori-assembly1_A	3.485E-83	1.000	2285	45.700	3.638E-01	2.799E-01	2.565E-01	2.795E-01	1.019	Orthobunyavirus lacrosseense	foldseek_only_low_model_confidence	runs/v2_full_test_evidence_regime/structure_panel/esmfold_pdb/YP_010840733.1.pdb
	YP_010112151.1	Loutivirinae		126	126	32.658	31.09	23.25	46.94	0.0	0.0																runs/v2_full_test_evidence_regime/structure_panel/esmfold_pdb/YP_010112151.1.pdb
	YP_010085884.1	Gammaherpesvirinae		651	651	32.493	29.6	18.54	61.65	0.0	0.0				2wy2-assembly1_C	9.367E+00	0.326	94	9.500	5.178E-01	7.069E-01	1.158E-01	5.948E-01	0.144	Escherichia coli	weak_or_inconclusive	runs/v2_full_test_evidence_regime/structure_panel/esmfold_pdb/YP_010085884.1.pdb
	YP_009666949.1	Peribunyaviridae		2238	2238	32.489	24.68	16.63	87.89	0.057	0.0				7orl-assembly1_A	9.770E-82	1.000	2366	48.800	3.394E-01	2.370E-01	2.324E-01	2.368E-01	1.057	La Crosse virus	foldseek_only_low_model_confidence	runs/v2_full_test_evidence_regime/structure_panel/esmfold_pdb/YP_009666949.1.pdb
	YP_004322426.1	Eurybiavirus		186	186	32.363	31.915	20.36	49.67	0.0	0.0				8glv-assembly1_Ml	3.214E+00	0.029	162	12.900	3.660E-01	2.065E-01	1.744E-01	1.963E-01	0.871	Chlamydomonas reinhardtii	weak_or_inconclusive	runs/v2_full_test_evidence_regime/structure_panel/esmfold_pdb/YP_004322426.1.pdb
	YP_010839607.1	Peribunyaviridae		2248	2248	32.242	25.685	16.94	86.21	0.046	0.0				7orj-assembly1_A	2.752E-73	1.000	1885	51.700	3.846E-01	2.861E-01	2.330E-01	2.439E-01	0.839	La Crosse virus	foldseek_only_low_model_confidence	runs/v2_full_test_evidence_regime/structure_panel/esmfold_pdb/YP_010839607.1.pdb
	YP_009507877.1	Peribunyaviridae		2252	2252	32.22	25.58	16.65	84.96	0.037	0.0				7ork-assembly1_A	1.067E-76	1.000	2312	46.800	3.668E-01	2.551E-01	2.477E-01	2.544E-01	1.027	La Crosse virus	foldseek_only_low_model_confidence	runs/v2_full_test_evidence_regime/structure_panel/esmfold_pdb/YP_009507877.1.pdb
	YP_010839947.1	Peribunyaviridae		2261	2261	32.158	24.74	16.45	84.68	0.04	0.0				7orl-assembly1_A	1.641E-76	1.000	2357	45.900	3.457E-01	2.603E-01	2.525E-01	2.600E-01	1.042	La Crosse virus	foldseek_only_low_model_confidence	runs/v2_full_test_evidence_regime/structure_panel/esmfold_pdb/YP_010839947.1.pdb
	YP_010839550.1	Peribunyaviridae		2249	2249	32.155	25.3	17.04	85.42	0.038	0.0				7oro-assembly1_A	1.389E-78	1.000	1899	50.100	3.879E-01	3.164E-01	2.608E-01	2.856E-01	0.844	Orthobunyavirus lacrosseense	foldseek_only_low_model_confidence	runs/v2_full_test_evidence_regime/structure_panel/esmfold_pdb/YP_010839550.1.pdb
	YP_009337179.1	Xinmoviridae		428	428	32.147	30.26	21.64	71.23	0.002	0.0				8f5p-assembly1_F	9.225E-01	0.057	290	12.000	3.210E-01	1.570E-01	1.032E-01	6.231E-02	0.678	Leishmania tarentolae	weak_or_inconclusive	runs/v2_full_test_evidence_regime/structure_panel/esmfold_pdb/YP_009337179.1.pdb
	YP_009666897.1	Peribunyaviridae		233	233	32.007	30.45	21.85	52.74	0.0	0.0				3zl9-assembly1_B	1.114E-05	0.981	195	44.100	4.097E-01	1.812E-01	1.720E-01	1.743E-01	0.837	Schmallenberg virus	foldseek_only_low_model_confidence	runs/v2_full_test_evidence_regime/structure_panel/esmfold_pdb/YP_009666897.1.pdb
	YP_010840685.1	Peribunyaviridae		2240	2240	31.871	24.5	17.24	88.32	0.056	0.0				7orm-assembly1_A	1.230E-79	1.000	2320	46.800	3.526E-01	2.575E-01	2.483E-01	2.573E-01	1.036	La Crosse virus	foldseek_only_low_model_confidence	runs/v2_full_test_evidence_regime/structure_panel/esmfold_pdb/YP_010840685.1.pdb
	YP_010085970.1	Gammaherpesvirinae		772	772	31.87	28.1	18.12	93.18	0.034	0.021				7b7n-assembly1_H	1.892E-06	1.000	440	21.800	3.467E-01	2.593E-01	1.531E-01	1.788E-01	0.57	Human gammaherpesvirus 8	foldseek_only_low_model_confidence	runs/v2_full_test_evidence_regime/structure_panel/esmfold_pdb/YP_010085970.1.pdb
	YP_009666904.1	Peribunyaviridae		2252	2252	31.729	25.42	16.2	85.78	0.037	0.0				7orl-assembly1_A	2.563E-77	1.000	2310	46.800	3.602E-01	2.521E-01	2.458E-01	2.517E-01	1.026	La Crosse virus	foldseek_only_low_model_confidence	runs/v2_full_test_evidence_regime/structure_panel/esmfold_pdb/YP_009666904.1.pdb
	YP_010087462.1	Gammaherpesvirinae		530	530	31.532	30.06	18.7	59.26	0.0	0.0				2x19-assembly1_B	2.329E+00	0.098	291	15.400	3.209E-01	2.761E-01	1.511E-01	9.982E-02	0.549	Homo sapiens	weak_or_inconclusive	runs/v2_full_test_evidence_regime/structure_panel/esmfold_pdb/YP_010087462.1.pdb
	YP_009117083.1	Peribunyaviridae		2239	2239	31.386	25.2	17.56	84.87	0.037	0.0				7orl-assembly1_A	3.346E-71	1.000	2347	44.600	3.450E-01	2.656E-01	2.594E-01	2.648E-01	1.048	La Crosse virus	foldseek_only_low_model_confidence	runs/v2_full_test_evidence_regime/structure_panel/esmfold_pdb/YP_009117083.1.pdb
	YP_010085064.1	Peribunyaviridae		2236	2236	31.33	24.805	16.42	85.68	0.037	0.0				7orl-assembly1_A	9.266E-78	1.000	2369	47.900	3.357E-01	2.360E-01	2.306E-01	2.349E-01	1.059	La Crosse virus	foldseek_only_low_model_confidence	runs/v2_full_test_evidence_regime/structure_panel/esmfold_pdb/YP_010085064.1.pdb
	YP_009666923.1	Peribunyaviridae		2253	2253	31.213	25.09	17.48	85.6	0.032	0.0				7orl-assembly1_A	2.791E-73	1.000	2361	46.800	3.489E-01	2.549E-01	2.479E-01	2.546E-01	1.048	La Crosse virus	foldseek_only_low_model_confidence	runs/v2_full_test_evidence_regime/structure_panel/esmfold_pdb/YP_009666923.1.pdb
	YP_010085080.1	Peribunyaviridae		2263	2263	31.148	24.06	15.51	85.84	0.044	0.0				7orm-assembly1_A	0.000E+00	1.000	2260	90.000	3.285E-01	2.511E-01	2.417E-01	2.510E-01	0.999	La Crosse virus	foldseek_only_low_model_confidence	runs/v2_full_test_evidence_regime/structure_panel/esmfold_pdb/YP_010085080.1.pdb
	YP_010084300.1	Peribunyaviridae		2263	2263	31.069	24.32	16.93	85.33	0.033	0.0				7orm-assembly1_A	0.000E+00	1.000	2263	84.900	3.282E-01	1.976E-01	1.895E-01	1.973E-01	1.0	La Crosse virus	foldseek_only_low_model_confidence	runs/v2_full_test_evidence_regime/structure_panel/esmfold_pdb/YP_010084300.1.pdb
	YP_010840621.1	Peribunyaviridae		2260	2260	31.024	24.36	17.35	84.04	0.037	0.0				6z8k-assembly1_A	2.023E-69	1.000	2388	43.600	3.292E-01	2.240E-01	2.157E-01	2.236E-01	1.057	Orthobunyavirus lacrosseense	foldseek_only_low_model_confidence	runs/v2_full_test_evidence_regime/structure_panel/esmfold_pdb/YP_010840621.1.pdb
	YP_009666899.1	Peribunyaviridae		233	233	30.905	29.68	21.7	56.09	0.0	0.0				6z1p-assembly1_BS	2.548E+00	0.045	156	8.300	3.503E-01	2.165E-01	1.451E-01	9.364E-02	0.67	Tetrahymena thermophila SB210	weak_or_inconclusive	runs/v2_full_test_evidence_regime/structure_panel/esmfold_pdb/YP_009666899.1.pdb
	YP_009362066.1	Peribunyaviridae		2268	2268	30.876	24.32	17.67	83.72	0.03	0.0				5amq-assembly1_A	5.235E-78	1.000	1774	54.700	3.600E-01	2.776E-01	2.143E-01	2.775E-01	0.782	La Crosse virus	foldseek_only_low_model_confidence	runs/v2_full_test_evidence_regime/structure_panel/esmfold_pdb/YP_009362066.1.pdb
	YP_010839513.1	Peribunyaviridae		2251	2251	30.863	24.66	16.93	84.17	0.036	0.0				7orl-assembly1_A	1.489E-76	1.000	2340	45.500	3.506E-01	2.658E-01	2.582E-01	2.651E-01	1.04	La Crosse virus	foldseek_only_low_model_confidence	runs/v2_full_test_evidence_regime/structure_panel/esmfold_pdb/YP_010839513.1.pdb
	YP_009337441.1	Riboviria		1229	1229	30.684	21.97	16.67	78.03	0.021	0.0				7n6g-assembly1_4C	1.024E-01	0.872	105	13.300	3.778E-01	4.640E-01	5.855E-02	1.048E-01	0.085	Chlamydomonas reinhardtii	weak_or_inconclusive	runs/v2_full_test_evidence_regime/structure_panel/esmfold_pdb/YP_009337441.1.pdb
	YP_010084520.1	Gammaherpesvirinae		334	334	30.616	27.88	19.65	74.45	0.003	0.0				4hpq-assembly1_F	8.269E+00	0.010	310	9.600	2.810E-01	1.227E-01	1.094E-01	9.634E-02	0.928	Lachancea thermotolerans CBS 6340	weak_or_inconclusive	runs/v2_full_test_evidence_regime/structure_panel/esmfold_pdb/YP_010084520.1.pdb
	YP_009333209.1	Riboviria		720	720	30.559	25.005	17.81	78.45	0.017	0.0																runs/v2_full_test_evidence_regime/structure_panel/esmfold_pdb/YP_009333209.1.pdb
	YP_010085894.1	Gammaherpesvirinae		516	516	30.386	28.52	14.65	49.69	0.0	0.0				6kzg-assembly1_A	8.212E-01	0.179	235	9.300	3.589E-01	2.708E-01	1.445E-01	2.528E-01	0.455	Homo sapiens	weak_or_inconclusive	runs/v2_full_test_evidence_regime/structure_panel/esmfold_pdb/YP_010085894.1.pdb
	NP_859414.1	Sepvirinae		81	81	30.242	30.29	24.84	37.42	0.0	0.0				2jyt-assembly1_A	6.856E+00	0.057	22	18.100	6.888E-01	4.678E-01	2.008E-01	2.783E-01	0.272	Homo sapiens	weak_or_inconclusive	runs/v2_full_test_evidence_regime/structure_panel/esmfold_pdb/NP_859414.1.pdb
	YP_009553487.1	Riboviria		495	495	30.211	25.04	17.71	69.09	0.0	0.0				4dbq-assembly1_A	3.718E+00	0.024	24	25.000	2.652E-01	4.487E-01	4.539E-02	3.070E-02	0.048	Sus scrofa	weak_or_inconclusive	runs/v2_full_test_evidence_regime/structure_panel/esmfold_pdb/YP_009553487.1.pdb
	YP_009337254.1	Riboviria		411	411	29.941	27.49	19.27	68.44	0.0	0.0				2ahn-assembly1_A	8.685E-01	0.473	55	12.700	3.912E-01	6.974E-01	8.430E-02	1.492E-01	0.134	Prunus avium	weak_or_inconclusive	runs/v2_full_test_evidence_regime/structure_panel/esmfold_pdb/YP_009337254.1.pdb
	YP_010084623.1	Gammaherpesvirinae		443	443	29.822	28.37	19.87	55.2	0.0	0.0				9fmd-assembly1_M	9.814E+00	0.009	279	15.400	2.780E-01	1.538E-01	8.659E-02	1.511E-01	0.63	Homo sapiens	weak_or_inconclusive	runs/v2_full_test_evidence_regime/structure_panel/esmfold_pdb/YP_010084623.1.pdb
	YP_401696.1	Gammaherpesvirinae		301	301	29.689	28.16	21.42	45.42	0.0	0.0				7bqx-assembly1_7	1.124E-21	1.000	306	91.800	3.552E-01	2.179E-01	2.106E-01	2.173E-01	1.017	Human herpesvirus 4 strain B95-8	foldseek_only_low_model_confidence	runs/v2_full_test_evidence_regime/structure_panel/esmfold_pdb/YP_401696.1.pdb
	YP_009337392.1	Riboviria		222	222	29.659	27.975	21.6	46.43	0.0	0.0																runs/v2_full_test_evidence_regime/structure_panel/esmfold_pdb/YP_009337392.1.pdb
	NP_044864.1	Gammaherpesvirinae		299	299	29.505	29.38	21.54	38.03	0.0	0.0				1tff-assembly1_A	1.644E+00	0.098	107	12.100	3.666E-01	3.117E-01	1.331E-01	1.653E-01	0.358	Homo sapiens	weak_or_inconclusive	runs/v2_full_test_evidence_regime/structure_panel/esmfold_pdb/NP_044864.1.pdb
	YP_009507885.1	Peribunyaviridae		2270	2270	29.377	24.565	17.22	82.2	0.022	0.0				7orm-assembly1_A	1.990E-72	1.000	2325	47.400	3.030E-01	2.298E-01	2.191E-01	2.294E-01	1.024	La Crosse virus	foldseek_only_low_model_confidence	runs/v2_full_test_evidence_regime/structure_panel/esmfold_pdb/YP_009507885.1.pdb
	YP_009337908.1	Riboviria		205	205	28.84	27.84	22.47	54.74	0.0	0.0				8k4a-assembly1_B	6.877E+00	0.000	119	20.100	2.090E-01	1.428E-01	9.975E-02	3.415E-02	0.58	Banna virus	weak_or_inconclusive	runs/v2_full_test_evidence_regime/structure_panel/esmfold_pdb/YP_009337908.1.pdb
	YP_009237274.1	Fimoviridae		2295	2295	28.805	23.61	17.9	84.09	0.03	0.0				6z8k-assembly1_A	3.438E-14	1.000	1823	16.100	2.838E-01	2.423E-01	1.728E-01	1.814E-01	0.794	Orthobunyavirus lacrosseense	foldseek_only_low_model_confidence	runs/v2_full_test_evidence_regime/structure_panel/esmfold_pdb/YP_009237274.1.pdb
	YP_009337629.1	Riboviria		2190	2190	28.505	23.165	16.18	81.08	0.022	0.0				3h5u-assembly1_A	6.323E-06	1.000	556	9.800	3.404E-01	4.745E-01	1.317E-01	4.171E-01	0.254	Hepatitis C virus (isolate BK)	foldseek_only_low_model_confidence	runs/v2_full_test_evidence_regime/structure_panel/esmfold_pdb/YP_009337629.1.pdb
	YP_010840109.1	Fimoviridae		2320	2320	28.22	23.09	16.97	84.23	0.035	0.0				6z6b-assembly1_EEE	9.492E-15	1.000	2048	14.000	2.588E-01	1.897E-01	1.490E-01	1.641E-01	0.883	La Crosse virus	foldseek_only_low_model_confidence	runs/v2_full_test_evidence_regime/structure_panel/esmfold_pdb/YP_010840109.1.pdb
	YP_010840877.1	Fimoviridae		2300	2300	28.152	22.97	16.99	83.48	0.028	0.0				7oro-assembly1_A	2.693E-18	1.000	1756	17.100	2.881E-01	2.493E-01	1.723E-01	1.917E-01	0.763	Orthobunyavirus lacrosseense	foldseek_only_low_model_confidence	runs/v2_full_test_evidence_regime/structure_panel/esmfold_pdb/YP_010840877.1.pdb
	YP_010790482.1	Metaparamyxovirinae		352	352	27.847	26.045	19.18	56.09	0.0	0.0				2bjo-assembly1_B	8.604E-01	0.233	50	18.000	3.701E-01	5.279E-01	9.097E-02	2.184E-01	0.142	Bacillus subtilis	weak_or_inconclusive	runs/v2_full_test_evidence_regime/structure_panel/esmfold_pdb/YP_010790482.1.pdb
	YP_009408586.1	Riboviria		2650	2650	27.783	20.79	16.36	90.55	0.062	0.0				3vkw-assembly1_A	6.070E-17	1.000	480	21.600	5.180E-01	7.127E-01	1.261E-01	6.687E-01	0.181	Tobacco mosaic virus strain tomato/L	weak_or_inconclusive	runs/v2_full_test_evidence_regime/structure_panel/esmfold_pdb/YP_009408586.1.pdb
	YP_009329963.1	Riboviria		2676	2676	27.614	22.49	16.48	84.29	0.027	0.0				8got-assembly1_A	5.905E-06	1.000	226	12.800	4.568E-01	6.867E-01	6.561E-02	6.780E-01	0.084	Senecavirus A	weak_or_inconclusive	runs/v2_full_test_evidence_regime/structure_panel/esmfold_pdb/YP_009329963.1.pdb
	YP_009507645.1	Polyomaviridae		378	378	27.551	24.64	18.83	81.39	0.026	0.0				9caq-assembly1_5	7.427E+00	0.010	33	9.000	1.986E-01	4.675E-01	6.997E-02	4.432E-02	0.087	Homo sapiens	weak_or_inconclusive	runs/v2_full_test_evidence_regime/structure_panel/esmfold_pdb/YP_009507645.1.pdb
	YP_009507855.1	Peribunyaviridae		2423	2423	27.511	22.62	16.62	83.44	0.019	0.0				6z6b-assembly2_PPP	2.357E-27	1.000	2025	22.600	2.603E-01	2.611E-01	1.907E-01	2.179E-01	0.836	La Crosse virus	foldseek_only_low_model_confidence	runs/v2_full_test_evidence_regime/structure_panel/esmfold_pdb/YP_009507855.1.pdb
	YP_009342266.1	Riboviria		460	460	23.764	22.945	18.37	56.38	0.0	0.0				7v08-assembly1_m	6.368E+00	0.000	151	13.900	2.672E-01	1.493E-01	5.698E-02	5.636E-02	0.328	Saccharomyces cerevisiae BY4741	weak_or_inconclusive	runs/v2_full_test_evidence_regime/structure_panel/esmfold_pdb/YP_009342266.1.pdb
	NP_044863.1	Gammaherpesvirinae		1373	1373	20.815	20.09	16.16	38.2	0.0	0.0				7tdz-assembly1_l	6.035E+00	0.000	1380	10.300	1.964E-01	6.836E-02	6.053E-02	5.188E-02	1.005	Xenopus laevis	weak_or_inconclusive	runs/v2_full_test_evidence_regime/structure_panel/esmfold_pdb/NP_044863.1.pdb
	YP_009118415.1	Gammaherpesvirinae		1383	1383	20.492	19.77	15.72	36.09	0.0	0.0				7liv-assembly1_A	9.938E-02	0.029	1163	20.000	1.820E-01	6.827E-02	5.555E-02	5.685E-02	0.841	Human herpesvirus 5 strain AD169	weak_or_inconclusive	runs/v2_full_test_evidence_regime/structure_panel/esmfold_pdb/YP_009118415.1.pdb
	YP_010087394.1	Gammaherpesvirinae		1379	1379	20.036	19.55	15.49	34.96	0.0	0.0				8hex-assembly1_C	1.089E+00	0.020	1033	19.900	1.965E-01	1.005E-01	7.358E-02	7.580E-02	0.749	Human betaherpesvirus 5	weak_or_inconclusive	runs/v2_full_test_evidence_regime/structure_panel/esmfold_pdb/YP_010087394.1.pdb
