protein_accession	length	esmfold_status	pdb_path
YP_009666897.1	233	completed	runs/v2_full_test_evidence_regime/structure_panel/esmfold_pdb/YP_009666897.1.pdb
YP_009666899.1	233	completed	runs/v2_full_test_evidence_regime/structure_panel/esmfold_pdb/YP_009666899.1.pdb
YP_009512927.1	233	completed	runs/v2_full_test_evidence_regime/structure_panel/esmfold_pdb/YP_009512927.1.pdb
YP_009337740.1	263	completed	runs/v2_full_test_evidence_regime/structure_panel/esmfold_pdb/YP_009337740.1.pdb
YP_009342305.1	176	completed	runs/v2_full_test_evidence_regime/structure_panel/esmfold_pdb/YP_009342305.1.pdb
YP_009881537.1	605	completed	runs/v2_full_test_evidence_regime/structure_panel/esmfold_pdb/YP_009881537.1.pdb
YP_009337392.1	222	completed	runs/v2_full_test_evidence_regime/structure_panel/esmfold_pdb/YP_009337392.1.pdb
YP_009337270.1	457	completed	runs/v2_full_test_evidence_regime/structure_panel/esmfold_pdb/YP_009337270.1.pdb
YP_010680760.1	324	completed	runs/v2_full_test_evidence_regime/structure_panel/esmfold_pdb/YP_010680760.1.pdb
YP_010681280.1	324	completed	runs/v2_full_test_evidence_regime/structure_panel/esmfold_pdb/YP_010681280.1.pdb
YP_010840622.1	233	completed	runs/v2_full_test_evidence_regime/structure_panel/esmfold_pdb/YP_010840622.1.pdb
YP_950542.1	417	completed	runs/v2_full_test_evidence_regime/structure_panel/esmfold_pdb/YP_950542.1.pdb
YP_007675790.1	229	completed	runs/v2_full_test_evidence_regime/structure_panel/esmfold_pdb/YP_007675790.1.pdb
YP_438172.1	324	completed	runs/v2_full_test_evidence_regime/structure_panel/esmfold_pdb/YP_438172.1.pdb
YP_010084498.1	584	completed	runs/v2_full_test_evidence_regime/structure_panel/esmfold_pdb/YP_010084498.1.pdb
YP_010658686.1	229	completed	runs/v2_full_test_evidence_regime/structure_panel/esmfold_pdb/YP_010658686.1.pdb
YP_009043771.1	229	completed	runs/v2_full_test_evidence_regime/structure_panel/esmfold_pdb/YP_009043771.1.pdb
YP_009875551.1	230	completed	runs/v2_full_test_evidence_regime/structure_panel/esmfold_pdb/YP_009875551.1.pdb
YP_009874071.1	229	completed	runs/v2_full_test_evidence_regime/structure_panel/esmfold_pdb/YP_009874071.1.pdb
YP_009882250.1	605	completed	runs/v2_full_test_evidence_regime/structure_panel/esmfold_pdb/YP_009882250.1.pdb
YP_010681710.1	341	completed	runs/v2_full_test_evidence_regime/structure_panel/esmfold_pdb/YP_010681710.1.pdb
YP_009887186.1	605	completed	runs/v2_full_test_evidence_regime/structure_panel/esmfold_pdb/YP_009887186.1.pdb
YP_008433402.1	1176	completed	runs/v2_full_test_evidence_regime/structure_panel/esmfold_pdb/YP_008433402.1.pdb
YP_009337908.1	205	completed	runs/v2_full_test_evidence_regime/structure_panel/esmfold_pdb/YP_009337908.1.pdb
YP_010681552.1	338	completed	runs/v2_full_test_evidence_regime/structure_panel/esmfold_pdb/YP_010681552.1.pdb
YP_009507868.1	237	completed	runs/v2_full_test_evidence_regime/structure_panel/esmfold_pdb/YP_009507868.1.pdb
YP_010740217.1	341	completed	runs/v2_full_test_evidence_regime/structure_panel/esmfold_pdb/YP_010740217.1.pdb
YP_009666927.1	233	completed	runs/v2_full_test_evidence_regime/structure_panel/esmfold_pdb/YP_009666927.1.pdb
YP_009362986.1	233	completed	runs/v2_full_test_evidence_regime/structure_panel/esmfold_pdb/YP_009362986.1.pdb
YP_010840775.1	233	completed	runs/v2_full_test_evidence_regime/structure_panel/esmfold_pdb/YP_010840775.1.pdb
YP_010085069.1	232	completed	runs/v2_full_test_evidence_regime/structure_panel/esmfold_pdb/YP_010085069.1.pdb
YP_009666925.1	232	completed	runs/v2_full_test_evidence_regime/structure_panel/esmfold_pdb/YP_009666925.1.pdb
YP_009666887.1	235	completed	runs/v2_full_test_evidence_regime/structure_panel/esmfold_pdb/YP_009666887.1.pdb
YP_010839920.1	236	completed	runs/v2_full_test_evidence_regime/structure_panel/esmfold_pdb/YP_010839920.1.pdb
YP_010839907.1	236	completed	runs/v2_full_test_evidence_regime/structure_panel/esmfold_pdb/YP_010839907.1.pdb
YP_010840678.1	236	completed	runs/v2_full_test_evidence_regime/structure_panel/esmfold_pdb/YP_010840678.1.pdb
YP_009342304.1	258	completed	runs/v2_full_test_evidence_regime/structure_panel/esmfold_pdb/YP_009342304.1.pdb
YP_009337785.1	258	completed	runs/v2_full_test_evidence_regime/structure_panel/esmfold_pdb/YP_009337785.1.pdb
YP_009337005.1	257	completed	runs/v2_full_test_evidence_regime/structure_panel/esmfold_pdb/YP_009337005.1.pdb
YP_009553258.1	160	completed	runs/v2_full_test_evidence_regime/structure_panel/esmfold_pdb/YP_009553258.1.pdb
YP_009337301.1	197	completed	runs/v2_full_test_evidence_regime/structure_panel/esmfold_pdb/YP_009337301.1.pdb
YP_009337651.1	199	completed	runs/v2_full_test_evidence_regime/structure_panel/esmfold_pdb/YP_009337651.1.pdb
YP_004010297.1	599	completed	runs/v2_full_test_evidence_regime/structure_panel/esmfold_pdb/YP_004010297.1.pdb
YP_004009814.1	597	completed	runs/v2_full_test_evidence_regime/structure_panel/esmfold_pdb/YP_004009814.1.pdb
YP_009882257.1	595	completed	runs/v2_full_test_evidence_regime/structure_panel/esmfold_pdb/YP_009882257.1.pdb
YP_009336968.1	221	completed	runs/v2_full_test_evidence_regime/structure_panel/esmfold_pdb/YP_009336968.1.pdb
YP_009337371.1	221	completed	runs/v2_full_test_evidence_regime/structure_panel/esmfold_pdb/YP_009337371.1.pdb
YP_009336896.1	220	completed	runs/v2_full_test_evidence_regime/structure_panel/esmfold_pdb/YP_009336896.1.pdb
YP_009342266.1	460	completed	runs/v2_full_test_evidence_regime/structure_panel/esmfold_pdb/YP_009342266.1.pdb
YP_009336785.1	454	completed	runs/v2_full_test_evidence_regime/structure_panel/esmfold_pdb/YP_009336785.1.pdb
YP_009345132.1	461	completed	runs/v2_full_test_evidence_regime/structure_panel/esmfold_pdb/YP_009345132.1.pdb
YP_010679883.1	181	completed	runs/v2_full_test_evidence_regime/structure_panel/esmfold_pdb/YP_010679883.1.pdb
YP_004009461.1	324	completed	runs/v2_full_test_evidence_regime/structure_panel/esmfold_pdb/YP_004009461.1.pdb
YP_010659807.1	323	completed	runs/v2_full_test_evidence_regime/structure_panel/esmfold_pdb/YP_010659807.1.pdb
YP_010659623.1	323	completed	runs/v2_full_test_evidence_regime/structure_panel/esmfold_pdb/YP_010659623.1.pdb
YP_009880869.1	326	completed	runs/v2_full_test_evidence_regime/structure_panel/esmfold_pdb/YP_009880869.1.pdb
YP_009881604.1	326	completed	runs/v2_full_test_evidence_regime/structure_panel/esmfold_pdb/YP_009881604.1.pdb
YP_009117084.1	236	completed	runs/v2_full_test_evidence_regime/structure_panel/esmfold_pdb/YP_009117084.1.pdb
YP_010840630.1	236	completed	runs/v2_full_test_evidence_regime/structure_panel/esmfold_pdb/YP_010840630.1.pdb
YP_010840271.1	237	completed	runs/v2_full_test_evidence_regime/structure_panel/esmfold_pdb/YP_010840271.1.pdb
YP_010657796.1	411	completed	runs/v2_full_test_evidence_regime/structure_panel/esmfold_pdb/YP_010657796.1.pdb
YP_009837516.1	409	completed	runs/v2_full_test_evidence_regime/structure_panel/esmfold_pdb/YP_009837516.1.pdb
YP_004782187.1	406	completed	runs/v2_full_test_evidence_regime/structure_panel/esmfold_pdb/YP_004782187.1.pdb
YP_002899086.1	229	completed	runs/v2_full_test_evidence_regime/structure_panel/esmfold_pdb/YP_002899086.1.pdb
YP_009880481.1	229	completed	runs/v2_full_test_evidence_regime/structure_panel/esmfold_pdb/YP_009880481.1.pdb
YP_002899005.1	229	completed	runs/v2_full_test_evidence_regime/structure_panel/esmfold_pdb/YP_002899005.1.pdb
NP_570774.1	327	completed	runs/v2_full_test_evidence_regime/structure_panel/esmfold_pdb/NP_570774.1.pdb
YP_004207870.1	314	completed	runs/v2_full_test_evidence_regime/structure_panel/esmfold_pdb/YP_004207870.1.pdb
NP_044871.1	306	completed	runs/v2_full_test_evidence_regime/structure_panel/esmfold_pdb/NP_044871.1.pdb
YP_010084588.1	581	completed	runs/v2_full_test_evidence_regime/structure_panel/esmfold_pdb/YP_010084588.1.pdb
YP_009388543.1	588	completed	runs/v2_full_test_evidence_regime/structure_panel/esmfold_pdb/YP_009388543.1.pdb
YP_009173919.1	578	completed	runs/v2_full_test_evidence_regime/structure_panel/esmfold_pdb/YP_009173919.1.pdb
YP_009875558.1	233	completed	runs/v2_full_test_evidence_regime/structure_panel/esmfold_pdb/YP_009875558.1.pdb
YP_009880558.1	535	completed	runs/v2_full_test_evidence_regime/structure_panel/esmfold_pdb/YP_009880558.1.pdb
YP_007675791.1	535	completed	runs/v2_full_test_evidence_regime/structure_panel/esmfold_pdb/YP_007675791.1.pdb
YP_009875550.1	536	completed	runs/v2_full_test_evidence_regime/structure_panel/esmfold_pdb/YP_009875550.1.pdb
YP_010658685.1	537	completed	runs/v2_full_test_evidence_regime/structure_panel/esmfold_pdb/YP_010658685.1.pdb
YP_009874070.1	537	completed	runs/v2_full_test_evidence_regime/structure_panel/esmfold_pdb/YP_009874070.1.pdb
YP_009043772.1	537	completed	runs/v2_full_test_evidence_regime/structure_panel/esmfold_pdb/YP_009043772.1.pdb
YP_002899085.1	538	completed	runs/v2_full_test_evidence_regime/structure_panel/esmfold_pdb/YP_002899085.1.pdb
YP_009880480.1	538	completed	runs/v2_full_test_evidence_regime/structure_panel/esmfold_pdb/YP_009880480.1.pdb
YP_002899004.1	538	completed	runs/v2_full_test_evidence_regime/structure_panel/esmfold_pdb/YP_002899004.1.pdb
YP_009875557.1	539	completed	runs/v2_full_test_evidence_regime/structure_panel/esmfold_pdb/YP_009875557.1.pdb
YP_009833029.1	229	completed	runs/v2_full_test_evidence_regime/structure_panel/esmfold_pdb/YP_009833029.1.pdb
YP_009887193.1	595	completed	runs/v2_full_test_evidence_regime/structure_panel/esmfold_pdb/YP_009887193.1.pdb
YP_009881544.1	594	completed	runs/v2_full_test_evidence_regime/structure_panel/esmfold_pdb/YP_009881544.1.pdb
YP_009880927.1	594	completed	runs/v2_full_test_evidence_regime/structure_panel/esmfold_pdb/YP_009880927.1.pdb
YP_010681399.1	151	completed	runs/v2_full_test_evidence_regime/structure_panel/esmfold_pdb/YP_010681399.1.pdb
YP_010112091.1	341	completed	runs/v2_full_test_evidence_regime/structure_panel/esmfold_pdb/YP_010112091.1.pdb
YP_010510042.1	341	completed	runs/v2_full_test_evidence_regime/structure_panel/esmfold_pdb/YP_010510042.1.pdb
YP_009886185.1	594	completed	runs/v2_full_test_evidence_regime/structure_panel/esmfold_pdb/YP_009886185.1.pdb
YP_009886928.1	594	completed	runs/v2_full_test_evidence_regime/structure_panel/esmfold_pdb/YP_009886928.1.pdb
YP_009885340.1	594	completed	runs/v2_full_test_evidence_regime/structure_panel/esmfold_pdb/YP_009885340.1.pdb
YP_009199284.1	1190	completed	runs/v2_full_test_evidence_regime/structure_panel/esmfold_pdb/YP_009199284.1.pdb
YP_009213143.1	1190	completed	runs/v2_full_test_evidence_regime/structure_panel/esmfold_pdb/YP_009213143.1.pdb
YP_009791818.1	1191	completed	runs/v2_full_test_evidence_regime/structure_panel/esmfold_pdb/YP_009791818.1.pdb
YP_009337337.1	205	completed	runs/v2_full_test_evidence_regime/structure_panel/esmfold_pdb/YP_009337337.1.pdb
YP_009337413.1	205	completed	runs/v2_full_test_evidence_regime/structure_panel/esmfold_pdb/YP_009337413.1.pdb
YP_009337907.1	206	completed	runs/v2_full_test_evidence_regime/structure_panel/esmfold_pdb/YP_009337907.1.pdb
YP_008433449.1	338	completed	runs/v2_full_test_evidence_regime/structure_panel/esmfold_pdb/YP_008433449.1.pdb
NP_620726.1	337	completed	runs/v2_full_test_evidence_regime/structure_panel/esmfold_pdb/NP_620726.1.pdb
YP_010112204.1	340	completed	runs/v2_full_test_evidence_regime/structure_panel/esmfold_pdb/YP_010112204.1.pdb
YP_008709778.1	237	completed	runs/v2_full_test_evidence_regime/structure_panel/esmfold_pdb/YP_008709778.1.pdb
YP_009507880.1	237	completed	runs/v2_full_test_evidence_regime/structure_panel/esmfold_pdb/YP_009507880.1.pdb
YP_009666935.1	239	completed	runs/v2_full_test_evidence_regime/structure_panel/esmfold_pdb/YP_009666935.1.pdb
YP_010112411.1	341	completed	runs/v2_full_test_evidence_regime/structure_panel/esmfold_pdb/YP_010112411.1.pdb
YP_010510126.1	341	completed	runs/v2_full_test_evidence_regime/structure_panel/esmfold_pdb/YP_010510126.1.pdb
YP_010509859.1	340	completed	runs/v2_full_test_evidence_regime/structure_panel/esmfold_pdb/YP_010509859.1.pdb
YP_009324429.1	45	completed	runs/v2_full_test_evidence_regime/structure_panel/esmfold_pdb/YP_009324429.1.pdb
YP_010112151.1	126	completed	runs/v2_full_test_evidence_regime/structure_panel/esmfold_pdb/YP_010112151.1.pdb
YP_009887100.1	735	completed	runs/v2_full_test_evidence_regime/structure_panel/esmfold_pdb/YP_009887100.1.pdb
YP_010084623.1	443	completed	runs/v2_full_test_evidence_regime/structure_panel/esmfold_pdb/YP_010084623.1.pdb
YP_010747142.1	54	completed	runs/v2_full_test_evidence_regime/structure_panel/esmfold_pdb/YP_010747142.1.pdb
YP_008767237.1	92	completed	runs/v2_full_test_evidence_regime/structure_panel/esmfold_pdb/YP_008767237.1.pdb
YP_010679842.1	717	completed	runs/v2_full_test_evidence_regime/structure_panel/esmfold_pdb/YP_010679842.1.pdb
YP_010061927.1	680	completed	runs/v2_full_test_evidence_regime/structure_panel/esmfold_pdb/YP_010061927.1.pdb
YP_009206170.1	103	completed	runs/v2_full_test_evidence_regime/structure_panel/esmfold_pdb/YP_009206170.1.pdb
YP_009787584.1	65	completed	runs/v2_full_test_evidence_regime/structure_panel/esmfold_pdb/YP_009787584.1.pdb
YP_007673883.1	363	completed	runs/v2_full_test_evidence_regime/structure_panel/esmfold_pdb/YP_007673883.1.pdb
YP_009703167.1	273	completed	runs/v2_full_test_evidence_regime/structure_panel/esmfold_pdb/YP_009703167.1.pdb
YP_010745762.1	44	completed	runs/v2_full_test_evidence_regime/structure_panel/esmfold_pdb/YP_010745762.1.pdb
YP_009333477.1	995	completed	runs/v2_full_test_evidence_regime/structure_panel/esmfold_pdb/YP_009333477.1.pdb
YP_009886504.1	308	completed	runs/v2_full_test_evidence_regime/structure_panel/esmfold_pdb/YP_009886504.1.pdb
YP_009843083.1	518	completed	runs/v2_full_test_evidence_regime/structure_panel/esmfold_pdb/YP_009843083.1.pdb
YP_009622897.1	112	completed	runs/v2_full_test_evidence_regime/structure_panel/esmfold_pdb/YP_009622897.1.pdb
YP_010681335.1	247	completed	runs/v2_full_test_evidence_regime/structure_panel/esmfold_pdb/YP_010681335.1.pdb
NP_859416.1	88	completed	runs/v2_full_test_evidence_regime/structure_panel/esmfold_pdb/NP_859416.1.pdb
YP_010749085.1	171	completed	runs/v2_full_test_evidence_regime/structure_panel/esmfold_pdb/YP_010749085.1.pdb
YP_001661461.1	328	completed	runs/v2_full_test_evidence_regime/structure_panel/esmfold_pdb/YP_001661461.1.pdb
YP_009333216.1	2241	completed	runs/v2_full_test_evidence_regime/structure_panel/esmfold_pdb/YP_009333216.1.pdb
YP_004322509.1	74	completed	runs/v2_full_test_evidence_regime/structure_panel/esmfold_pdb/YP_004322509.1.pdb
YP_009787875.1	87	completed	runs/v2_full_test_evidence_regime/structure_panel/esmfold_pdb/YP_009787875.1.pdb
YP_009666194.1	75	completed	runs/v2_full_test_evidence_regime/structure_panel/esmfold_pdb/YP_009666194.1.pdb
YP_010801696.1	170	completed	runs/v2_full_test_evidence_regime/structure_panel/esmfold_pdb/YP_010801696.1.pdb
YP_009784821.1	84	completed	runs/v2_full_test_evidence_regime/structure_panel/esmfold_pdb/YP_009784821.1.pdb
YP_008857970.1	66	completed	runs/v2_full_test_evidence_regime/structure_panel/esmfold_pdb/YP_008857970.1.pdb
YP_009703570.1	233	completed	runs/v2_full_test_evidence_regime/structure_panel/esmfold_pdb/YP_009703570.1.pdb
YP_010801689.1	356	completed	runs/v2_full_test_evidence_regime/structure_panel/esmfold_pdb/YP_010801689.1.pdb
YP_009854914.1	168	completed	runs/v2_full_test_evidence_regime/structure_panel/esmfold_pdb/YP_009854914.1.pdb
YP_010748152.1	74	completed	runs/v2_full_test_evidence_regime/structure_panel/esmfold_pdb/YP_010748152.1.pdb
YP_010112137.1	155	completed	runs/v2_full_test_evidence_regime/structure_panel/esmfold_pdb/YP_010112137.1.pdb
YP_009618720.1	268	completed	runs/v2_full_test_evidence_regime/structure_panel/esmfold_pdb/YP_009618720.1.pdb
YP_009850410.1	186	completed	runs/v2_full_test_evidence_regime/structure_panel/esmfold_pdb/YP_009850410.1.pdb
YP_009202428.1	131	completed	runs/v2_full_test_evidence_regime/structure_panel/esmfold_pdb/YP_009202428.1.pdb
YP_010747618.1	389	completed	runs/v2_full_test_evidence_regime/structure_panel/esmfold_pdb/YP_010747618.1.pdb
YP_009850333.1	45	completed	runs/v2_full_test_evidence_regime/structure_panel/esmfold_pdb/YP_009850333.1.pdb
YP_010064221.1	56	completed	runs/v2_full_test_evidence_regime/structure_panel/esmfold_pdb/YP_010064221.1.pdb
YP_009223959.1	83	completed	runs/v2_full_test_evidence_regime/structure_panel/esmfold_pdb/YP_009223959.1.pdb
YP_009850222.1	92	completed	runs/v2_full_test_evidence_regime/structure_panel/esmfold_pdb/YP_009850222.1.pdb
YP_010060019.1	30	completed	runs/v2_full_test_evidence_regime/structure_panel/esmfold_pdb/YP_010060019.1.pdb
YP_009337897.1	244	completed	runs/v2_full_test_evidence_regime/structure_panel/esmfold_pdb/YP_009337897.1.pdb
YP_009146260.1	50	completed	runs/v2_full_test_evidence_regime/structure_panel/esmfold_pdb/YP_009146260.1.pdb
YP_009793212.1	300	completed	runs/v2_full_test_evidence_regime/structure_panel/esmfold_pdb/YP_009793212.1.pdb
YP_009187390.1	46	completed	runs/v2_full_test_evidence_regime/structure_panel/esmfold_pdb/YP_009187390.1.pdb
YP_010112329.1	392	completed	runs/v2_full_test_evidence_regime/structure_panel/esmfold_pdb/YP_010112329.1.pdb
YP_009815862.1	146	completed	runs/v2_full_test_evidence_regime/structure_panel/esmfold_pdb/YP_009815862.1.pdb
YP_009874055.1	686	completed	runs/v2_full_test_evidence_regime/structure_panel/esmfold_pdb/YP_009874055.1.pdb
YP_009908108.1	421	completed	runs/v2_full_test_evidence_regime/structure_panel/esmfold_pdb/YP_009908108.1.pdb
YP_010748368.1	123	completed	runs/v2_full_test_evidence_regime/structure_panel/esmfold_pdb/YP_010748368.1.pdb
YP_009850470.1	290	completed	runs/v2_full_test_evidence_regime/structure_panel/esmfold_pdb/YP_009850470.1.pdb
YP_009508798.1	737	completed	runs/v2_full_test_evidence_regime/structure_panel/esmfold_pdb/YP_009508798.1.pdb
YP_009703657.1	78	completed	runs/v2_full_test_evidence_regime/structure_panel/esmfold_pdb/YP_009703657.1.pdb
YP_009322820.1	59	completed	runs/v2_full_test_evidence_regime/structure_panel/esmfold_pdb/YP_009322820.1.pdb
NP_859310.1	129	completed	runs/v2_full_test_evidence_regime/structure_panel/esmfold_pdb/NP_859310.1.pdb
YP_009702846.1	359	completed	runs/v2_full_test_evidence_regime/structure_panel/esmfold_pdb/YP_009702846.1.pdb
YP_004322574.1	130	completed	runs/v2_full_test_evidence_regime/structure_panel/esmfold_pdb/YP_004322574.1.pdb
YP_009880447.1	272	completed	runs/v2_full_test_evidence_regime/structure_panel/esmfold_pdb/YP_009880447.1.pdb
YP_004539038.1	112	completed	runs/v2_full_test_evidence_regime/structure_panel/esmfold_pdb/YP_004539038.1.pdb
YP_009881463.1	360	completed	runs/v2_full_test_evidence_regime/structure_panel/esmfold_pdb/YP_009881463.1.pdb
YP_009902646.1	77	completed	runs/v2_full_test_evidence_regime/structure_panel/esmfold_pdb/YP_009902646.1.pdb
YP_010582222.1	116	completed	runs/v2_full_test_evidence_regime/structure_panel/esmfold_pdb/YP_010582222.1.pdb
YP_009808761.1	101	completed	runs/v2_full_test_evidence_regime/structure_panel/esmfold_pdb/YP_009808761.1.pdb
YP_010659639.1	68	completed	runs/v2_full_test_evidence_regime/structure_panel/esmfold_pdb/YP_010659639.1.pdb
YP_010801690.1	397	completed	runs/v2_full_test_evidence_regime/structure_panel/esmfold_pdb/YP_010801690.1.pdb
YP_009305399.1	69	completed	runs/v2_full_test_evidence_regime/structure_panel/esmfold_pdb/YP_009305399.1.pdb
NP_740450.1	99	completed	runs/v2_full_test_evidence_regime/structure_panel/esmfold_pdb/NP_740450.1.pdb
YP_009837015.1	92	completed	runs/v2_full_test_evidence_regime/structure_panel/esmfold_pdb/YP_009837015.1.pdb
YP_009886486.1	174	completed	runs/v2_full_test_evidence_regime/structure_panel/esmfold_pdb/YP_009886486.1.pdb
YP_011807633.1	190	completed	runs/v2_full_test_evidence_regime/structure_panel/esmfold_pdb/YP_011807633.1.pdb
YP_009618741.1	146	completed	runs/v2_full_test_evidence_regime/structure_panel/esmfold_pdb/YP_009618741.1.pdb
YP_009177268.1	744	completed	runs/v2_full_test_evidence_regime/structure_panel/esmfold_pdb/YP_009177268.1.pdb
YP_009177352.1	30	completed	runs/v2_full_test_evidence_regime/structure_panel/esmfold_pdb/YP_009177352.1.pdb
YP_010806092.1	68	completed	runs/v2_full_test_evidence_regime/structure_panel/esmfold_pdb/YP_010806092.1.pdb
YP_009666898.1	1419	completed	runs/v2_full_test_evidence_regime/structure_panel/esmfold_pdb/YP_009666898.1.pdb
YP_009336727.1	704	completed	runs/v2_full_test_evidence_regime/structure_panel/esmfold_pdb/YP_009336727.1.pdb
YP_009344981.1	515	completed	runs/v2_full_test_evidence_regime/structure_panel/esmfold_pdb/YP_009344981.1.pdb
YP_009362985.1	1421	completed	runs/v2_full_test_evidence_regime/structure_panel/esmfold_pdb/YP_009362985.1.pdb
YP_009841898.1	420	completed	runs/v2_full_test_evidence_regime/structure_panel/esmfold_pdb/YP_009841898.1.pdb
YP_009552502.1	429	completed	runs/v2_full_test_evidence_regime/structure_panel/esmfold_pdb/YP_009552502.1.pdb
YP_010839940.1	1444	completed	runs/v2_full_test_evidence_regime/structure_panel/esmfold_pdb/YP_010839940.1.pdb
YP_009362028.1	838	completed	runs/v2_full_test_evidence_regime/structure_panel/esmfold_pdb/YP_009362028.1.pdb
YP_010749531.1	661	completed	runs/v2_full_test_evidence_regime/structure_panel/esmfold_pdb/YP_010749531.1.pdb
YP_009507872.1	1592	completed	runs/v2_full_test_evidence_regime/structure_panel/esmfold_pdb/YP_009507872.1.pdb
YP_010840736.1	1430	completed	runs/v2_full_test_evidence_regime/structure_panel/esmfold_pdb/YP_010840736.1.pdb
YP_009362075.1	1416	completed	runs/v2_full_test_evidence_regime/structure_panel/esmfold_pdb/YP_009362075.1.pdb
YP_010085081.1	1441	completed	runs/v2_full_test_evidence_regime/structure_panel/esmfold_pdb/YP_010085081.1.pdb
YP_009666965.1	1440	completed	runs/v2_full_test_evidence_regime/structure_panel/esmfold_pdb/YP_009666965.1.pdb
YP_010840590.1	651	completed	runs/v2_full_test_evidence_regime/structure_panel/esmfold_pdb/YP_010840590.1.pdb
YP_009666977.1	1442	completed	runs/v2_full_test_evidence_regime/structure_panel/esmfold_pdb/YP_009666977.1.pdb
YP_009667039.1	1435	completed	runs/v2_full_test_evidence_regime/structure_panel/esmfold_pdb/YP_009667039.1.pdb
YP_009666998.1	1432	completed	runs/v2_full_test_evidence_regime/structure_panel/esmfold_pdb/YP_009666998.1.pdb
YP_010085914.1	383	completed	runs/v2_full_test_evidence_regime/structure_panel/esmfold_pdb/YP_010085914.1.pdb
NP_982303.1	1420	completed	runs/v2_full_test_evidence_regime/structure_panel/esmfold_pdb/NP_982303.1.pdb
YP_009333209.1	720	completed	runs/v2_full_test_evidence_regime/structure_panel/esmfold_pdb/YP_009333209.1.pdb
YP_010085970.1	772	completed	runs/v2_full_test_evidence_regime/structure_panel/esmfold_pdb/YP_010085970.1.pdb
YP_010839621.1	1429	completed	runs/v2_full_test_evidence_regime/structure_panel/esmfold_pdb/YP_010839621.1.pdb
YP_010840790.1	1468	completed	runs/v2_full_test_evidence_regime/structure_panel/esmfold_pdb/YP_010840790.1.pdb
YP_009667043.1	1437	completed	runs/v2_full_test_evidence_regime/structure_panel/esmfold_pdb/YP_009667043.1.pdb
YP_004207858.1	726	completed	runs/v2_full_test_evidence_regime/structure_panel/esmfold_pdb/YP_004207858.1.pdb
YP_009300682.1	1539	completed	runs/v2_full_test_evidence_regime/structure_panel/esmfold_pdb/YP_009300682.1.pdb
YP_009551866.1	111	completed	runs/v2_full_test_evidence_regime/structure_panel/esmfold_pdb/YP_009551866.1.pdb
YP_009505412.1	378	completed	runs/v2_full_test_evidence_regime/structure_panel/esmfold_pdb/YP_009505412.1.pdb
YP_010839906.1	1431	completed	runs/v2_full_test_evidence_regime/structure_panel/esmfold_pdb/YP_010839906.1.pdb
YP_010840701.1	1430	completed	runs/v2_full_test_evidence_regime/structure_panel/esmfold_pdb/YP_010840701.1.pdb
YP_010839533.1	1433	completed	runs/v2_full_test_evidence_regime/structure_panel/esmfold_pdb/YP_010839533.1.pdb
YP_010839648.1	1433	completed	runs/v2_full_test_evidence_regime/structure_panel/esmfold_pdb/YP_010839648.1.pdb
YP_009666890.1	1418	completed	runs/v2_full_test_evidence_regime/structure_panel/esmfold_pdb/YP_009666890.1.pdb
YP_009345123.1	1280	completed	runs/v2_full_test_evidence_regime/structure_panel/esmfold_pdb/YP_009345123.1.pdb
YP_009507860.1	1408	completed	runs/v2_full_test_evidence_regime/structure_panel/esmfold_pdb/YP_009507860.1.pdb
YP_009333205.1	438	completed	runs/v2_full_test_evidence_regime/structure_panel/esmfold_pdb/YP_009333205.1.pdb
YP_008400137.1	1456	completed	runs/v2_full_test_evidence_regime/structure_panel/esmfold_pdb/YP_008400137.1.pdb
YP_009666885.1	1444	completed	runs/v2_full_test_evidence_regime/structure_panel/esmfold_pdb/YP_009666885.1.pdb
YP_009042017.1	377	completed	runs/v2_full_test_evidence_regime/structure_panel/esmfold_pdb/YP_009042017.1.pdb
YP_009337661.1	396	completed	runs/v2_full_test_evidence_regime/structure_panel/esmfold_pdb/YP_009337661.1.pdb
YP_004598983.1	900	completed	runs/v2_full_test_evidence_regime/structure_panel/esmfold_pdb/YP_004598983.1.pdb
YP_009388620.1	638	completed	runs/v2_full_test_evidence_regime/structure_panel/esmfold_pdb/YP_009388620.1.pdb
YP_009666931.1	1461	completed	runs/v2_full_test_evidence_regime/structure_panel/esmfold_pdb/YP_009666931.1.pdb
YP_004207848.1	839	completed	runs/v2_full_test_evidence_regime/structure_panel/esmfold_pdb/YP_004207848.1.pdb
YP_009345003.1	406	completed	runs/v2_full_test_evidence_regime/structure_panel/esmfold_pdb/YP_009345003.1.pdb
YP_006590081.1	1403	completed	runs/v2_full_test_evidence_regime/structure_panel/esmfold_pdb/YP_006590081.1.pdb
YP_010114580.1	595	completed	runs/v2_full_test_evidence_regime/structure_panel/esmfold_pdb/YP_010114580.1.pdb
YP_010840641.1	1442	completed	runs/v2_full_test_evidence_regime/structure_panel/esmfold_pdb/YP_010840641.1.pdb
YP_009667046.1	1425	completed	runs/v2_full_test_evidence_regime/structure_panel/esmfold_pdb/YP_009667046.1.pdb
YP_009229856.1	744	completed	runs/v2_full_test_evidence_regime/structure_panel/esmfold_pdb/YP_009229856.1.pdb
YP_009362065.1	1432	completed	runs/v2_full_test_evidence_regime/structure_panel/esmfold_pdb/YP_009362065.1.pdb
YP_009167707.1	460	completed	runs/v2_full_test_evidence_regime/structure_panel/esmfold_pdb/YP_009167707.1.pdb
YP_010840646.1	1445	completed	runs/v2_full_test_evidence_regime/structure_panel/esmfold_pdb/YP_010840646.1.pdb
NP_044877.1	383	completed	runs/v2_full_test_evidence_regime/structure_panel/esmfold_pdb/NP_044877.1.pdb
YP_010840623.1	1344	completed	runs/v2_full_test_evidence_regime/structure_panel/esmfold_pdb/YP_010840623.1.pdb
YP_009507865.1	1443	completed	runs/v2_full_test_evidence_regime/structure_panel/esmfold_pdb/YP_009507865.1.pdb
YP_010748934.1	663	completed	runs/v2_full_test_evidence_regime/structure_panel/esmfold_pdb/YP_010748934.1.pdb
YP_009237263.1	623	completed	runs/v2_full_test_evidence_regime/structure_panel/esmfold_pdb/YP_009237263.1.pdb
YP_009505348.1	778	completed	runs/v2_full_test_evidence_regime/structure_panel/esmfold_pdb/YP_009505348.1.pdb
YP_010840273.1	1124	completed	runs/v2_full_test_evidence_regime/structure_panel/esmfold_pdb/YP_010840273.1.pdb
YP_009666961.1	1443	completed	runs/v2_full_test_evidence_regime/structure_panel/esmfold_pdb/YP_009666961.1.pdb
YP_010840640.1	1447	completed	runs/v2_full_test_evidence_regime/structure_panel/esmfold_pdb/YP_010840640.1.pdb
YP_009666976.1	1441	completed	runs/v2_full_test_evidence_regime/structure_panel/esmfold_pdb/YP_009666976.1.pdb
YP_010840776.1	1432	completed	runs/v2_full_test_evidence_regime/structure_panel/esmfold_pdb/YP_010840776.1.pdb
NP_671969.1	1441	completed	runs/v2_full_test_evidence_regime/structure_panel/esmfold_pdb/NP_671969.1.pdb
YP_010839918.1	1377	completed	runs/v2_full_test_evidence_regime/structure_panel/esmfold_pdb/YP_010839918.1.pdb
YP_010085086.1	1434	completed	runs/v2_full_test_evidence_regime/structure_panel/esmfold_pdb/YP_010085086.1.pdb
YP_009505396.1	778	completed	runs/v2_full_test_evidence_regime/structure_panel/esmfold_pdb/YP_009505396.1.pdb
YP_009342436.1	401	completed	runs/v2_full_test_evidence_regime/structure_panel/esmfold_pdb/YP_009342436.1.pdb
YP_010840723.1	1433	completed	runs/v2_full_test_evidence_regime/structure_panel/esmfold_pdb/YP_010840723.1.pdb
YP_009300676.1	639	completed	runs/v2_full_test_evidence_regime/structure_panel/esmfold_pdb/YP_009300676.1.pdb
YP_009268865.1	649	completed	runs/v2_full_test_evidence_regime/structure_panel/esmfold_pdb/YP_009268865.1.pdb
NP_065521.1	733	completed	runs/v2_full_test_evidence_regime/structure_panel/esmfold_pdb/NP_065521.1.pdb
YP_010799222.1	641	completed	runs/v2_full_test_evidence_regime/structure_panel/esmfold_pdb/YP_010799222.1.pdb
YP_009337658.1	323	completed	runs/v2_full_test_evidence_regime/structure_panel/esmfold_pdb/YP_009337658.1.pdb
YP_009229875.1	580	completed	runs/v2_full_test_evidence_regime/structure_panel/esmfold_pdb/YP_009229875.1.pdb
YP_009507372.1	820	completed	runs/v2_full_test_evidence_regime/structure_panel/esmfold_pdb/YP_009507372.1.pdb
YP_009552827.1	672	completed	runs/v2_full_test_evidence_regime/structure_panel/esmfold_pdb/YP_009552827.1.pdb
YP_010749276.1	233	completed	runs/v2_full_test_evidence_regime/structure_panel/esmfold_pdb/YP_010749276.1.pdb
YP_009204961.1	368	completed	runs/v2_full_test_evidence_regime/structure_panel/esmfold_pdb/YP_009204961.1.pdb
YP_115513.1	253	completed	runs/v2_full_test_evidence_regime/structure_panel/esmfold_pdb/YP_115513.1.pdb
YP_007250563.1	256	completed	runs/v2_full_test_evidence_regime/structure_panel/esmfold_pdb/YP_007250563.1.pdb
YP_009329973.1	663	completed	runs/v2_full_test_evidence_regime/structure_panel/esmfold_pdb/YP_009329973.1.pdb
YP_009417306.1	236	completed	runs/v2_full_test_evidence_regime/structure_panel/esmfold_pdb/YP_009417306.1.pdb
YP_009204958.1	110	completed	runs/v2_full_test_evidence_regime/structure_panel/esmfold_pdb/YP_009204958.1.pdb
NP_740446.1	248	completed	runs/v2_full_test_evidence_regime/structure_panel/esmfold_pdb/NP_740446.1.pdb
YP_004958237.1	265	completed	runs/v2_full_test_evidence_regime/structure_panel/esmfold_pdb/YP_004958237.1.pdb
YP_009342276.1	213	completed	runs/v2_full_test_evidence_regime/structure_panel/esmfold_pdb/YP_009342276.1.pdb
YP_009118415.1	1383	completed	runs/v2_full_test_evidence_regime/structure_panel/esmfold_pdb/YP_009118415.1.pdb
YP_010747285.1	152	completed	runs/v2_full_test_evidence_regime/structure_panel/esmfold_pdb/YP_010747285.1.pdb
YP_001552434.1	235	completed	runs/v2_full_test_evidence_regime/structure_panel/esmfold_pdb/YP_001552434.1.pdb
YP_010782872.1	242	completed	runs/v2_full_test_evidence_regime/structure_panel/esmfold_pdb/YP_010782872.1.pdb
YP_005090505.1	919	completed	runs/v2_full_test_evidence_regime/structure_panel/esmfold_pdb/YP_005090505.1.pdb
YP_010775572.1	947	completed	runs/v2_full_test_evidence_regime/structure_panel/esmfold_pdb/YP_010775572.1.pdb
YP_009337254.1	411	completed	runs/v2_full_test_evidence_regime/structure_panel/esmfold_pdb/YP_009337254.1.pdb
YP_010087394.1	1379	completed	runs/v2_full_test_evidence_regime/structure_panel/esmfold_pdb/YP_010087394.1.pdb
YP_009337094.1	314	completed	runs/v2_full_test_evidence_regime/structure_panel/esmfold_pdb/YP_009337094.1.pdb
NP_660085.1	253	completed	runs/v2_full_test_evidence_regime/structure_panel/esmfold_pdb/NP_660085.1.pdb
NP_740393.1	238	completed	runs/v2_full_test_evidence_regime/structure_panel/esmfold_pdb/NP_740393.1.pdb
YP_010245842.1	256	completed	runs/v2_full_test_evidence_regime/structure_panel/esmfold_pdb/YP_010245842.1.pdb
YP_001911134.1	278	completed	runs/v2_full_test_evidence_regime/structure_panel/esmfold_pdb/YP_001911134.1.pdb
NP_620377.1	256	completed	runs/v2_full_test_evidence_regime/structure_panel/esmfold_pdb/NP_620377.1.pdb
YP_010085917.1	567	completed	runs/v2_full_test_evidence_regime/structure_panel/esmfold_pdb/YP_010085917.1.pdb
YP_009508027.1	256	completed	runs/v2_full_test_evidence_regime/structure_panel/esmfold_pdb/YP_009508027.1.pdb
YP_010747988.1	95	completed	runs/v2_full_test_evidence_regime/structure_panel/esmfold_pdb/YP_010747988.1.pdb
YP_001333689.1	255	completed	runs/v2_full_test_evidence_regime/structure_panel/esmfold_pdb/YP_001333689.1.pdb
YP_009337156.1	318	completed	runs/v2_full_test_evidence_regime/structure_panel/esmfold_pdb/YP_009337156.1.pdb
YP_053011.1	322	completed	runs/v2_full_test_evidence_regime/structure_panel/esmfold_pdb/YP_053011.1.pdb
YP_009056852.1	278	completed	runs/v2_full_test_evidence_regime/structure_panel/esmfold_pdb/YP_009056852.1.pdb
NP_042640.1	598	completed	runs/v2_full_test_evidence_regime/structure_panel/esmfold_pdb/NP_042640.1.pdb
YP_009889815.1	423	completed	runs/v2_full_test_evidence_regime/structure_panel/esmfold_pdb/YP_009889815.1.pdb
YP_009342455.1	235	completed	runs/v2_full_test_evidence_regime/structure_panel/esmfold_pdb/YP_009342455.1.pdb
YP_010245853.1	252	completed	runs/v2_full_test_evidence_regime/structure_panel/esmfold_pdb/YP_010245853.1.pdb
YP_009337346.1	362	completed	runs/v2_full_test_evidence_regime/structure_panel/esmfold_pdb/YP_009337346.1.pdb
YP_010747902.1	94	completed	runs/v2_full_test_evidence_regime/structure_panel/esmfold_pdb/YP_010747902.1.pdb
YP_009508011.1	256	completed	runs/v2_full_test_evidence_regime/structure_panel/esmfold_pdb/YP_009508011.1.pdb
YP_009508018.1	256	completed	runs/v2_full_test_evidence_regime/structure_panel/esmfold_pdb/YP_009508018.1.pdb
YP_009310075.1	256	completed	runs/v2_full_test_evidence_regime/structure_panel/esmfold_pdb/YP_009310075.1.pdb
YP_009886707.1	423	completed	runs/v2_full_test_evidence_regime/structure_panel/esmfold_pdb/YP_009886707.1.pdb
YP_009177325.1	367	completed	runs/v2_full_test_evidence_regime/structure_panel/esmfold_pdb/YP_009177325.1.pdb
YP_794166.1	258	completed	runs/v2_full_test_evidence_regime/structure_panel/esmfold_pdb/YP_794166.1.pdb
NP_690097.1	116	completed	runs/v2_full_test_evidence_regime/structure_panel/esmfold_pdb/NP_690097.1.pdb
NP_620750.1	256	completed	runs/v2_full_test_evidence_regime/structure_panel/esmfold_pdb/NP_620750.1.pdb
YP_009506247.1	499	completed	runs/v2_full_test_evidence_regime/structure_panel/esmfold_pdb/YP_009506247.1.pdb
YP_010746699.1	109	completed	runs/v2_full_test_evidence_regime/structure_panel/esmfold_pdb/YP_010746699.1.pdb
YP_009618579.1	367	completed	runs/v2_full_test_evidence_regime/structure_panel/esmfold_pdb/YP_009618579.1.pdb
YP_009887168.1	423	completed	runs/v2_full_test_evidence_regime/structure_panel/esmfold_pdb/YP_009887168.1.pdb
YP_009200801.1	133	completed	runs/v2_full_test_evidence_regime/structure_panel/esmfold_pdb/YP_009200801.1.pdb
YP_009146306.1	133	completed	runs/v2_full_test_evidence_regime/structure_panel/esmfold_pdb/YP_009146306.1.pdb
YP_001218814.1	418	completed	runs/v2_full_test_evidence_regime/structure_panel/esmfold_pdb/YP_001218814.1.pdb
YP_009324606.1	110	completed	runs/v2_full_test_evidence_regime/structure_panel/esmfold_pdb/YP_009324606.1.pdb
YP_007673461.1	328	completed	runs/v2_full_test_evidence_regime/structure_panel/esmfold_pdb/YP_007673461.1.pdb
YP_009336490.1	227	completed	runs/v2_full_test_evidence_regime/structure_panel/esmfold_pdb/YP_009336490.1.pdb
YP_002922847.1	368	completed	runs/v2_full_test_evidence_regime/structure_panel/esmfold_pdb/YP_002922847.1.pdb
YP_009175087.1	257	completed	runs/v2_full_test_evidence_regime/structure_panel/esmfold_pdb/YP_009175087.1.pdb
YP_401696.1	301	completed	runs/v2_full_test_evidence_regime/structure_panel/esmfold_pdb/YP_401696.1.pdb
YP_004958251.1	256	completed	runs/v2_full_test_evidence_regime/structure_panel/esmfold_pdb/YP_004958251.1.pdb
YP_009508964.1	246	completed	runs/v2_full_test_evidence_regime/structure_panel/esmfold_pdb/YP_009508964.1.pdb
YP_001661650.1	116	completed	runs/v2_full_test_evidence_regime/structure_panel/esmfold_pdb/YP_001661650.1.pdb
NP_714931.1	239	completed	runs/v2_full_test_evidence_regime/structure_panel/esmfold_pdb/NP_714931.1.pdb
NP_740481.1	234	completed	runs/v2_full_test_evidence_regime/structure_panel/esmfold_pdb/NP_740481.1.pdb
YP_004464918.1	634	completed	runs/v2_full_test_evidence_regime/structure_panel/esmfold_pdb/YP_004464918.1.pdb
YP_009836134.1	320	completed	runs/v2_full_test_evidence_regime/structure_panel/esmfold_pdb/YP_009836134.1.pdb
YP_002643045.1	116	completed	runs/v2_full_test_evidence_regime/structure_panel/esmfold_pdb/YP_002643045.1.pdb
YP_009337275.1	311	completed	runs/v2_full_test_evidence_regime/structure_panel/esmfold_pdb/YP_009337275.1.pdb
YP_009361880.1	677	completed	runs/v2_full_test_evidence_regime/structure_panel/esmfold_pdb/YP_009361880.1.pdb
YP_009329845.1	338	completed	runs/v2_full_test_evidence_regime/structure_panel/esmfold_pdb/YP_009329845.1.pdb
YP_008719942.1	266	completed	runs/v2_full_test_evidence_regime/structure_panel/esmfold_pdb/YP_008719942.1.pdb
YP_009850370.1	423	completed	runs/v2_full_test_evidence_regime/structure_panel/esmfold_pdb/YP_009850370.1.pdb
YP_010746132.1	168	completed	runs/v2_full_test_evidence_regime/structure_panel/esmfold_pdb/YP_010746132.1.pdb
YP_010747795.1	489	completed	runs/v2_full_test_evidence_regime/structure_panel/esmfold_pdb/YP_010747795.1.pdb
YP_010745906.1	489	completed	runs/v2_full_test_evidence_regime/structure_panel/esmfold_pdb/YP_010745906.1.pdb
YP_011217285.1	194	completed	runs/v2_full_test_evidence_regime/structure_panel/esmfold_pdb/YP_011217285.1.pdb
YP_010749322.1	170	completed	runs/v2_full_test_evidence_regime/structure_panel/esmfold_pdb/YP_010749322.1.pdb
YP_012054204.1	497	completed	runs/v2_full_test_evidence_regime/structure_panel/esmfold_pdb/YP_012054204.1.pdb
YP_009035138.1	168	completed	runs/v2_full_test_evidence_regime/structure_panel/esmfold_pdb/YP_009035138.1.pdb
YP_009608625.1	168	completed	runs/v2_full_test_evidence_regime/structure_panel/esmfold_pdb/YP_009608625.1.pdb
YP_010747936.1	491	completed	runs/v2_full_test_evidence_regime/structure_panel/esmfold_pdb/YP_010747936.1.pdb
YP_010747444.1	489	completed	runs/v2_full_test_evidence_regime/structure_panel/esmfold_pdb/YP_010747444.1.pdb
YP_010746821.1	181	completed	runs/v2_full_test_evidence_regime/structure_panel/esmfold_pdb/YP_010746821.1.pdb
YP_010582213.1	497	completed	runs/v2_full_test_evidence_regime/structure_panel/esmfold_pdb/YP_010582213.1.pdb
YP_010748217.1	490	completed	runs/v2_full_test_evidence_regime/structure_panel/esmfold_pdb/YP_010748217.1.pdb
YP_001110831.1	489	completed	runs/v2_full_test_evidence_regime/structure_panel/esmfold_pdb/YP_001110831.1.pdb
YP_024735.1	536	completed	runs/v2_full_test_evidence_regime/structure_panel/esmfold_pdb/YP_024735.1.pdb
YP_010745969.1	489	completed	runs/v2_full_test_evidence_regime/structure_panel/esmfold_pdb/YP_010745969.1.pdb
YP_010747246.1	492	completed	runs/v2_full_test_evidence_regime/structure_panel/esmfold_pdb/YP_010747246.1.pdb
YP_009168781.1	195	completed	runs/v2_full_test_evidence_regime/structure_panel/esmfold_pdb/YP_009168781.1.pdb
YP_010680627.1	299	completed	runs/v2_full_test_evidence_regime/structure_panel/esmfold_pdb/YP_010680627.1.pdb
YP_010742883.1	81	completed	runs/v2_full_test_evidence_regime/structure_panel/esmfold_pdb/YP_010742883.1.pdb
YP_010746028.1	181	completed	runs/v2_full_test_evidence_regime/structure_panel/esmfold_pdb/YP_010746028.1.pdb
YP_010748600.1	181	completed	runs/v2_full_test_evidence_regime/structure_panel/esmfold_pdb/YP_010748600.1.pdb
YP_009838060.1	605	completed	runs/v2_full_test_evidence_regime/structure_panel/esmfold_pdb/YP_009838060.1.pdb
YP_009113151.1	494	completed	runs/v2_full_test_evidence_regime/structure_panel/esmfold_pdb/YP_009113151.1.pdb
YP_001129485.1	690	completed	runs/v2_full_test_evidence_regime/structure_panel/esmfold_pdb/YP_001129485.1.pdb
YP_010749145.1	169	completed	runs/v2_full_test_evidence_regime/structure_panel/esmfold_pdb/YP_010749145.1.pdb
YP_010749286.1	195	completed	runs/v2_full_test_evidence_regime/structure_panel/esmfold_pdb/YP_010749286.1.pdb
YP_009152754.1	568	completed	runs/v2_full_test_evidence_regime/structure_panel/esmfold_pdb/YP_009152754.1.pdb
YP_009198775.1	149	completed	runs/v2_full_test_evidence_regime/structure_panel/esmfold_pdb/YP_009198775.1.pdb
NP_570784.1	576	completed	runs/v2_full_test_evidence_regime/structure_panel/esmfold_pdb/NP_570784.1.pdb
YP_008239713.1	490	completed	runs/v2_full_test_evidence_regime/structure_panel/esmfold_pdb/YP_008239713.1.pdb
YP_010582707.1	500	completed	runs/v2_full_test_evidence_regime/structure_panel/esmfold_pdb/YP_010582707.1.pdb
YP_007673406.1	387	completed	runs/v2_full_test_evidence_regime/structure_panel/esmfold_pdb/YP_007673406.1.pdb
YP_010748188.1	168	completed	runs/v2_full_test_evidence_regime/structure_panel/esmfold_pdb/YP_010748188.1.pdb
YP_010658201.1	225	completed	runs/v2_full_test_evidence_regime/structure_panel/esmfold_pdb/YP_010658201.1.pdb
YP_007010456.1	489	completed	runs/v2_full_test_evidence_regime/structure_panel/esmfold_pdb/YP_007010456.1.pdb
YP_009617975.1	169	completed	runs/v2_full_test_evidence_regime/structure_panel/esmfold_pdb/YP_009617975.1.pdb
YP_010582307.1	497	completed	runs/v2_full_test_evidence_regime/structure_panel/esmfold_pdb/YP_010582307.1.pdb
YP_009702645.1	354	completed	runs/v2_full_test_evidence_regime/structure_panel/esmfold_pdb/YP_009702645.1.pdb
YP_010680694.1	299	completed	runs/v2_full_test_evidence_regime/structure_panel/esmfold_pdb/YP_010680694.1.pdb
YP_009118458.1	94	completed	runs/v2_full_test_evidence_regime/structure_panel/esmfold_pdb/YP_009118458.1.pdb
YP_009793237.1	107	completed	runs/v2_full_test_evidence_regime/structure_panel/esmfold_pdb/YP_009793237.1.pdb
YP_009593384.1	156	completed	runs/v2_full_test_evidence_regime/structure_panel/esmfold_pdb/YP_009593384.1.pdb
YP_009552533.1	111	completed	runs/v2_full_test_evidence_regime/structure_panel/esmfold_pdb/YP_009552533.1.pdb
YP_009168833.1	195	completed	runs/v2_full_test_evidence_regime/structure_panel/esmfold_pdb/YP_009168833.1.pdb
YP_010747678.1	489	completed	runs/v2_full_test_evidence_regime/structure_panel/esmfold_pdb/YP_010747678.1.pdb
YP_010680370.1	297	completed	runs/v2_full_test_evidence_regime/structure_panel/esmfold_pdb/YP_010680370.1.pdb
YP_010749595.1	174	completed	runs/v2_full_test_evidence_regime/structure_panel/esmfold_pdb/YP_010749595.1.pdb
YP_009785048.1	90	completed	runs/v2_full_test_evidence_regime/structure_panel/esmfold_pdb/YP_009785048.1.pdb
YP_010748383.1	489	completed	runs/v2_full_test_evidence_regime/structure_panel/esmfold_pdb/YP_010748383.1.pdb
YP_009229902.1	91	completed	runs/v2_full_test_evidence_regime/structure_panel/esmfold_pdb/YP_009229902.1.pdb
YP_010747282.1	489	completed	runs/v2_full_test_evidence_regime/structure_panel/esmfold_pdb/YP_010747282.1.pdb
YP_009229903.1	469	completed	runs/v2_full_test_evidence_regime/structure_panel/esmfold_pdb/YP_009229903.1.pdb
YP_011965730.1	497	completed	runs/v2_full_test_evidence_regime/structure_panel/esmfold_pdb/YP_011965730.1.pdb
YP_010746819.1	490	completed	runs/v2_full_test_evidence_regime/structure_panel/esmfold_pdb/YP_010746819.1.pdb
YP_010747193.1	492	completed	runs/v2_full_test_evidence_regime/structure_panel/esmfold_pdb/YP_010747193.1.pdb
YP_067978.1	614	completed	runs/v2_full_test_evidence_regime/structure_panel/esmfold_pdb/YP_067978.1.pdb
YP_010748903.1	181	completed	runs/v2_full_test_evidence_regime/structure_panel/esmfold_pdb/YP_010748903.1.pdb
YP_010746393.1	378	completed	runs/v2_full_test_evidence_regime/structure_panel/esmfold_pdb/YP_010746393.1.pdb
YP_010746441.1	490	completed	runs/v2_full_test_evidence_regime/structure_panel/esmfold_pdb/YP_010746441.1.pdb
YP_008767172.1	168	completed	runs/v2_full_test_evidence_regime/structure_panel/esmfold_pdb/YP_008767172.1.pdb
YP_008239630.1	497	completed	runs/v2_full_test_evidence_regime/structure_panel/esmfold_pdb/YP_008239630.1.pdb
YP_010060714.1	149	completed	runs/v2_full_test_evidence_regime/structure_panel/esmfold_pdb/YP_010060714.1.pdb
YP_010050876.1	114	completed	runs/v2_full_test_evidence_regime/structure_panel/esmfold_pdb/YP_010050876.1.pdb
YP_010748598.1	489	completed	runs/v2_full_test_evidence_regime/structure_panel/esmfold_pdb/YP_010748598.1.pdb
YP_010749323.1	411	completed	runs/v2_full_test_evidence_regime/structure_panel/esmfold_pdb/YP_010749323.1.pdb
YP_010748086.1	489	completed	runs/v2_full_test_evidence_regime/structure_panel/esmfold_pdb/YP_010748086.1.pdb
YP_010052625.1	161	completed	runs/v2_full_test_evidence_regime/structure_panel/esmfold_pdb/YP_010052625.1.pdb
YP_010747934.1	168	completed	runs/v2_full_test_evidence_regime/structure_panel/esmfold_pdb/YP_010747934.1.pdb
YP_010085884.1	651	completed	runs/v2_full_test_evidence_regime/structure_panel/esmfold_pdb/YP_010085884.1.pdb
YP_009140131.1	203	completed	runs/v2_full_test_evidence_regime/structure_panel/esmfold_pdb/YP_009140131.1.pdb
YP_010746260.1	490	completed	runs/v2_full_test_evidence_regime/structure_panel/esmfold_pdb/YP_010746260.1.pdb
YP_011217212.1	497	completed	runs/v2_full_test_evidence_regime/structure_panel/esmfold_pdb/YP_011217212.1.pdb
YP_010655497.1	184	completed	runs/v2_full_test_evidence_regime/structure_panel/esmfold_pdb/YP_010655497.1.pdb
YP_010582581.1	497	completed	runs/v2_full_test_evidence_regime/structure_panel/esmfold_pdb/YP_010582581.1.pdb
YP_010747698.1	376	completed	runs/v2_full_test_evidence_regime/structure_panel/esmfold_pdb/YP_010747698.1.pdb
YP_010748852.1	168	completed	runs/v2_full_test_evidence_regime/structure_panel/esmfold_pdb/YP_010748852.1.pdb
YP_010065013.1	328	completed	runs/v2_full_test_evidence_regime/structure_panel/esmfold_pdb/YP_010065013.1.pdb
YP_009886116.1	374	completed	runs/v2_full_test_evidence_regime/structure_panel/esmfold_pdb/YP_009886116.1.pdb
YP_009597301.1	376	completed	runs/v2_full_test_evidence_regime/structure_panel/esmfold_pdb/YP_009597301.1.pdb
YP_010582342.1	427	completed	runs/v2_full_test_evidence_regime/structure_panel/esmfold_pdb/YP_010582342.1.pdb
NP_040239.1	483	completed	runs/v2_full_test_evidence_regime/structure_panel/esmfold_pdb/NP_040239.1.pdb
YP_010745720.1	376	completed	runs/v2_full_test_evidence_regime/structure_panel/esmfold_pdb/YP_010745720.1.pdb
YP_010749079.1	376	completed	runs/v2_full_test_evidence_regime/structure_panel/esmfold_pdb/YP_010749079.1.pdb
YP_010746283.1	384	completed	runs/v2_full_test_evidence_regime/structure_panel/esmfold_pdb/YP_010746283.1.pdb
YP_024769.1	341	completed	runs/v2_full_test_evidence_regime/structure_panel/esmfold_pdb/YP_024769.1.pdb
YP_008767022.1	376	completed	runs/v2_full_test_evidence_regime/structure_panel/esmfold_pdb/YP_008767022.1.pdb
YP_010680497.1	562	completed	runs/v2_full_test_evidence_regime/structure_panel/esmfold_pdb/YP_010680497.1.pdb
YP_009608668.1	372	completed	runs/v2_full_test_evidence_regime/structure_panel/esmfold_pdb/YP_009608668.1.pdb
YP_010748744.1	376	completed	runs/v2_full_test_evidence_regime/structure_panel/esmfold_pdb/YP_010748744.1.pdb
YP_009883539.1	775	completed	runs/v2_full_test_evidence_regime/structure_panel/esmfold_pdb/YP_009883539.1.pdb
YP_009854219.1	604	completed	runs/v2_full_test_evidence_regime/structure_panel/esmfold_pdb/YP_009854219.1.pdb
YP_009222491.1	108	completed	runs/v2_full_test_evidence_regime/structure_panel/esmfold_pdb/YP_009222491.1.pdb
YP_009836099.1	273	completed	runs/v2_full_test_evidence_regime/structure_panel/esmfold_pdb/YP_009836099.1.pdb
YP_007236711.1	248	completed	runs/v2_full_test_evidence_regime/structure_panel/esmfold_pdb/YP_007236711.1.pdb
YP_010050991.1	124	completed	runs/v2_full_test_evidence_regime/structure_panel/esmfold_pdb/YP_010050991.1.pdb
YP_010745808.1	384	completed	runs/v2_full_test_evidence_regime/structure_panel/esmfold_pdb/YP_010745808.1.pdb
YP_010745792.1	95	completed	runs/v2_full_test_evidence_regime/structure_panel/esmfold_pdb/YP_010745792.1.pdb
YP_010748116.1	95	completed	runs/v2_full_test_evidence_regime/structure_panel/esmfold_pdb/YP_010748116.1.pdb
YP_010747302.1	376	completed	runs/v2_full_test_evidence_regime/structure_panel/esmfold_pdb/YP_010747302.1.pdb
YP_009836162.1	268	completed	runs/v2_full_test_evidence_regime/structure_panel/esmfold_pdb/YP_009836162.1.pdb
YP_010653998.1	202	completed	runs/v2_full_test_evidence_regime/structure_panel/esmfold_pdb/YP_010653998.1.pdb
YP_010749003.1	376	completed	runs/v2_full_test_evidence_regime/structure_panel/esmfold_pdb/YP_010749003.1.pdb
YP_009886678.1	247	completed	runs/v2_full_test_evidence_regime/structure_panel/esmfold_pdb/YP_009886678.1.pdb
YP_010740236.1	187	completed	runs/v2_full_test_evidence_regime/structure_panel/esmfold_pdb/YP_010740236.1.pdb
YP_009821857.1	376	completed	runs/v2_full_test_evidence_regime/structure_panel/esmfold_pdb/YP_009821857.1.pdb
YP_010748338.1	384	completed	runs/v2_full_test_evidence_regime/structure_panel/esmfold_pdb/YP_010748338.1.pdb
YP_009798970.1	775	completed	runs/v2_full_test_evidence_regime/structure_panel/esmfold_pdb/YP_009798970.1.pdb
YP_008433509.1	814	completed	runs/v2_full_test_evidence_regime/structure_panel/esmfold_pdb/YP_008433509.1.pdb
YP_010746415.1	384	completed	runs/v2_full_test_evidence_regime/structure_panel/esmfold_pdb/YP_010746415.1.pdb
YP_010749736.1	100	completed	runs/v2_full_test_evidence_regime/structure_panel/esmfold_pdb/YP_010749736.1.pdb
YP_010749185.1	94	completed	runs/v2_full_test_evidence_regime/structure_panel/esmfold_pdb/YP_010749185.1.pdb
YP_010749522.1	406	completed	runs/v2_full_test_evidence_regime/structure_panel/esmfold_pdb/YP_010749522.1.pdb
YP_010582184.1	478	completed	runs/v2_full_test_evidence_regime/structure_panel/esmfold_pdb/YP_010582184.1.pdb
YP_010679936.1	190	completed	runs/v2_full_test_evidence_regime/structure_panel/esmfold_pdb/YP_010679936.1.pdb
YP_008058248.1	163	completed	runs/v2_full_test_evidence_regime/structure_panel/esmfold_pdb/YP_008058248.1.pdb
YP_009885390.1	106	completed	runs/v2_full_test_evidence_regime/structure_panel/esmfold_pdb/YP_009885390.1.pdb
YP_010746647.1	376	completed	runs/v2_full_test_evidence_regime/structure_panel/esmfold_pdb/YP_010746647.1.pdb
YP_010746359.1	95	completed	runs/v2_full_test_evidence_regime/structure_panel/esmfold_pdb/YP_010746359.1.pdb
YP_010746108.1	165	completed	runs/v2_full_test_evidence_regime/structure_panel/esmfold_pdb/YP_010746108.1.pdb
YP_010748119.1	163	completed	runs/v2_full_test_evidence_regime/structure_panel/esmfold_pdb/YP_010748119.1.pdb
YP_009884595.1	775	completed	runs/v2_full_test_evidence_regime/structure_panel/esmfold_pdb/YP_009884595.1.pdb
YP_010582395.1	173	completed	runs/v2_full_test_evidence_regime/structure_panel/esmfold_pdb/YP_010582395.1.pdb
YP_009902999.1	376	completed	runs/v2_full_test_evidence_regime/structure_panel/esmfold_pdb/YP_009902999.1.pdb
YP_001218840.1	341	completed	runs/v2_full_test_evidence_regime/structure_panel/esmfold_pdb/YP_001218840.1.pdb
YP_010746634.1	95	completed	runs/v2_full_test_evidence_regime/structure_panel/esmfold_pdb/YP_010746634.1.pdb
YP_010746869.1	376	completed	runs/v2_full_test_evidence_regime/structure_panel/esmfold_pdb/YP_010746869.1.pdb
YP_010582349.1	59	completed	runs/v2_full_test_evidence_regime/structure_panel/esmfold_pdb/YP_010582349.1.pdb
YP_009608577.1	376	completed	runs/v2_full_test_evidence_regime/structure_panel/esmfold_pdb/YP_009608577.1.pdb
YP_010681215.1	571	completed	runs/v2_full_test_evidence_regime/structure_panel/esmfold_pdb/YP_010681215.1.pdb
YP_008531952.1	775	completed	runs/v2_full_test_evidence_regime/structure_panel/esmfold_pdb/YP_008531952.1.pdb
YP_008767206.1	95	completed	runs/v2_full_test_evidence_regime/structure_panel/esmfold_pdb/YP_008767206.1.pdb
YP_010745861.1	384	completed	runs/v2_full_test_evidence_regime/structure_panel/esmfold_pdb/YP_010745861.1.pdb
YP_010746244.1	172	completed	runs/v2_full_test_evidence_regime/structure_panel/esmfold_pdb/YP_010746244.1.pdb
YP_010582611.1	163	completed	runs/v2_full_test_evidence_regime/structure_panel/esmfold_pdb/YP_010582611.1.pdb
YP_009621592.1	134	completed	runs/v2_full_test_evidence_regime/structure_panel/esmfold_pdb/YP_009621592.1.pdb
YP_010748476.1	376	completed	runs/v2_full_test_evidence_regime/structure_panel/esmfold_pdb/YP_010748476.1.pdb
YP_008239744.1	161	completed	runs/v2_full_test_evidence_regime/structure_panel/esmfold_pdb/YP_008239744.1.pdb
YP_008767193.1	376	completed	runs/v2_full_test_evidence_regime/structure_panel/esmfold_pdb/YP_008767193.1.pdb
YP_009836036.1	279	completed	runs/v2_full_test_evidence_regime/structure_panel/esmfold_pdb/YP_009836036.1.pdb
YP_009009960.1	95	completed	runs/v2_full_test_evidence_regime/structure_panel/esmfold_pdb/YP_009009960.1.pdb
YP_011217196.1	376	completed	runs/v2_full_test_evidence_regime/structure_panel/esmfold_pdb/YP_011217196.1.pdb
YP_010679955.1	377	completed	runs/v2_full_test_evidence_regime/structure_panel/esmfold_pdb/YP_010679955.1.pdb
YP_010748564.1	94	completed	runs/v2_full_test_evidence_regime/structure_panel/esmfold_pdb/YP_010748564.1.pdb
YP_010749676.1	384	completed	runs/v2_full_test_evidence_regime/structure_panel/esmfold_pdb/YP_010749676.1.pdb
YP_010665243.1	179	completed	runs/v2_full_test_evidence_regime/structure_panel/esmfold_pdb/YP_010665243.1.pdb
YP_010748759.1	95	completed	runs/v2_full_test_evidence_regime/structure_panel/esmfold_pdb/YP_010748759.1.pdb
YP_009505410.1	485	completed	runs/v2_full_test_evidence_regime/structure_panel/esmfold_pdb/YP_009505410.1.pdb
YP_010013453.1	147	completed	runs/v2_full_test_evidence_regime/structure_panel/esmfold_pdb/YP_010013453.1.pdb
YP_010680252.1	563	completed	runs/v2_full_test_evidence_regime/structure_panel/esmfold_pdb/YP_010680252.1.pdb
YP_009886159.1	153	completed	runs/v2_full_test_evidence_regime/structure_panel/esmfold_pdb/YP_009886159.1.pdb
YP_009621511.1	58	completed	runs/v2_full_test_evidence_regime/structure_panel/esmfold_pdb/YP_009621511.1.pdb
YP_010745928.1	59	completed	runs/v2_full_test_evidence_regime/structure_panel/esmfold_pdb/YP_010745928.1.pdb
YP_010653961.1	136	completed	runs/v2_full_test_evidence_regime/structure_panel/esmfold_pdb/YP_010653961.1.pdb
YP_009388567.1	285	completed	runs/v2_full_test_evidence_regime/structure_panel/esmfold_pdb/YP_009388567.1.pdb
YP_009017255.1	84	completed	runs/v2_full_test_evidence_regime/structure_panel/esmfold_pdb/YP_009017255.1.pdb
YP_011413856.1	123	completed	runs/v2_full_test_evidence_regime/structure_panel/esmfold_pdb/YP_011413856.1.pdb
YP_009886902.1	153	completed	runs/v2_full_test_evidence_regime/structure_panel/esmfold_pdb/YP_009886902.1.pdb
YP_010109673.1	37	completed	runs/v2_full_test_evidence_regime/structure_panel/esmfold_pdb/YP_010109673.1.pdb
YP_010061495.1	53	completed	runs/v2_full_test_evidence_regime/structure_panel/esmfold_pdb/YP_010061495.1.pdb
YP_010105450.1	298	completed	runs/v2_full_test_evidence_regime/structure_panel/esmfold_pdb/YP_010105450.1.pdb
YP_009789496.1	161	completed	runs/v2_full_test_evidence_regime/structure_panel/esmfold_pdb/YP_009789496.1.pdb
YP_010653554.1	46	completed	runs/v2_full_test_evidence_regime/structure_panel/esmfold_pdb/YP_010653554.1.pdb
YP_009845683.1	171	completed	runs/v2_full_test_evidence_regime/structure_panel/esmfold_pdb/YP_009845683.1.pdb
YP_009843030.1	183	completed	runs/v2_full_test_evidence_regime/structure_panel/esmfold_pdb/YP_009843030.1.pdb
YP_009837004.1	180	completed	runs/v2_full_test_evidence_regime/structure_panel/esmfold_pdb/YP_009837004.1.pdb
YP_010061497.1	62	completed	runs/v2_full_test_evidence_regime/structure_panel/esmfold_pdb/YP_010061497.1.pdb
YP_009797875.1	107	completed	runs/v2_full_test_evidence_regime/structure_panel/esmfold_pdb/YP_009797875.1.pdb
YP_010653737.1	140	completed	runs/v2_full_test_evidence_regime/structure_panel/esmfold_pdb/YP_010653737.1.pdb
YP_010101354.1	292	completed	runs/v2_full_test_evidence_regime/structure_panel/esmfold_pdb/YP_010101354.1.pdb
YP_009797879.1	183	completed	runs/v2_full_test_evidence_regime/structure_panel/esmfold_pdb/YP_009797879.1.pdb
NP_042597.1	383	completed	runs/v2_full_test_evidence_regime/structure_panel/esmfold_pdb/NP_042597.1.pdb
YP_010109676.1	99	completed	runs/v2_full_test_evidence_regime/structure_panel/esmfold_pdb/YP_010109676.1.pdb
YP_010653380.1	140	completed	runs/v2_full_test_evidence_regime/structure_panel/esmfold_pdb/YP_010653380.1.pdb
NP_714934.1	99	completed	runs/v2_full_test_evidence_regime/structure_panel/esmfold_pdb/NP_714934.1.pdb
YP_009118457.1	288	completed	runs/v2_full_test_evidence_regime/structure_panel/esmfold_pdb/YP_009118457.1.pdb
YP_010050814.1	82	completed	runs/v2_full_test_evidence_regime/structure_panel/esmfold_pdb/YP_010050814.1.pdb
YP_010748745.1	59	completed	runs/v2_full_test_evidence_regime/structure_panel/esmfold_pdb/YP_010748745.1.pdb
YP_010747914.1	59	completed	runs/v2_full_test_evidence_regime/structure_panel/esmfold_pdb/YP_010747914.1.pdb
YP_010087390.1	308	completed	runs/v2_full_test_evidence_regime/structure_panel/esmfold_pdb/YP_010087390.1.pdb
YP_009225983.1	74	completed	runs/v2_full_test_evidence_regime/structure_panel/esmfold_pdb/YP_009225983.1.pdb
YP_010746951.1	59	completed	runs/v2_full_test_evidence_regime/structure_panel/esmfold_pdb/YP_010746951.1.pdb
YP_010109645.1	104	completed	runs/v2_full_test_evidence_regime/structure_panel/esmfold_pdb/YP_010109645.1.pdb
YP_009886653.1	153	completed	runs/v2_full_test_evidence_regime/structure_panel/esmfold_pdb/YP_009886653.1.pdb
YP_010681753.1	115	completed	runs/v2_full_test_evidence_regime/structure_panel/esmfold_pdb/YP_010681753.1.pdb
NP_042670.1	330	completed	runs/v2_full_test_evidence_regime/structure_panel/esmfold_pdb/NP_042670.1.pdb
YP_010801706.1	345	completed	runs/v2_full_test_evidence_regime/structure_panel/esmfold_pdb/YP_010801706.1.pdb
YP_010084520.1	334	completed	runs/v2_full_test_evidence_regime/structure_panel/esmfold_pdb/YP_010084520.1.pdb
YP_010109643.1	47	completed	runs/v2_full_test_evidence_regime/structure_panel/esmfold_pdb/YP_010109643.1.pdb
YP_010745989.1	59	completed	runs/v2_full_test_evidence_regime/structure_panel/esmfold_pdb/YP_010745989.1.pdb
YP_010002604.1	138	completed	runs/v2_full_test_evidence_regime/structure_panel/esmfold_pdb/YP_010002604.1.pdb
YP_010653495.1	90	completed	runs/v2_full_test_evidence_regime/structure_panel/esmfold_pdb/YP_010653495.1.pdb
YP_009797880.1	110	completed	runs/v2_full_test_evidence_regime/structure_panel/esmfold_pdb/YP_009797880.1.pdb
YP_008433355.1	131	completed	runs/v2_full_test_evidence_regime/structure_panel/esmfold_pdb/YP_008433355.1.pdb
YP_010754329.1	105	completed	runs/v2_full_test_evidence_regime/structure_panel/esmfold_pdb/YP_010754329.1.pdb
YP_009848321.1	183	completed	runs/v2_full_test_evidence_regime/structure_panel/esmfold_pdb/YP_009848321.1.pdb
NP_945023.1	58	completed	runs/v2_full_test_evidence_regime/structure_panel/esmfold_pdb/NP_945023.1.pdb
YP_010748802.1	59	completed	runs/v2_full_test_evidence_regime/structure_panel/esmfold_pdb/YP_010748802.1.pdb
YP_010653776.1	46	completed	runs/v2_full_test_evidence_regime/structure_panel/esmfold_pdb/YP_010653776.1.pdb
YP_009856327.1	183	completed	runs/v2_full_test_evidence_regime/structure_panel/esmfold_pdb/YP_009856327.1.pdb
YP_010114930.1	104	completed	runs/v2_full_test_evidence_regime/structure_panel/esmfold_pdb/YP_010114930.1.pdb
YP_010653519.1	98	completed	runs/v2_full_test_evidence_regime/structure_panel/esmfold_pdb/YP_010653519.1.pdb
NP_042675.1	383	completed	runs/v2_full_test_evidence_regime/structure_panel/esmfold_pdb/NP_042675.1.pdb
YP_010655658.1	83	completed	runs/v2_full_test_evidence_regime/structure_panel/esmfold_pdb/YP_010655658.1.pdb
YP_009552532.1	332	completed	runs/v2_full_test_evidence_regime/structure_panel/esmfold_pdb/YP_009552532.1.pdb
YP_009881570.1	153	completed	runs/v2_full_test_evidence_regime/structure_panel/esmfold_pdb/YP_009881570.1.pdb
YP_010790482.1	352	completed	runs/v2_full_test_evidence_regime/structure_panel/esmfold_pdb/YP_010790482.1.pdb
NP_714936.1	87	completed	runs/v2_full_test_evidence_regime/structure_panel/esmfold_pdb/NP_714936.1.pdb
YP_009229901.1	271	completed	runs/v2_full_test_evidence_regime/structure_panel/esmfold_pdb/YP_009229901.1.pdb
YP_010653530.1	168	completed	runs/v2_full_test_evidence_regime/structure_panel/esmfold_pdb/YP_010653530.1.pdb
YP_009219466.1	58	completed	runs/v2_full_test_evidence_regime/structure_panel/esmfold_pdb/YP_009219466.1.pdb
YP_011413798.1	405	completed	runs/v2_full_test_evidence_regime/structure_panel/esmfold_pdb/YP_011413798.1.pdb
YP_010653882.1	140	completed	runs/v2_full_test_evidence_regime/structure_panel/esmfold_pdb/YP_010653882.1.pdb
YP_010110089.1	120	completed	runs/v2_full_test_evidence_regime/structure_panel/esmfold_pdb/YP_010110089.1.pdb
YP_010653483.1	47	completed	runs/v2_full_test_evidence_regime/structure_panel/esmfold_pdb/YP_010653483.1.pdb
YP_009303017.1	148	completed	runs/v2_full_test_evidence_regime/structure_panel/esmfold_pdb/YP_009303017.1.pdb
YP_009595780.1	148	completed	runs/v2_full_test_evidence_regime/structure_panel/esmfold_pdb/YP_009595780.1.pdb
YP_009118391.1	383	completed	runs/v2_full_test_evidence_regime/structure_panel/esmfold_pdb/YP_009118391.1.pdb
YP_009889761.1	153	completed	runs/v2_full_test_evidence_regime/structure_panel/esmfold_pdb/YP_009889761.1.pdb
YP_009880903.1	153	completed	runs/v2_full_test_evidence_regime/structure_panel/esmfold_pdb/YP_009880903.1.pdb
YP_010653381.1	148	completed	runs/v2_full_test_evidence_regime/structure_panel/esmfold_pdb/YP_010653381.1.pdb
YP_010680723.1	224	completed	runs/v2_full_test_evidence_regime/structure_panel/esmfold_pdb/YP_010680723.1.pdb
YP_009324683.1	58	completed	runs/v2_full_test_evidence_regime/structure_panel/esmfold_pdb/YP_009324683.1.pdb
YP_010653738.1	148	completed	runs/v2_full_test_evidence_regime/structure_panel/esmfold_pdb/YP_010653738.1.pdb
YP_010745862.1	59	completed	runs/v2_full_test_evidence_regime/structure_panel/esmfold_pdb/YP_010745862.1.pdb
YP_009345905.1	2777	missing_or_failed	
YP_009553485.1	943	completed	runs/v2_full_test_evidence_regime/structure_panel/esmfold_pdb/YP_009553485.1.pdb
YP_009337692.1	2909	missing_or_failed	
YP_009333521.1	884	completed	runs/v2_full_test_evidence_regime/structure_panel/esmfold_pdb/YP_009333521.1.pdb
YP_009336787.1	3290	missing_or_failed	
YP_009329997.1	1704	completed	runs/v2_full_test_evidence_regime/structure_panel/esmfold_pdb/YP_009329997.1.pdb
YP_009337393.1	1826	completed	runs/v2_full_test_evidence_regime/structure_panel/esmfold_pdb/YP_009337393.1.pdb
YP_009336552.1	3050	missing_or_failed	
YP_009337415.1	2054	completed	runs/v2_full_test_evidence_regime/structure_panel/esmfold_pdb/YP_009337415.1.pdb
YP_009345053.1	3237	missing_or_failed	
YP_009342325.1	3700	missing_or_failed	
YP_009337211.1	801	completed	runs/v2_full_test_evidence_regime/structure_panel/esmfold_pdb/YP_009337211.1.pdb
YP_009333517.1	2471	completed	runs/v2_full_test_evidence_regime/structure_panel/esmfold_pdb/YP_009333517.1.pdb
YP_009337332.1	1942	completed	runs/v2_full_test_evidence_regime/structure_panel/esmfold_pdb/YP_009337332.1.pdb
YP_009336719.1	2949	missing_or_failed	
YP_009345913.1	2693	missing_or_failed	
YP_009333485.1	2178	completed	runs/v2_full_test_evidence_regime/structure_panel/esmfold_pdb/YP_009333485.1.pdb
YP_009333565.1	1199	completed	runs/v2_full_test_evidence_regime/structure_panel/esmfold_pdb/YP_009333565.1.pdb
YP_009336648.1	1492	completed	runs/v2_full_test_evidence_regime/structure_panel/esmfold_pdb/YP_009336648.1.pdb
YP_009336700.1	1741	completed	runs/v2_full_test_evidence_regime/structure_panel/esmfold_pdb/YP_009336700.1.pdb
YP_009336753.1	1689	completed	runs/v2_full_test_evidence_regime/structure_panel/esmfold_pdb/YP_009336753.1.pdb
YP_009336568.1	3169	missing_or_failed	
YP_009333505.1	777	completed	runs/v2_full_test_evidence_regime/structure_panel/esmfold_pdb/YP_009333505.1.pdb
YP_009336940.1	1683	completed	runs/v2_full_test_evidence_regime/structure_panel/esmfold_pdb/YP_009336940.1.pdb
YP_009336701.1	818	completed	runs/v2_full_test_evidence_regime/structure_panel/esmfold_pdb/YP_009336701.1.pdb
YP_009336909.1	1570	completed	runs/v2_full_test_evidence_regime/structure_panel/esmfold_pdb/YP_009336909.1.pdb
YP_009336853.1	2067	completed	runs/v2_full_test_evidence_regime/structure_panel/esmfold_pdb/YP_009336853.1.pdb
YP_009333439.1	1596	completed	runs/v2_full_test_evidence_regime/structure_panel/esmfold_pdb/YP_009333439.1.pdb
YP_009179220.1	7070	missing_or_failed	
YP_009336744.1	951	completed	runs/v2_full_test_evidence_regime/structure_panel/esmfold_pdb/YP_009336744.1.pdb
YP_009337006.1	1586	completed	runs/v2_full_test_evidence_regime/structure_panel/esmfold_pdb/YP_009337006.1.pdb
YP_009337080.1	1510	completed	runs/v2_full_test_evidence_regime/structure_panel/esmfold_pdb/YP_009337080.1.pdb
YP_009333452.1	1786	completed	runs/v2_full_test_evidence_regime/structure_panel/esmfold_pdb/YP_009333452.1.pdb
YP_009333440.1	971	completed	runs/v2_full_test_evidence_regime/structure_panel/esmfold_pdb/YP_009333440.1.pdb
YP_009336663.1	3113	missing_or_failed	
YP_009337100.1	2904	missing_or_failed	
YP_009333504.1	1580	completed	runs/v2_full_test_evidence_regime/structure_panel/esmfold_pdb/YP_009333504.1.pdb
YP_009330121.1	1830	completed	runs/v2_full_test_evidence_regime/structure_panel/esmfold_pdb/YP_009330121.1.pdb
YP_009337654.1	1736	completed	runs/v2_full_test_evidence_regime/structure_panel/esmfold_pdb/YP_009337654.1.pdb
YP_009330050.1	3029	missing_or_failed	
YP_009333389.1	968	completed	runs/v2_full_test_evidence_regime/structure_panel/esmfold_pdb/YP_009333389.1.pdb
YP_009336584.1	825	completed	runs/v2_full_test_evidence_regime/structure_panel/esmfold_pdb/YP_009336584.1.pdb
YP_009336571.1	1820	completed	runs/v2_full_test_evidence_regime/structure_panel/esmfold_pdb/YP_009336571.1.pdb
YP_009337725.1	1675	completed	runs/v2_full_test_evidence_regime/structure_panel/esmfold_pdb/YP_009337725.1.pdb
YP_009179222.1	8037	missing_or_failed	
YP_009333579.1	3001	missing_or_failed	
YP_009337696.1	2001	completed	runs/v2_full_test_evidence_regime/structure_panel/esmfold_pdb/YP_009337696.1.pdb
YP_009336708.1	943	completed	runs/v2_full_test_evidence_regime/structure_panel/esmfold_pdb/YP_009336708.1.pdb
YP_009336710.1	1156	completed	runs/v2_full_test_evidence_regime/structure_panel/esmfold_pdb/YP_009336710.1.pdb
YP_009333545.1	2661	completed	runs/v2_full_test_evidence_regime/structure_panel/esmfold_pdb/YP_009333545.1.pdb
YP_009333602.1	2544	completed	runs/v2_full_test_evidence_regime/structure_panel/esmfold_pdb/YP_009333602.1.pdb
YP_009333566.1	1694	completed	runs/v2_full_test_evidence_regime/structure_panel/esmfold_pdb/YP_009333566.1.pdb
YP_009336758.1	1635	completed	runs/v2_full_test_evidence_regime/structure_panel/esmfold_pdb/YP_009336758.1.pdb
YP_009336687.1	3398	missing_or_failed	
YP_009336540.1	2070	completed	runs/v2_full_test_evidence_regime/structure_panel/esmfold_pdb/YP_009336540.1.pdb
YP_009329972.1	2242	completed	runs/v2_full_test_evidence_regime/structure_panel/esmfold_pdb/YP_009329972.1.pdb
YP_009336729.1	1666	completed	runs/v2_full_test_evidence_regime/structure_panel/esmfold_pdb/YP_009336729.1.pdb
YP_009336674.1	1677	completed	runs/v2_full_test_evidence_regime/structure_panel/esmfold_pdb/YP_009336674.1.pdb
YP_009337289.1	2968	missing_or_failed	
YP_009179225.1	5175	missing_or_failed	
YP_009336930.1	894	completed	runs/v2_full_test_evidence_regime/structure_panel/esmfold_pdb/YP_009336930.1.pdb
YP_009333309.1	2903	missing_or_failed	
YP_009337064.1	3354	missing_or_failed	
YP_009329963.1	2676	completed	runs/v2_full_test_evidence_regime/structure_panel/esmfold_pdb/YP_009329963.1.pdb
YP_009345045.1	1857	completed	runs/v2_full_test_evidence_regime/structure_panel/esmfold_pdb/YP_009345045.1.pdb
NP_042787.1	530	completed	runs/v2_full_test_evidence_regime/structure_panel/esmfold_pdb/NP_042787.1.pdb
YP_009336567.1	3018	missing_or_failed	
YP_009336575.1	3061	missing_or_failed	
YP_009336975.1	951	completed	runs/v2_full_test_evidence_regime/structure_panel/esmfold_pdb/YP_009336975.1.pdb
YP_009336582.1	865	completed	runs/v2_full_test_evidence_regime/structure_panel/esmfold_pdb/YP_009336582.1.pdb
YP_009337629.1	2190	completed	runs/v2_full_test_evidence_regime/structure_panel/esmfold_pdb/YP_009337629.1.pdb
YP_009333509.1	1726	completed	runs/v2_full_test_evidence_regime/structure_panel/esmfold_pdb/YP_009333509.1.pdb
YP_009337372.1	3135	missing_or_failed	
YP_009345025.1	2865	missing_or_failed	
YP_009336546.1	1509	completed	runs/v2_full_test_evidence_regime/structure_panel/esmfold_pdb/YP_009336546.1.pdb
YP_009789252.1	261	completed	runs/v2_full_test_evidence_regime/structure_panel/esmfold_pdb/YP_009789252.1.pdb
YP_007236712.1	219	completed	runs/v2_full_test_evidence_regime/structure_panel/esmfold_pdb/YP_007236712.1.pdb
YP_010761409.1	308	completed	runs/v2_full_test_evidence_regime/structure_panel/esmfold_pdb/YP_010761409.1.pdb
YP_010088927.1	683	completed	runs/v2_full_test_evidence_regime/structure_panel/esmfold_pdb/YP_010088927.1.pdb
YP_009598314.1	436	completed	runs/v2_full_test_evidence_regime/structure_panel/esmfold_pdb/YP_009598314.1.pdb
YP_009505366.1	162	completed	runs/v2_full_test_evidence_regime/structure_panel/esmfold_pdb/YP_009505366.1.pdb
YP_009703177.1	706	completed	runs/v2_full_test_evidence_regime/structure_panel/esmfold_pdb/YP_009703177.1.pdb
YP_004010216.1	497	completed	runs/v2_full_test_evidence_regime/structure_panel/esmfold_pdb/YP_004010216.1.pdb
YP_009118446.1	921	completed	runs/v2_full_test_evidence_regime/structure_panel/esmfold_pdb/YP_009118446.1.pdb
YP_007010591.1	256	completed	runs/v2_full_test_evidence_regime/structure_panel/esmfold_pdb/YP_007010591.1.pdb
YP_010749105.1	755	completed	runs/v2_full_test_evidence_regime/structure_panel/esmfold_pdb/YP_010749105.1.pdb
YP_010658077.1	248	completed	runs/v2_full_test_evidence_regime/structure_panel/esmfold_pdb/YP_010658077.1.pdb
YP_010084513.1	853	completed	runs/v2_full_test_evidence_regime/structure_panel/esmfold_pdb/YP_010084513.1.pdb
YP_009703889.1	706	completed	runs/v2_full_test_evidence_regime/structure_panel/esmfold_pdb/YP_009703889.1.pdb
YP_009702854.1	706	completed	runs/v2_full_test_evidence_regime/structure_panel/esmfold_pdb/YP_009702854.1.pdb
NP_042734.1	859	completed	runs/v2_full_test_evidence_regime/structure_panel/esmfold_pdb/NP_042734.1.pdb
YP_010085930.1	835	completed	runs/v2_full_test_evidence_regime/structure_panel/esmfold_pdb/YP_010085930.1.pdb
YP_009056169.1	436	completed	runs/v2_full_test_evidence_regime/structure_panel/esmfold_pdb/YP_009056169.1.pdb
YP_009796763.1	822	completed	runs/v2_full_test_evidence_regime/structure_panel/esmfold_pdb/YP_009796763.1.pdb
YP_009606733.1	637	completed	runs/v2_full_test_evidence_regime/structure_panel/esmfold_pdb/YP_009606733.1.pdb
YP_009703402.1	509	completed	runs/v2_full_test_evidence_regime/structure_panel/esmfold_pdb/YP_009703402.1.pdb
YP_010659995.1	436	completed	runs/v2_full_test_evidence_regime/structure_panel/esmfold_pdb/YP_010659995.1.pdb
YP_009785079.1	562	completed	runs/v2_full_test_evidence_regime/structure_panel/esmfold_pdb/YP_009785079.1.pdb
YP_010748109.1	728	completed	runs/v2_full_test_evidence_regime/structure_panel/esmfold_pdb/YP_010748109.1.pdb
YP_010659551.1	436	completed	runs/v2_full_test_evidence_regime/structure_panel/esmfold_pdb/YP_010659551.1.pdb
YP_009229889.1	874	completed	runs/v2_full_test_evidence_regime/structure_panel/esmfold_pdb/YP_009229889.1.pdb
YP_009191817.1	483	completed	runs/v2_full_test_evidence_regime/structure_panel/esmfold_pdb/YP_009191817.1.pdb
YP_009191407.1	767	completed	runs/v2_full_test_evidence_regime/structure_panel/esmfold_pdb/YP_009191407.1.pdb
YP_009793144.1	415	completed	runs/v2_full_test_evidence_regime/structure_panel/esmfold_pdb/YP_009793144.1.pdb
YP_009703648.1	859	completed	runs/v2_full_test_evidence_regime/structure_panel/esmfold_pdb/YP_009703648.1.pdb
YP_001129457.1	874	completed	runs/v2_full_test_evidence_regime/structure_panel/esmfold_pdb/YP_001129457.1.pdb
YP_010659803.1	436	completed	runs/v2_full_test_evidence_regime/structure_panel/esmfold_pdb/YP_010659803.1.pdb
YP_010657873.1	249	completed	runs/v2_full_test_evidence_regime/structure_panel/esmfold_pdb/YP_010657873.1.pdb
YP_010801683.1	838	completed	runs/v2_full_test_evidence_regime/structure_panel/esmfold_pdb/YP_010801683.1.pdb
NP_042815.1	509	completed	runs/v2_full_test_evidence_regime/structure_panel/esmfold_pdb/NP_042815.1.pdb
YP_011965755.1	746	completed	runs/v2_full_test_evidence_regime/structure_panel/esmfold_pdb/YP_011965755.1.pdb
YP_010655676.1	802	completed	runs/v2_full_test_evidence_regime/structure_panel/esmfold_pdb/YP_010655676.1.pdb
YP_009703401.1	706	completed	runs/v2_full_test_evidence_regime/structure_panel/esmfold_pdb/YP_009703401.1.pdb
YP_010114419.1	450	completed	runs/v2_full_test_evidence_regime/structure_panel/esmfold_pdb/YP_010114419.1.pdb
YP_010667642.1	211	completed	runs/v2_full_test_evidence_regime/structure_panel/esmfold_pdb/YP_010667642.1.pdb
YP_009702607.1	859	completed	runs/v2_full_test_evidence_regime/structure_panel/esmfold_pdb/YP_009702607.1.pdb
NP_042653.1	884	completed	runs/v2_full_test_evidence_regime/structure_panel/esmfold_pdb/NP_042653.1.pdb
YP_950515.1	439	completed	runs/v2_full_test_evidence_regime/structure_panel/esmfold_pdb/YP_950515.1.pdb
YP_010087497.1	850	completed	runs/v2_full_test_evidence_regime/structure_panel/esmfold_pdb/YP_010087497.1.pdb
YP_009886843.1	498	completed	runs/v2_full_test_evidence_regime/structure_panel/esmfold_pdb/YP_009886843.1.pdb
YP_009553694.1	342	completed	runs/v2_full_test_evidence_regime/structure_panel/esmfold_pdb/YP_009553694.1.pdb
YP_009168824.1	755	completed	runs/v2_full_test_evidence_regime/structure_panel/esmfold_pdb/YP_009168824.1.pdb
YP_010659895.1	436	completed	runs/v2_full_test_evidence_regime/structure_panel/esmfold_pdb/YP_010659895.1.pdb
YP_009702369.1	509	completed	runs/v2_full_test_evidence_regime/structure_panel/esmfold_pdb/YP_009702369.1.pdb
YP_010659627.1	436	completed	runs/v2_full_test_evidence_regime/structure_panel/esmfold_pdb/YP_010659627.1.pdb
YP_009702526.1	706	completed	runs/v2_full_test_evidence_regime/structure_panel/esmfold_pdb/YP_009702526.1.pdb
YP_009927245.1	706	completed	runs/v2_full_test_evidence_regime/structure_panel/esmfold_pdb/YP_009927245.1.pdb
NP_570796.1	828	completed	runs/v2_full_test_evidence_regime/structure_panel/esmfold_pdb/NP_570796.1.pdb
YP_009703890.1	509	completed	runs/v2_full_test_evidence_regime/structure_panel/esmfold_pdb/YP_009703890.1.pdb
YP_010749296.1	746	completed	runs/v2_full_test_evidence_regime/structure_panel/esmfold_pdb/YP_010749296.1.pdb
YP_009055546.1	436	completed	runs/v2_full_test_evidence_regime/structure_panel/esmfold_pdb/YP_009055546.1.pdb
YP_009802386.1	554	completed	runs/v2_full_test_evidence_regime/structure_panel/esmfold_pdb/YP_009802386.1.pdb
YP_010657774.1	436	completed	runs/v2_full_test_evidence_regime/structure_panel/esmfold_pdb/YP_010657774.1.pdb
YP_009032011.1	436	completed	runs/v2_full_test_evidence_regime/structure_panel/esmfold_pdb/YP_009032011.1.pdb
YP_009889699.1	498	completed	runs/v2_full_test_evidence_regime/structure_panel/esmfold_pdb/YP_009889699.1.pdb
YP_009173935.1	853	completed	runs/v2_full_test_evidence_regime/structure_panel/esmfold_pdb/YP_009173935.1.pdb
YP_009791792.1	448	completed	runs/v2_full_test_evidence_regime/structure_panel/esmfold_pdb/YP_009791792.1.pdb
YP_009838282.1	224	completed	runs/v2_full_test_evidence_regime/structure_panel/esmfold_pdb/YP_009838282.1.pdb
YP_010658277.1	248	completed	runs/v2_full_test_evidence_regime/structure_panel/esmfold_pdb/YP_010658277.1.pdb
YP_009793204.1	415	completed	runs/v2_full_test_evidence_regime/structure_panel/esmfold_pdb/YP_009793204.1.pdb
YP_009703729.1	509	completed	runs/v2_full_test_evidence_regime/structure_panel/esmfold_pdb/YP_009703729.1.pdb
YP_009703574.1	509	completed	runs/v2_full_test_evidence_regime/structure_panel/esmfold_pdb/YP_009703574.1.pdb
YP_009837489.1	435	completed	runs/v2_full_test_evidence_regime/structure_panel/esmfold_pdb/YP_009837489.1.pdb
YP_009188325.1	261	completed	runs/v2_full_test_evidence_regime/structure_panel/esmfold_pdb/YP_009188325.1.pdb
YP_002456118.1	637	completed	runs/v2_full_test_evidence_regime/structure_panel/esmfold_pdb/YP_002456118.1.pdb
YP_004464928.1	255	completed	runs/v2_full_test_evidence_regime/structure_panel/esmfold_pdb/YP_004464928.1.pdb
YP_009793259.1	415	completed	runs/v2_full_test_evidence_regime/structure_panel/esmfold_pdb/YP_009793259.1.pdb
YP_009886593.1	498	completed	runs/v2_full_test_evidence_regime/structure_panel/esmfold_pdb/YP_009886593.1.pdb
YP_010665255.1	470	completed	runs/v2_full_test_evidence_regime/structure_panel/esmfold_pdb/YP_010665255.1.pdb
YP_010749175.1	746	completed	runs/v2_full_test_evidence_regime/structure_panel/esmfold_pdb/YP_010749175.1.pdb
YP_009831810.1	690	completed	runs/v2_full_test_evidence_regime/structure_panel/esmfold_pdb/YP_009831810.1.pdb
YP_009219502.1	184	completed	runs/v2_full_test_evidence_regime/structure_panel/esmfold_pdb/YP_009219502.1.pdb
YP_010085064.1	2236	completed	runs/v2_full_test_evidence_regime/structure_panel/esmfold_pdb/YP_010085064.1.pdb
YP_009337130.1	2327	completed	runs/v2_full_test_evidence_regime/structure_panel/esmfold_pdb/YP_009337130.1.pdb
YP_009702337.1	1211	completed	runs/v2_full_test_evidence_regime/structure_panel/esmfold_pdb/YP_009702337.1.pdb
YP_009833159.1	222	completed	runs/v2_full_test_evidence_regime/structure_panel/esmfold_pdb/YP_009833159.1.pdb
YP_009324648.1	184	completed	runs/v2_full_test_evidence_regime/structure_panel/esmfold_pdb/YP_009324648.1.pdb
YP_010659710.1	146	completed	runs/v2_full_test_evidence_regime/structure_panel/esmfold_pdb/YP_010659710.1.pdb
YP_009702663.1	174	completed	runs/v2_full_test_evidence_regime/structure_panel/esmfold_pdb/YP_009702663.1.pdb
YP_010840621.1	2261	completed	runs/v2_full_test_evidence_regime/structure_panel/esmfold_pdb/YP_010840621.1.pdb
YP_009337165.1	470	completed	runs/v2_full_test_evidence_regime/structure_panel/esmfold_pdb/YP_009337165.1.pdb
YP_009336843.1	1279	completed	runs/v2_full_test_evidence_regime/structure_panel/esmfold_pdb/YP_009336843.1.pdb
YP_010839550.1	2249	completed	runs/v2_full_test_evidence_regime/structure_panel/esmfold_pdb/YP_010839550.1.pdb
NP_689461.1	361	completed	runs/v2_full_test_evidence_regime/structure_panel/esmfold_pdb/NP_689461.1.pdb
YP_010840877.1	2300	completed	runs/v2_full_test_evidence_regime/structure_panel/esmfold_pdb/YP_010840877.1.pdb
YP_009336965.1	476	completed	runs/v2_full_test_evidence_regime/structure_panel/esmfold_pdb/YP_009336965.1.pdb
YP_010085080.1	2263	completed	runs/v2_full_test_evidence_regime/structure_panel/esmfold_pdb/YP_010085080.1.pdb
NP_042806.1	359	completed	runs/v2_full_test_evidence_regime/structure_panel/esmfold_pdb/NP_042806.1.pdb
YP_004123721.1	362	completed	runs/v2_full_test_evidence_regime/structure_panel/esmfold_pdb/YP_004123721.1.pdb
YP_009333318.1	924	completed	runs/v2_full_test_evidence_regime/structure_panel/esmfold_pdb/YP_009333318.1.pdb
NP_740422.1	457	completed	runs/v2_full_test_evidence_regime/structure_panel/esmfold_pdb/NP_740422.1.pdb
YP_009333257.1	451	completed	runs/v2_full_test_evidence_regime/structure_panel/esmfold_pdb/YP_009333257.1.pdb
YP_002898988.1	3785	missing_or_failed	
YP_009330105.1	2208	completed	runs/v2_full_test_evidence_regime/structure_panel/esmfold_pdb/YP_009330105.1.pdb
YP_010060835.1	621	completed	runs/v2_full_test_evidence_regime/structure_panel/esmfold_pdb/YP_010060835.1.pdb
YP_009333251.1	792	completed	runs/v2_full_test_evidence_regime/structure_panel/esmfold_pdb/YP_009333251.1.pdb
YP_010084717.1	362	completed	runs/v2_full_test_evidence_regime/structure_panel/esmfold_pdb/YP_010084717.1.pdb
YP_010060751.1	621	completed	runs/v2_full_test_evidence_regime/structure_panel/esmfold_pdb/YP_010060751.1.pdb
YP_010840109.1	2320	completed	runs/v2_full_test_evidence_regime/structure_panel/esmfold_pdb/YP_010840109.1.pdb
YP_010790486.1	2180	completed	runs/v2_full_test_evidence_regime/structure_panel/esmfold_pdb/YP_010790486.1.pdb
YP_010665241.1	848	completed	runs/v2_full_test_evidence_regime/structure_panel/esmfold_pdb/YP_010665241.1.pdb
YP_009703392.1	359	completed	runs/v2_full_test_evidence_regime/structure_panel/esmfold_pdb/YP_009703392.1.pdb
YP_009507877.1	2252	completed	runs/v2_full_test_evidence_regime/structure_panel/esmfold_pdb/YP_009507877.1.pdb
YP_010840663.1	2249	completed	runs/v2_full_test_evidence_regime/structure_panel/esmfold_pdb/YP_010840663.1.pdb
YP_010839947.1	2261	completed	runs/v2_full_test_evidence_regime/structure_panel/esmfold_pdb/YP_010839947.1.pdb
YP_009336997.1	492	completed	runs/v2_full_test_evidence_regime/structure_panel/esmfold_pdb/YP_009336997.1.pdb
YP_009337881.1	1161	completed	runs/v2_full_test_evidence_regime/structure_panel/esmfold_pdb/YP_009337881.1.pdb
YP_009362066.1	2268	completed	runs/v2_full_test_evidence_regime/structure_panel/esmfold_pdb/YP_009362066.1.pdb
YP_009796423.1	222	completed	runs/v2_full_test_evidence_regime/structure_panel/esmfold_pdb/YP_009796423.1.pdb
YP_009333347.1	1244	completed	runs/v2_full_test_evidence_regime/structure_panel/esmfold_pdb/YP_009333347.1.pdb
YP_010060663.1	632	completed	runs/v2_full_test_evidence_regime/structure_panel/esmfold_pdb/YP_010060663.1.pdb
YP_010772815.1	746	completed	runs/v2_full_test_evidence_regime/structure_panel/esmfold_pdb/YP_010772815.1.pdb
YP_009702656.1	1211	completed	runs/v2_full_test_evidence_regime/structure_panel/esmfold_pdb/YP_009702656.1.pdb
YP_003193667.1	977	completed	runs/v2_full_test_evidence_regime/structure_panel/esmfold_pdb/YP_003193667.1.pdb
YP_008859063.1	614	completed	runs/v2_full_test_evidence_regime/structure_panel/esmfold_pdb/YP_008859063.1.pdb
YP_010754380.1	317	completed	runs/v2_full_test_evidence_regime/structure_panel/esmfold_pdb/YP_010754380.1.pdb
YP_009837446.1	164	completed	runs/v2_full_test_evidence_regime/structure_panel/esmfold_pdb/YP_009837446.1.pdb
YP_009337113.1	534	completed	runs/v2_full_test_evidence_regime/structure_panel/esmfold_pdb/YP_009337113.1.pdb
YP_009796202.1	222	completed	runs/v2_full_test_evidence_regime/structure_panel/esmfold_pdb/YP_009796202.1.pdb
YP_007714631.1	1115	completed	runs/v2_full_test_evidence_regime/structure_panel/esmfold_pdb/YP_007714631.1.pdb
YP_009302387.1	2026	completed	runs/v2_full_test_evidence_regime/structure_panel/esmfold_pdb/YP_009302387.1.pdb
YP_009337159.1	963	completed	runs/v2_full_test_evidence_regime/structure_panel/esmfold_pdb/YP_009337159.1.pdb
YP_009337252.1	2218	completed	runs/v2_full_test_evidence_regime/structure_panel/esmfold_pdb/YP_009337252.1.pdb
YP_010839607.1	2248	completed	runs/v2_full_test_evidence_regime/structure_panel/esmfold_pdb/YP_010839607.1.pdb
YP_009329892.1	531	completed	runs/v2_full_test_evidence_regime/structure_panel/esmfold_pdb/YP_009329892.1.pdb
YP_002576171.1	361	completed	runs/v2_full_test_evidence_regime/structure_panel/esmfold_pdb/YP_002576171.1.pdb
YP_009666274.1	2010	completed	runs/v2_full_test_evidence_regime/structure_panel/esmfold_pdb/YP_009666274.1.pdb
NP_620665.1	354	completed	runs/v2_full_test_evidence_regime/structure_panel/esmfold_pdb/NP_620665.1.pdb
YP_010509706.1	1382	completed	runs/v2_full_test_evidence_regime/structure_panel/esmfold_pdb/YP_010509706.1.pdb
YP_009666923.1	2253	completed	runs/v2_full_test_evidence_regime/structure_panel/esmfold_pdb/YP_009666923.1.pdb
YP_009507866.1	2250	completed	runs/v2_full_test_evidence_regime/structure_panel/esmfold_pdb/YP_009507866.1.pdb
YP_009666904.1	2252	completed	runs/v2_full_test_evidence_regime/structure_panel/esmfold_pdb/YP_009666904.1.pdb
YP_009838385.1	452	completed	runs/v2_full_test_evidence_regime/structure_panel/esmfold_pdb/YP_009838385.1.pdb
YP_010084300.1	2263	completed	runs/v2_full_test_evidence_regime/structure_panel/esmfold_pdb/YP_010084300.1.pdb
YP_010839513.1	2251	completed	runs/v2_full_test_evidence_regime/structure_panel/esmfold_pdb/YP_010839513.1.pdb
YP_006273070.1	357	completed	runs/v2_full_test_evidence_regime/structure_panel/esmfold_pdb/YP_006273070.1.pdb
YP_009117083.1	2239	completed	runs/v2_full_test_evidence_regime/structure_panel/esmfold_pdb/YP_009117083.1.pdb
YP_009330077.1	476	completed	runs/v2_full_test_evidence_regime/structure_panel/esmfold_pdb/YP_009330077.1.pdb
YP_009703720.1	359	completed	runs/v2_full_test_evidence_regime/structure_panel/esmfold_pdb/YP_009703720.1.pdb
YP_010840685.1	2240	completed	runs/v2_full_test_evidence_regime/structure_panel/esmfold_pdb/YP_010840685.1.pdb
YP_009637942.1	621	completed	runs/v2_full_test_evidence_regime/structure_panel/esmfold_pdb/YP_009637942.1.pdb
YP_009507885.1	2270	completed	runs/v2_full_test_evidence_regime/structure_panel/esmfold_pdb/YP_009507885.1.pdb
YP_009237274.1	2295	completed	runs/v2_full_test_evidence_regime/structure_panel/esmfold_pdb/YP_009237274.1.pdb
YP_009336520.1	870	completed	runs/v2_full_test_evidence_regime/structure_panel/esmfold_pdb/YP_009336520.1.pdb
YP_009336917.1	726	completed	runs/v2_full_test_evidence_regime/structure_panel/esmfold_pdb/YP_009336917.1.pdb
YP_009321978.1	119	completed	runs/v2_full_test_evidence_regime/structure_panel/esmfold_pdb/YP_009321978.1.pdb
YP_803221.1	134	completed	runs/v2_full_test_evidence_regime/structure_panel/esmfold_pdb/YP_803221.1.pdb
YP_011965715.1	86	completed	runs/v2_full_test_evidence_regime/structure_panel/esmfold_pdb/YP_011965715.1.pdb
YP_009907896.1	215	completed	runs/v2_full_test_evidence_regime/structure_panel/esmfold_pdb/YP_009907896.1.pdb
YP_010771777.1	58	completed	runs/v2_full_test_evidence_regime/structure_panel/esmfold_pdb/YP_010771777.1.pdb
YP_009140566.1	134	completed	runs/v2_full_test_evidence_regime/structure_panel/esmfold_pdb/YP_009140566.1.pdb
YP_009321794.1	119	completed	runs/v2_full_test_evidence_regime/structure_panel/esmfold_pdb/YP_009321794.1.pdb
YP_009508024.1	129	completed	runs/v2_full_test_evidence_regime/structure_panel/esmfold_pdb/YP_009508024.1.pdb
YP_007010498.1	56	completed	runs/v2_full_test_evidence_regime/structure_panel/esmfold_pdb/YP_007010498.1.pdb
YP_009635914.1	74	completed	runs/v2_full_test_evidence_regime/structure_panel/esmfold_pdb/YP_009635914.1.pdb
YP_009324636.1	99	completed	runs/v2_full_test_evidence_regime/structure_panel/esmfold_pdb/YP_009324636.1.pdb
YP_009608644.1	61	completed	runs/v2_full_test_evidence_regime/structure_panel/esmfold_pdb/YP_009608644.1.pdb
YP_009837008.1	33	completed	runs/v2_full_test_evidence_regime/structure_panel/esmfold_pdb/YP_009837008.1.pdb
YP_005351245.1	134	completed	runs/v2_full_test_evidence_regime/structure_panel/esmfold_pdb/YP_005351245.1.pdb
YP_009796490.1	80	completed	runs/v2_full_test_evidence_regime/structure_panel/esmfold_pdb/YP_009796490.1.pdb
YP_009200825.1	99	completed	runs/v2_full_test_evidence_regime/structure_panel/esmfold_pdb/YP_009200825.1.pdb
YP_009822407.1	80	completed	runs/v2_full_test_evidence_regime/structure_panel/esmfold_pdb/YP_009822407.1.pdb
YP_010101374.1	74	completed	runs/v2_full_test_evidence_regime/structure_panel/esmfold_pdb/YP_010101374.1.pdb
YP_009275106.1	33	completed	runs/v2_full_test_evidence_regime/structure_panel/esmfold_pdb/YP_009275106.1.pdb
YP_010087794.1	172	completed	runs/v2_full_test_evidence_regime/structure_panel/esmfold_pdb/YP_010087794.1.pdb
YP_004539015.1	84	completed	runs/v2_full_test_evidence_regime/structure_panel/esmfold_pdb/YP_004539015.1.pdb
YP_010087340.1	132	completed	runs/v2_full_test_evidence_regime/structure_panel/esmfold_pdb/YP_010087340.1.pdb
YP_008767048.1	56	completed	runs/v2_full_test_evidence_regime/structure_panel/esmfold_pdb/YP_008767048.1.pdb
YP_009621684.1	99	completed	runs/v2_full_test_evidence_regime/structure_panel/esmfold_pdb/YP_009621684.1.pdb
NP_619681.1	135	completed	runs/v2_full_test_evidence_regime/structure_panel/esmfold_pdb/NP_619681.1.pdb
YP_009615917.1	80	completed	runs/v2_full_test_evidence_regime/structure_panel/esmfold_pdb/YP_009615917.1.pdb
YP_009884630.1	80	completed	runs/v2_full_test_evidence_regime/structure_panel/esmfold_pdb/YP_009884630.1.pdb
YP_009187884.1	215	completed	runs/v2_full_test_evidence_regime/structure_panel/esmfold_pdb/YP_009187884.1.pdb
YP_009280150.1	56	completed	runs/v2_full_test_evidence_regime/structure_panel/esmfold_pdb/YP_009280150.1.pdb
YP_009042057.1	129	completed	runs/v2_full_test_evidence_regime/structure_panel/esmfold_pdb/YP_009042057.1.pdb
YP_794170.1	129	completed	runs/v2_full_test_evidence_regime/structure_panel/esmfold_pdb/YP_794170.1.pdb
YP_010105468.1	74	completed	runs/v2_full_test_evidence_regime/structure_panel/esmfold_pdb/YP_010105468.1.pdb
YP_009853288.1	33	completed	runs/v2_full_test_evidence_regime/structure_panel/esmfold_pdb/YP_009853288.1.pdb
YP_009187879.1	67	completed	runs/v2_full_test_evidence_regime/structure_panel/esmfold_pdb/YP_009187879.1.pdb
YP_009907900.1	67	completed	runs/v2_full_test_evidence_regime/structure_panel/esmfold_pdb/YP_009907900.1.pdb
YP_010086835.1	129	completed	runs/v2_full_test_evidence_regime/structure_panel/esmfold_pdb/YP_010086835.1.pdb
YP_010667702.1	88	completed	runs/v2_full_test_evidence_regime/structure_panel/esmfold_pdb/YP_010667702.1.pdb
YP_010012656.1	89	completed	runs/v2_full_test_evidence_regime/structure_panel/esmfold_pdb/YP_010012656.1.pdb
YP_009043196.1	153	completed	runs/v2_full_test_evidence_regime/structure_panel/esmfold_pdb/YP_009043196.1.pdb
YP_009856331.1	33	completed	runs/v2_full_test_evidence_regime/structure_panel/esmfold_pdb/YP_009856331.1.pdb
YP_010087784.1	129	completed	runs/v2_full_test_evidence_regime/structure_panel/esmfold_pdb/YP_010087784.1.pdb
YP_010078781.1	184	completed	runs/v2_full_test_evidence_regime/structure_panel/esmfold_pdb/YP_010078781.1.pdb
YP_010771805.1	58	completed	runs/v2_full_test_evidence_regime/structure_panel/esmfold_pdb/YP_010771805.1.pdb
YP_459929.2	135	completed	runs/v2_full_test_evidence_regime/structure_panel/esmfold_pdb/YP_459929.2.pdb
YP_007349119.1	78	completed	runs/v2_full_test_evidence_regime/structure_panel/esmfold_pdb/YP_007349119.1.pdb
YP_009324907.1	140	completed	runs/v2_full_test_evidence_regime/structure_panel/esmfold_pdb/YP_009324907.1.pdb
YP_980245.1	129	completed	runs/v2_full_test_evidence_regime/structure_panel/esmfold_pdb/YP_980245.1.pdb
YP_009017295.1	84	completed	runs/v2_full_test_evidence_regime/structure_panel/esmfold_pdb/YP_009017295.1.pdb
YP_001648979.1	134	completed	runs/v2_full_test_evidence_regime/structure_panel/esmfold_pdb/YP_001648979.1.pdb
YP_004958226.1	129	completed	runs/v2_full_test_evidence_regime/structure_panel/esmfold_pdb/YP_004958226.1.pdb
YP_009851127.1	96	completed	runs/v2_full_test_evidence_regime/structure_panel/esmfold_pdb/YP_009851127.1.pdb
YP_009508330.1	129	completed	runs/v2_full_test_evidence_regime/structure_panel/esmfold_pdb/YP_009508330.1.pdb
YP_004821544.1	134	completed	runs/v2_full_test_evidence_regime/structure_panel/esmfold_pdb/YP_004821544.1.pdb
YP_009100244.1	102	completed	runs/v2_full_test_evidence_regime/structure_panel/esmfold_pdb/YP_009100244.1.pdb
YP_009191605.1	61	completed	runs/v2_full_test_evidence_regime/structure_panel/esmfold_pdb/YP_009191605.1.pdb
YP_009666508.1	174	completed	runs/v2_full_test_evidence_regime/structure_panel/esmfold_pdb/YP_009666508.1.pdb
YP_009147561.1	81	completed	runs/v2_full_test_evidence_regime/structure_panel/esmfold_pdb/YP_009147561.1.pdb
YP_002922874.1	99	completed	runs/v2_full_test_evidence_regime/structure_panel/esmfold_pdb/YP_002922874.1.pdb
YP_009508351.1	135	completed	runs/v2_full_test_evidence_regime/structure_panel/esmfold_pdb/YP_009508351.1.pdb
YP_006906846.1	261	completed	runs/v2_full_test_evidence_regime/structure_panel/esmfold_pdb/YP_006906846.1.pdb
YP_010012910.1	76	completed	runs/v2_full_test_evidence_regime/structure_panel/esmfold_pdb/YP_010012910.1.pdb
YP_010746930.1	72	completed	runs/v2_full_test_evidence_regime/structure_panel/esmfold_pdb/YP_010746930.1.pdb
YP_004207814.1	129	completed	runs/v2_full_test_evidence_regime/structure_panel/esmfold_pdb/YP_004207814.1.pdb
YP_001086463.1	100	completed	runs/v2_full_test_evidence_regime/structure_panel/esmfold_pdb/YP_001086463.1.pdb
YP_009205537.1	86	completed	runs/v2_full_test_evidence_regime/structure_panel/esmfold_pdb/YP_009205537.1.pdb
YP_010078750.1	78	completed	runs/v2_full_test_evidence_regime/structure_panel/esmfold_pdb/YP_010078750.1.pdb
YP_003857199.1	74	completed	runs/v2_full_test_evidence_regime/structure_panel/esmfold_pdb/YP_003857199.1.pdb
YP_009621555.1	99	completed	runs/v2_full_test_evidence_regime/structure_panel/esmfold_pdb/YP_009621555.1.pdb
YP_010749294.1	71	completed	runs/v2_full_test_evidence_regime/structure_panel/esmfold_pdb/YP_010749294.1.pdb
YP_009796275.1	80	completed	runs/v2_full_test_evidence_regime/structure_panel/esmfold_pdb/YP_009796275.1.pdb
YP_009322352.1	119	completed	runs/v2_full_test_evidence_regime/structure_panel/esmfold_pdb/YP_009322352.1.pdb
YP_010013038.1	84	completed	runs/v2_full_test_evidence_regime/structure_panel/esmfold_pdb/YP_010013038.1.pdb
YP_009150162.1	99	completed	runs/v2_full_test_evidence_regime/structure_panel/esmfold_pdb/YP_009150162.1.pdb
NP_808752.1	129	completed	runs/v2_full_test_evidence_regime/structure_panel/esmfold_pdb/NP_808752.1.pdb
YP_009850777.1	96	completed	runs/v2_full_test_evidence_regime/structure_panel/esmfold_pdb/YP_009850777.1.pdb
YP_009838233.1	354	completed	runs/v2_full_test_evidence_regime/structure_panel/esmfold_pdb/YP_009838233.1.pdb
YP_010062143.1	54	completed	runs/v2_full_test_evidence_regime/structure_panel/esmfold_pdb/YP_010062143.1.pdb
YP_010659834.1	109	completed	runs/v2_full_test_evidence_regime/structure_panel/esmfold_pdb/YP_010659834.1.pdb
YP_010001089.1	360	completed	runs/v2_full_test_evidence_regime/structure_panel/esmfold_pdb/YP_010001089.1.pdb
YP_010680616.1	282	completed	runs/v2_full_test_evidence_regime/structure_panel/esmfold_pdb/YP_010680616.1.pdb
YP_009836989.1	161	completed	runs/v2_full_test_evidence_regime/structure_panel/esmfold_pdb/YP_009836989.1.pdb
YP_009600277.1	453	completed	runs/v2_full_test_evidence_regime/structure_panel/esmfold_pdb/YP_009600277.1.pdb
YP_009275705.1	281	completed	runs/v2_full_test_evidence_regime/structure_panel/esmfold_pdb/YP_009275705.1.pdb
YP_009821864.1	814	completed	runs/v2_full_test_evidence_regime/structure_panel/esmfold_pdb/YP_009821864.1.pdb
YP_009035155.1	139	completed	runs/v2_full_test_evidence_regime/structure_panel/esmfold_pdb/YP_009035155.1.pdb
YP_009202399.1	138	completed	runs/v2_full_test_evidence_regime/structure_panel/esmfold_pdb/YP_009202399.1.pdb
YP_010747062.1	169	completed	runs/v2_full_test_evidence_regime/structure_panel/esmfold_pdb/YP_010747062.1.pdb
YP_009277945.1	162	completed	runs/v2_full_test_evidence_regime/structure_panel/esmfold_pdb/YP_009277945.1.pdb
YP_009884720.1	78	completed	runs/v2_full_test_evidence_regime/structure_panel/esmfold_pdb/YP_009884720.1.pdb
YP_009635680.1	141	completed	runs/v2_full_test_evidence_regime/structure_panel/esmfold_pdb/YP_009635680.1.pdb
YP_010746033.1	152	completed	runs/v2_full_test_evidence_regime/structure_panel/esmfold_pdb/YP_010746033.1.pdb
YP_009808644.1	55	completed	runs/v2_full_test_evidence_regime/structure_panel/esmfold_pdb/YP_009808644.1.pdb
YP_009796918.1	55	completed	runs/v2_full_test_evidence_regime/structure_panel/esmfold_pdb/YP_009796918.1.pdb
YP_009908254.1	422	completed	runs/v2_full_test_evidence_regime/structure_panel/esmfold_pdb/YP_009908254.1.pdb
YP_009208900.1	47	completed	runs/v2_full_test_evidence_regime/structure_panel/esmfold_pdb/YP_009208900.1.pdb
YP_005098156.1	852	completed	runs/v2_full_test_evidence_regime/structure_panel/esmfold_pdb/YP_005098156.1.pdb
YP_010746877.1	852	completed	runs/v2_full_test_evidence_regime/structure_panel/esmfold_pdb/YP_010746877.1.pdb
YP_010745852.1	169	completed	runs/v2_full_test_evidence_regime/structure_panel/esmfold_pdb/YP_010745852.1.pdb
YP_010745922.1	139	completed	runs/v2_full_test_evidence_regime/structure_panel/esmfold_pdb/YP_010745922.1.pdb
YP_010582418.1	117	completed	runs/v2_full_test_evidence_regime/structure_panel/esmfold_pdb/YP_010582418.1.pdb
YP_010582525.1	850	completed	runs/v2_full_test_evidence_regime/structure_panel/esmfold_pdb/YP_010582525.1.pdb
YP_009797863.1	165	completed	runs/v2_full_test_evidence_regime/structure_panel/esmfold_pdb/YP_009797863.1.pdb
YP_010742928.1	304	completed	runs/v2_full_test_evidence_regime/structure_panel/esmfold_pdb/YP_010742928.1.pdb
YP_009889776.1	188	completed	runs/v2_full_test_evidence_regime/structure_panel/esmfold_pdb/YP_009889776.1.pdb
YP_010745996.1	852	completed	runs/v2_full_test_evidence_regime/structure_panel/esmfold_pdb/YP_010745996.1.pdb
YP_010060735.1	337	completed	runs/v2_full_test_evidence_regime/structure_panel/esmfold_pdb/YP_010060735.1.pdb
YP_010012601.1	274	completed	runs/v2_full_test_evidence_regime/structure_panel/esmfold_pdb/YP_010012601.1.pdb
YP_009791821.1	180	completed	runs/v2_full_test_evidence_regime/structure_panel/esmfold_pdb/YP_009791821.1.pdb
YP_009211060.1	382	completed	runs/v2_full_test_evidence_regime/structure_panel/esmfold_pdb/YP_009211060.1.pdb
YP_009205478.1	143	completed	runs/v2_full_test_evidence_regime/structure_panel/esmfold_pdb/YP_009205478.1.pdb
YP_009848301.1	165	completed	runs/v2_full_test_evidence_regime/structure_panel/esmfold_pdb/YP_009848301.1.pdb
YP_010101317.1	143	completed	runs/v2_full_test_evidence_regime/structure_panel/esmfold_pdb/YP_010101317.1.pdb
YP_010659966.1	109	completed	runs/v2_full_test_evidence_regime/structure_panel/esmfold_pdb/YP_010659966.1.pdb
YP_009822509.1	1009	completed	runs/v2_full_test_evidence_regime/structure_panel/esmfold_pdb/YP_009822509.1.pdb
YP_008058251.1	852	completed	runs/v2_full_test_evidence_regime/structure_panel/esmfold_pdb/YP_008058251.1.pdb
YP_010061962.1	235	completed	runs/v2_full_test_evidence_regime/structure_panel/esmfold_pdb/YP_010061962.1.pdb
YP_009597309.1	851	completed	runs/v2_full_test_evidence_regime/structure_panel/esmfold_pdb/YP_009597309.1.pdb
YP_009191449.1	170	completed	runs/v2_full_test_evidence_regime/structure_panel/esmfold_pdb/YP_009191449.1.pdb
YP_010749386.1	388	completed	runs/v2_full_test_evidence_regime/structure_panel/esmfold_pdb/YP_010749386.1.pdb
YP_009150180.1	743	completed	runs/v2_full_test_evidence_regime/structure_panel/esmfold_pdb/YP_009150180.1.pdb
YP_011217255.1	788	completed	runs/v2_full_test_evidence_regime/structure_panel/esmfold_pdb/YP_011217255.1.pdb
YP_010060986.1	337	completed	runs/v2_full_test_evidence_regime/structure_panel/esmfold_pdb/YP_010060986.1.pdb
YP_010002592.1	220	completed	runs/v2_full_test_evidence_regime/structure_panel/esmfold_pdb/YP_010002592.1.pdb
YP_009168859.1	851	completed	runs/v2_full_test_evidence_regime/structure_panel/esmfold_pdb/YP_009168859.1.pdb
YP_010748138.1	169	completed	runs/v2_full_test_evidence_regime/structure_panel/esmfold_pdb/YP_010748138.1.pdb
YP_009797785.1	645	completed	runs/v2_full_test_evidence_regime/structure_panel/esmfold_pdb/YP_009797785.1.pdb
YP_009881459.1	1285	completed	runs/v2_full_test_evidence_regime/structure_panel/esmfold_pdb/YP_009881459.1.pdb
YP_009324618.1	742	completed	runs/v2_full_test_evidence_regime/structure_panel/esmfold_pdb/YP_009324618.1.pdb
YP_009902664.1	108	completed	runs/v2_full_test_evidence_regime/structure_panel/esmfold_pdb/YP_009902664.1.pdb
YP_008058267.1	169	completed	runs/v2_full_test_evidence_regime/structure_panel/esmfold_pdb/YP_008058267.1.pdb
YP_010050965.1	223	completed	runs/v2_full_test_evidence_regime/structure_panel/esmfold_pdb/YP_010050965.1.pdb
YP_009323483.1	171	completed	runs/v2_full_test_evidence_regime/structure_panel/esmfold_pdb/YP_009323483.1.pdb
YP_010748250.1	169	completed	runs/v2_full_test_evidence_regime/structure_panel/esmfold_pdb/YP_010748250.1.pdb
YP_009147334.1	742	completed	runs/v2_full_test_evidence_regime/structure_panel/esmfold_pdb/YP_009147334.1.pdb
YP_010667508.1	327	completed	runs/v2_full_test_evidence_regime/structure_panel/esmfold_pdb/YP_010667508.1.pdb
YP_010052640.1	494	completed	runs/v2_full_test_evidence_regime/structure_panel/esmfold_pdb/YP_010052640.1.pdb
YP_010747950.1	139	completed	runs/v2_full_test_evidence_regime/structure_panel/esmfold_pdb/YP_010747950.1.pdb
YP_009004306.1	647	completed	runs/v2_full_test_evidence_regime/structure_panel/esmfold_pdb/YP_009004306.1.pdb
YP_009881551.1	79	completed	runs/v2_full_test_evidence_regime/structure_panel/esmfold_pdb/YP_009881551.1.pdb
YP_009838367.1	176	completed	runs/v2_full_test_evidence_regime/structure_panel/esmfold_pdb/YP_009838367.1.pdb
YP_010582478.1	117	completed	runs/v2_full_test_evidence_regime/structure_panel/esmfold_pdb/YP_010582478.1.pdb
NP_817311.1	647	completed	runs/v2_full_test_evidence_regime/structure_panel/esmfold_pdb/NP_817311.1.pdb
YP_010749693.1	153	completed	runs/v2_full_test_evidence_regime/structure_panel/esmfold_pdb/YP_010749693.1.pdb
YP_009837736.1	591	completed	runs/v2_full_test_evidence_regime/structure_panel/esmfold_pdb/YP_009837736.1.pdb
YP_009202231.1	411	completed	runs/v2_full_test_evidence_regime/structure_panel/esmfold_pdb/YP_009202231.1.pdb
YP_001110841.1	169	completed	runs/v2_full_test_evidence_regime/structure_panel/esmfold_pdb/YP_001110841.1.pdb
YP_009854053.1	1079	completed	runs/v2_full_test_evidence_regime/structure_panel/esmfold_pdb/YP_009854053.1.pdb
YP_010745869.1	852	completed	runs/v2_full_test_evidence_regime/structure_panel/esmfold_pdb/YP_010745869.1.pdb
YP_009850913.1	327	completed	runs/v2_full_test_evidence_regime/structure_panel/esmfold_pdb/YP_009850913.1.pdb
YP_010103632.1	228	completed	runs/v2_full_test_evidence_regime/structure_panel/esmfold_pdb/YP_010103632.1.pdb
NP_740541.1	150	completed	runs/v2_full_test_evidence_regime/structure_panel/esmfold_pdb/NP_740541.1.pdb
YP_001129369.1	534	completed	runs/v2_full_test_evidence_regime/structure_panel/esmfold_pdb/YP_001129369.1.pdb
YP_009303033.1	138	completed	runs/v2_full_test_evidence_regime/structure_panel/esmfold_pdb/YP_009303033.1.pdb
YP_010012593.1	356	completed	runs/v2_full_test_evidence_regime/structure_panel/esmfold_pdb/YP_010012593.1.pdb
YP_010087460.1	488	completed	runs/v2_full_test_evidence_regime/structure_panel/esmfold_pdb/YP_010087460.1.pdb
YP_008051929.1	158	completed	runs/v2_full_test_evidence_regime/structure_panel/esmfold_pdb/YP_008051929.1.pdb
NP_740488.1	182	completed	runs/v2_full_test_evidence_regime/structure_panel/esmfold_pdb/NP_740488.1.pdb
YP_003359170.1	150	completed	runs/v2_full_test_evidence_regime/structure_panel/esmfold_pdb/YP_003359170.1.pdb
YP_009886999.1	92	completed	runs/v2_full_test_evidence_regime/structure_panel/esmfold_pdb/YP_009886999.1.pdb
YP_009268634.1	150	completed	runs/v2_full_test_evidence_regime/structure_panel/esmfold_pdb/YP_009268634.1.pdb
YP_009336873.1	572	completed	runs/v2_full_test_evidence_regime/structure_panel/esmfold_pdb/YP_009336873.1.pdb
YP_010012722.1	351	completed	runs/v2_full_test_evidence_regime/structure_panel/esmfold_pdb/YP_010012722.1.pdb
YP_010653535.1	138	completed	runs/v2_full_test_evidence_regime/structure_panel/esmfold_pdb/YP_010653535.1.pdb
YP_009249467.1	153	completed	runs/v2_full_test_evidence_regime/structure_panel/esmfold_pdb/YP_009249467.1.pdb
YP_006489045.1	162	completed	runs/v2_full_test_evidence_regime/structure_panel/esmfold_pdb/YP_006489045.1.pdb
NP_740416.1	143	completed	runs/v2_full_test_evidence_regime/structure_panel/esmfold_pdb/NP_740416.1.pdb
YP_010806162.1	402	completed	runs/v2_full_test_evidence_regime/structure_panel/esmfold_pdb/YP_010806162.1.pdb
YP_009818307.1	369	completed	runs/v2_full_test_evidence_regime/structure_panel/esmfold_pdb/YP_009818307.1.pdb
YP_001552441.1	183	completed	runs/v2_full_test_evidence_regime/structure_panel/esmfold_pdb/YP_001552441.1.pdb
YP_001994896.1	155	completed	runs/v2_full_test_evidence_regime/structure_panel/esmfold_pdb/YP_001994896.1.pdb
YP_009885411.1	92	completed	runs/v2_full_test_evidence_regime/structure_panel/esmfold_pdb/YP_009885411.1.pdb
YP_010105408.1	351	completed	runs/v2_full_test_evidence_regime/structure_panel/esmfold_pdb/YP_010105408.1.pdb
NP_740400.1	183	completed	runs/v2_full_test_evidence_regime/structure_panel/esmfold_pdb/NP_740400.1.pdb
YP_009880996.1	92	completed	runs/v2_full_test_evidence_regime/structure_panel/esmfold_pdb/YP_009880996.1.pdb
YP_010012465.1	356	completed	runs/v2_full_test_evidence_regime/structure_panel/esmfold_pdb/YP_010012465.1.pdb
YP_010109437.1	155	completed	runs/v2_full_test_evidence_regime/structure_panel/esmfold_pdb/YP_010109437.1.pdb
YP_010062380.1	155	completed	runs/v2_full_test_evidence_regime/structure_panel/esmfold_pdb/YP_010062380.1.pdb
YP_010084557.1	537	completed	runs/v2_full_test_evidence_regime/structure_panel/esmfold_pdb/YP_010084557.1.pdb
YP_009889859.1	92	completed	runs/v2_full_test_evidence_regime/structure_panel/esmfold_pdb/YP_009889859.1.pdb
YP_007673462.1	690	completed	runs/v2_full_test_evidence_regime/structure_panel/esmfold_pdb/YP_007673462.1.pdb
YP_010013355.1	351	completed	runs/v2_full_test_evidence_regime/structure_panel/esmfold_pdb/YP_010013355.1.pdb
YP_011413831.1	339	completed	runs/v2_full_test_evidence_regime/structure_panel/esmfold_pdb/YP_011413831.1.pdb
YP_009337442.1	249	completed	runs/v2_full_test_evidence_regime/structure_panel/esmfold_pdb/YP_009337442.1.pdb
YP_010746490.1	144	completed	runs/v2_full_test_evidence_regime/structure_panel/esmfold_pdb/YP_010746490.1.pdb
YP_010064352.1	156	completed	runs/v2_full_test_evidence_regime/structure_panel/esmfold_pdb/YP_010064352.1.pdb
YP_010101312.1	351	completed	runs/v2_full_test_evidence_regime/structure_panel/esmfold_pdb/YP_010101312.1.pdb
YP_010653611.1	138	completed	runs/v2_full_test_evidence_regime/structure_panel/esmfold_pdb/YP_010653611.1.pdb
YP_009284655.1	382	completed	runs/v2_full_test_evidence_regime/structure_panel/esmfold_pdb/YP_009284655.1.pdb
YP_003857137.1	351	completed	runs/v2_full_test_evidence_regime/structure_panel/esmfold_pdb/YP_003857137.1.pdb
YP_001718580.1	150	completed	runs/v2_full_test_evidence_regime/structure_panel/esmfold_pdb/YP_001718580.1.pdb
YP_010749383.1	204	completed	runs/v2_full_test_evidence_regime/structure_panel/esmfold_pdb/YP_010749383.1.pdb
NP_740535.1	183	completed	runs/v2_full_test_evidence_regime/structure_panel/esmfold_pdb/NP_740535.1.pdb
YP_001552436.1	142	completed	runs/v2_full_test_evidence_regime/structure_panel/esmfold_pdb/YP_001552436.1.pdb
YP_009202394.1	356	completed	runs/v2_full_test_evidence_regime/structure_panel/esmfold_pdb/YP_009202394.1.pdb
YP_009020971.1	183	completed	runs/v2_full_test_evidence_regime/structure_panel/esmfold_pdb/YP_009020971.1.pdb
YP_010104395.1	155	completed	runs/v2_full_test_evidence_regime/structure_panel/esmfold_pdb/YP_010104395.1.pdb
YP_009635851.1	351	completed	runs/v2_full_test_evidence_regime/structure_panel/esmfold_pdb/YP_009635851.1.pdb
YP_010013236.1	351	completed	runs/v2_full_test_evidence_regime/structure_panel/esmfold_pdb/YP_010013236.1.pdb
YP_009197002.1	356	completed	runs/v2_full_test_evidence_regime/structure_panel/esmfold_pdb/YP_009197002.1.pdb
YP_009595796.1	138	completed	runs/v2_full_test_evidence_regime/structure_panel/esmfold_pdb/YP_009595796.1.pdb
YP_009508972.1	183	completed	runs/v2_full_test_evidence_regime/structure_panel/esmfold_pdb/YP_009508972.1.pdb
NP_740476.2	183	completed	runs/v2_full_test_evidence_regime/structure_panel/esmfold_pdb/NP_740476.2.pdb
YP_009607636.1	160	completed	runs/v2_full_test_evidence_regime/structure_panel/esmfold_pdb/YP_009607636.1.pdb
YP_003359175.1	183	completed	runs/v2_full_test_evidence_regime/structure_panel/esmfold_pdb/YP_003359175.1.pdb
YP_009020966.1	150	completed	runs/v2_full_test_evidence_regime/structure_panel/esmfold_pdb/YP_009020966.1.pdb
YP_009850715.1	221	completed	runs/v2_full_test_evidence_regime/structure_panel/esmfold_pdb/YP_009850715.1.pdb
YP_009508967.1	150	completed	runs/v2_full_test_evidence_regime/structure_panel/esmfold_pdb/YP_009508967.1.pdb
YP_010754360.1	139	completed	runs/v2_full_test_evidence_regime/structure_panel/esmfold_pdb/YP_010754360.1.pdb
NP_065516.1	524	completed	runs/v2_full_test_evidence_regime/structure_panel/esmfold_pdb/NP_065516.1.pdb
YP_008408665.1	356	completed	runs/v2_full_test_evidence_regime/structure_panel/esmfold_pdb/YP_008408665.1.pdb
YP_009020978.1	150	completed	runs/v2_full_test_evidence_regime/structure_panel/esmfold_pdb/YP_009020978.1.pdb
YP_010114706.1	351	completed	runs/v2_full_test_evidence_regime/structure_panel/esmfold_pdb/YP_010114706.1.pdb
YP_010801644.1	551	completed	runs/v2_full_test_evidence_regime/structure_panel/esmfold_pdb/YP_010801644.1.pdb
NP_740421.1	183	completed	runs/v2_full_test_evidence_regime/structure_panel/esmfold_pdb/NP_740421.1.pdb
YP_009321543.1	126	completed	runs/v2_full_test_evidence_regime/structure_panel/esmfold_pdb/YP_009321543.1.pdb
NP_740530.1	150	completed	runs/v2_full_test_evidence_regime/structure_panel/esmfold_pdb/NP_740530.1.pdb
YP_009886256.1	92	completed	runs/v2_full_test_evidence_regime/structure_panel/esmfold_pdb/YP_009886256.1.pdb
YP_001542633.1	443	completed	runs/v2_full_test_evidence_regime/structure_panel/esmfold_pdb/YP_001542633.1.pdb
YP_009020983.1	183	completed	runs/v2_full_test_evidence_regime/structure_panel/esmfold_pdb/YP_009020983.1.pdb
YP_009304732.1	156	completed	runs/v2_full_test_evidence_regime/structure_panel/esmfold_pdb/YP_009304732.1.pdb
NP_740454.1	183	completed	runs/v2_full_test_evidence_regime/structure_panel/esmfold_pdb/NP_740454.1.pdb
NP_740546.1	183	completed	runs/v2_full_test_evidence_regime/structure_panel/esmfold_pdb/NP_740546.1.pdb
YP_009844359.1	216	completed	runs/v2_full_test_evidence_regime/structure_panel/esmfold_pdb/YP_009844359.1.pdb
YP_009789937.1	375	completed	runs/v2_full_test_evidence_regime/structure_panel/esmfold_pdb/YP_009789937.1.pdb
YP_009886500.1	92	completed	runs/v2_full_test_evidence_regime/structure_panel/esmfold_pdb/YP_009886500.1.pdb
YP_009789286.1	1232	completed	runs/v2_full_test_evidence_regime/structure_panel/esmfold_pdb/YP_009789286.1.pdb
YP_010748968.1	102	completed	runs/v2_full_test_evidence_regime/structure_panel/esmfold_pdb/YP_010748968.1.pdb
YP_009167696.1	894	completed	runs/v2_full_test_evidence_regime/structure_panel/esmfold_pdb/YP_009167696.1.pdb
YP_010582218.1	79	completed	runs/v2_full_test_evidence_regime/structure_panel/esmfold_pdb/YP_010582218.1.pdb
YP_009789533.1	913	completed	runs/v2_full_test_evidence_regime/structure_panel/esmfold_pdb/YP_009789533.1.pdb
YP_009792089.1	893	completed	runs/v2_full_test_evidence_regime/structure_panel/esmfold_pdb/YP_009792089.1.pdb
YP_009205496.1	158	completed	runs/v2_full_test_evidence_regime/structure_panel/esmfold_pdb/YP_009205496.1.pdb
YP_010582587.1	87	completed	runs/v2_full_test_evidence_regime/structure_panel/esmfold_pdb/YP_010582587.1.pdb
YP_007010460.1	128	completed	runs/v2_full_test_evidence_regime/structure_panel/esmfold_pdb/YP_007010460.1.pdb
YP_010582640.1	99	completed	runs/v2_full_test_evidence_regime/structure_panel/esmfold_pdb/YP_010582640.1.pdb
YP_010665270.1	170	completed	runs/v2_full_test_evidence_regime/structure_panel/esmfold_pdb/YP_010665270.1.pdb
YP_009635881.1	260	completed	runs/v2_full_test_evidence_regime/structure_panel/esmfold_pdb/YP_009635881.1.pdb
YP_007002900.1	1368	completed	runs/v2_full_test_evidence_regime/structure_panel/esmfold_pdb/YP_007002900.1.pdb
YP_009191414.1	93	completed	runs/v2_full_test_evidence_regime/structure_panel/esmfold_pdb/YP_009191414.1.pdb
YP_009223939.1	132	completed	runs/v2_full_test_evidence_regime/structure_panel/esmfold_pdb/YP_009223939.1.pdb
YP_009204834.1	1232	completed	runs/v2_full_test_evidence_regime/structure_panel/esmfold_pdb/YP_009204834.1.pdb
YP_004782191.1	123	completed	runs/v2_full_test_evidence_regime/structure_panel/esmfold_pdb/YP_004782191.1.pdb
YP_009188786.1	894	completed	runs/v2_full_test_evidence_regime/structure_panel/esmfold_pdb/YP_009188786.1.pdb
YP_009043737.1	149	completed	runs/v2_full_test_evidence_regime/structure_panel/esmfold_pdb/YP_009043737.1.pdb
YP_010582318.1	99	completed	runs/v2_full_test_evidence_regime/structure_panel/esmfold_pdb/YP_010582318.1.pdb
YP_009168880.1	162	completed	runs/v2_full_test_evidence_regime/structure_panel/esmfold_pdb/YP_009168880.1.pdb
YP_009880553.1	109	completed	runs/v2_full_test_evidence_regime/structure_panel/esmfold_pdb/YP_009880553.1.pdb
YP_009797780.1	476	completed	runs/v2_full_test_evidence_regime/structure_panel/esmfold_pdb/YP_009797780.1.pdb
YP_009213217.1	82	completed	runs/v2_full_test_evidence_regime/structure_panel/esmfold_pdb/YP_009213217.1.pdb
YP_009789576.1	205	completed	runs/v2_full_test_evidence_regime/structure_panel/esmfold_pdb/YP_009789576.1.pdb
YP_009819267.1	917	completed	runs/v2_full_test_evidence_regime/structure_panel/esmfold_pdb/YP_009819267.1.pdb
YP_009784851.1	188	completed	runs/v2_full_test_evidence_regime/structure_panel/esmfold_pdb/YP_009784851.1.pdb
YP_010749709.1	102	completed	runs/v2_full_test_evidence_regime/structure_panel/esmfold_pdb/YP_010749709.1.pdb
YP_009787866.1	1232	completed	runs/v2_full_test_evidence_regime/structure_panel/esmfold_pdb/YP_009787866.1.pdb
YP_009785040.1	728	completed	runs/v2_full_test_evidence_regime/structure_panel/esmfold_pdb/YP_009785040.1.pdb
YP_009009931.1	128	completed	runs/v2_full_test_evidence_regime/structure_panel/esmfold_pdb/YP_009009931.1.pdb
YP_009600755.1	280	completed	runs/v2_full_test_evidence_regime/structure_panel/esmfold_pdb/YP_009600755.1.pdb
YP_009100103.1	1241	completed	runs/v2_full_test_evidence_regime/structure_panel/esmfold_pdb/YP_009100103.1.pdb
YP_009820990.1	83	completed	runs/v2_full_test_evidence_regime/structure_panel/esmfold_pdb/YP_009820990.1.pdb
YP_010013127.1	155	completed	runs/v2_full_test_evidence_regime/structure_panel/esmfold_pdb/YP_010013127.1.pdb
YP_009831859.1	1025	completed	runs/v2_full_test_evidence_regime/structure_panel/esmfold_pdb/YP_009831859.1.pdb
YP_009199927.1	894	completed	runs/v2_full_test_evidence_regime/structure_panel/esmfold_pdb/YP_009199927.1.pdb
YP_009618791.1	115	completed	runs/v2_full_test_evidence_regime/structure_panel/esmfold_pdb/YP_009618791.1.pdb
YP_010582658.1	92	completed	runs/v2_full_test_evidence_regime/structure_panel/esmfold_pdb/YP_010582658.1.pdb
YP_009204833.1	894	completed	runs/v2_full_test_evidence_regime/structure_panel/esmfold_pdb/YP_009204833.1.pdb
YP_009857340.1	171	completed	runs/v2_full_test_evidence_regime/structure_panel/esmfold_pdb/YP_009857340.1.pdb
YP_009874068.1	129	completed	runs/v2_full_test_evidence_regime/structure_panel/esmfold_pdb/YP_009874068.1.pdb
YP_009167705.1	82	completed	runs/v2_full_test_evidence_regime/structure_panel/esmfold_pdb/YP_009167705.1.pdb
YP_009199290.1	275	completed	runs/v2_full_test_evidence_regime/structure_panel/esmfold_pdb/YP_009199290.1.pdb
YP_010051096.1	213	completed	runs/v2_full_test_evidence_regime/structure_panel/esmfold_pdb/YP_010051096.1.pdb
YP_010114447.1	186	completed	runs/v2_full_test_evidence_regime/structure_panel/esmfold_pdb/YP_010114447.1.pdb
YP_009821326.1	868	completed	runs/v2_full_test_evidence_regime/structure_panel/esmfold_pdb/YP_009821326.1.pdb
YP_009855484.1	167	completed	runs/v2_full_test_evidence_regime/structure_panel/esmfold_pdb/YP_009855484.1.pdb
YP_009593336.1	180	completed	runs/v2_full_test_evidence_regime/structure_panel/esmfold_pdb/YP_009593336.1.pdb
YP_011217208.1	48	completed	runs/v2_full_test_evidence_regime/structure_panel/esmfold_pdb/YP_011217208.1.pdb
YP_024420.1	157	completed	runs/v2_full_test_evidence_regime/structure_panel/esmfold_pdb/YP_024420.1.pdb
YP_010104130.1	479	completed	runs/v2_full_test_evidence_regime/structure_panel/esmfold_pdb/YP_010104130.1.pdb
YP_009214219.1	270	completed	runs/v2_full_test_evidence_regime/structure_panel/esmfold_pdb/YP_009214219.1.pdb
YP_011217225.1	102	completed	runs/v2_full_test_evidence_regime/structure_panel/esmfold_pdb/YP_011217225.1.pdb
YP_009851114.1	191	completed	runs/v2_full_test_evidence_regime/structure_panel/esmfold_pdb/YP_009851114.1.pdb
YP_010013259.1	150	completed	runs/v2_full_test_evidence_regime/structure_panel/esmfold_pdb/YP_010013259.1.pdb
YP_009597324.1	102	completed	runs/v2_full_test_evidence_regime/structure_panel/esmfold_pdb/YP_009597324.1.pdb
YP_009600453.1	185	completed	runs/v2_full_test_evidence_regime/structure_panel/esmfold_pdb/YP_009600453.1.pdb
YP_009140141.1	157	completed	runs/v2_full_test_evidence_regime/structure_panel/esmfold_pdb/YP_009140141.1.pdb
YP_008767008.1	47	completed	runs/v2_full_test_evidence_regime/structure_panel/esmfold_pdb/YP_008767008.1.pdb
YP_010582147.1	79	completed	runs/v2_full_test_evidence_regime/structure_panel/esmfold_pdb/YP_010582147.1.pdb
YP_010100922.1	343	completed	runs/v2_full_test_evidence_regime/structure_panel/esmfold_pdb/YP_010100922.1.pdb
YP_009302748.1	1232	completed	runs/v2_full_test_evidence_regime/structure_panel/esmfold_pdb/YP_009302748.1.pdb
YP_003347642.1	1232	completed	runs/v2_full_test_evidence_regime/structure_panel/esmfold_pdb/YP_003347642.1.pdb
YP_009213149.1	275	completed	runs/v2_full_test_evidence_regime/structure_panel/esmfold_pdb/YP_009213149.1.pdb
YP_010582705.1	128	completed	runs/v2_full_test_evidence_regime/structure_panel/esmfold_pdb/YP_010582705.1.pdb
YP_010012866.1	342	completed	runs/v2_full_test_evidence_regime/structure_panel/esmfold_pdb/YP_010012866.1.pdb
YP_008239620.1	99	completed	runs/v2_full_test_evidence_regime/structure_panel/esmfold_pdb/YP_008239620.1.pdb
YP_010660652.1	473	completed	runs/v2_full_test_evidence_regime/structure_panel/esmfold_pdb/YP_010660652.1.pdb
YP_009280719.1	202	completed	runs/v2_full_test_evidence_regime/structure_panel/esmfold_pdb/YP_009280719.1.pdb
YP_001110754.1	270	completed	runs/v2_full_test_evidence_regime/structure_panel/esmfold_pdb/YP_001110754.1.pdb
YP_004323395.1	290	completed	runs/v2_full_test_evidence_regime/structure_panel/esmfold_pdb/YP_004323395.1.pdb
YP_009850725.1	157	completed	runs/v2_full_test_evidence_regime/structure_panel/esmfold_pdb/YP_009850725.1.pdb
YP_010050943.1	211	completed	runs/v2_full_test_evidence_regime/structure_panel/esmfold_pdb/YP_010050943.1.pdb
YP_009188358.1	1232	completed	runs/v2_full_test_evidence_regime/structure_panel/esmfold_pdb/YP_009188358.1.pdb
YP_009145702.1	285	completed	runs/v2_full_test_evidence_regime/structure_panel/esmfold_pdb/YP_009145702.1.pdb
YP_009796156.1	593	completed	runs/v2_full_test_evidence_regime/structure_panel/esmfold_pdb/YP_009796156.1.pdb
YP_009177313.1	325	completed	runs/v2_full_test_evidence_regime/structure_panel/esmfold_pdb/YP_009177313.1.pdb
YP_008433561.1	487	completed	runs/v2_full_test_evidence_regime/structure_panel/esmfold_pdb/YP_008433561.1.pdb
YP_004322512.1	4446	missing_or_failed	
YP_009845671.1	250	completed	runs/v2_full_test_evidence_regime/structure_panel/esmfold_pdb/YP_009845671.1.pdb
YP_010114577.1	337	completed	runs/v2_full_test_evidence_regime/structure_panel/esmfold_pdb/YP_010114577.1.pdb
YP_009146315.1	325	completed	runs/v2_full_test_evidence_regime/structure_panel/esmfold_pdb/YP_009146315.1.pdb
YP_009199413.1	285	completed	runs/v2_full_test_evidence_regime/structure_panel/esmfold_pdb/YP_009199413.1.pdb
YP_002922859.1	325	completed	runs/v2_full_test_evidence_regime/structure_panel/esmfold_pdb/YP_002922859.1.pdb
YP_009600272.1	139	completed	runs/v2_full_test_evidence_regime/structure_panel/esmfold_pdb/YP_009600272.1.pdb
YP_008433399.1	824	completed	runs/v2_full_test_evidence_regime/structure_panel/esmfold_pdb/YP_008433399.1.pdb
YP_007673781.1	4458	missing_or_failed	
YP_004323390.1	30	completed	runs/v2_full_test_evidence_regime/structure_panel/esmfold_pdb/YP_004323390.1.pdb
YP_009204973.1	325	completed	runs/v2_full_test_evidence_regime/structure_panel/esmfold_pdb/YP_009204973.1.pdb
YP_010114567.1	378	completed	runs/v2_full_test_evidence_regime/structure_panel/esmfold_pdb/YP_010114567.1.pdb
YP_009146317.1	139	completed	runs/v2_full_test_evidence_regime/structure_panel/esmfold_pdb/YP_009146317.1.pdb
YP_012054228.1	851	completed	runs/v2_full_test_evidence_regime/structure_panel/esmfold_pdb/YP_012054228.1.pdb
YP_009618591.1	325	completed	runs/v2_full_test_evidence_regime/structure_panel/esmfold_pdb/YP_009618591.1.pdb
YP_009621569.1	207	completed	runs/v2_full_test_evidence_regime/structure_panel/esmfold_pdb/YP_009621569.1.pdb
YP_007673772.1	946	completed	runs/v2_full_test_evidence_regime/structure_panel/esmfold_pdb/YP_007673772.1.pdb
YP_009833155.1	560	completed	runs/v2_full_test_evidence_regime/structure_panel/esmfold_pdb/YP_009833155.1.pdb
YP_009618722.1	325	completed	runs/v2_full_test_evidence_regime/structure_panel/esmfold_pdb/YP_009618722.1.pdb
YP_009621697.1	139	completed	runs/v2_full_test_evidence_regime/structure_panel/esmfold_pdb/YP_009621697.1.pdb
YP_004322438.1	441	completed	runs/v2_full_test_evidence_regime/structure_panel/esmfold_pdb/YP_004322438.1.pdb
YP_009851262.1	553	completed	runs/v2_full_test_evidence_regime/structure_panel/esmfold_pdb/YP_009851262.1.pdb
YP_009612740.1	325	completed	runs/v2_full_test_evidence_regime/structure_panel/esmfold_pdb/YP_009612740.1.pdb
YP_009850905.1	553	completed	runs/v2_full_test_evidence_regime/structure_panel/esmfold_pdb/YP_009850905.1.pdb
YP_009288251.1	325	completed	runs/v2_full_test_evidence_regime/structure_panel/esmfold_pdb/YP_009288251.1.pdb
YP_009147337.1	325	completed	runs/v2_full_test_evidence_regime/structure_panel/esmfold_pdb/YP_009147337.1.pdb
YP_009600429.1	139	completed	runs/v2_full_test_evidence_regime/structure_panel/esmfold_pdb/YP_009600429.1.pdb
YP_009606609.1	285	completed	runs/v2_full_test_evidence_regime/structure_panel/esmfold_pdb/YP_009606609.1.pdb
YP_010676169.1	325	completed	runs/v2_full_test_evidence_regime/structure_panel/esmfold_pdb/YP_010676169.1.pdb
YP_010667499.1	553	completed	runs/v2_full_test_evidence_regime/structure_panel/esmfold_pdb/YP_010667499.1.pdb
YP_453650.1	299	completed	runs/v2_full_test_evidence_regime/structure_panel/esmfold_pdb/YP_453650.1.pdb
YP_009204977.1	284	completed	runs/v2_full_test_evidence_regime/structure_panel/esmfold_pdb/YP_009204977.1.pdb
YP_010052511.1	299	completed	runs/v2_full_test_evidence_regime/structure_panel/esmfold_pdb/YP_010052511.1.pdb
YP_009831853.1	505	completed	runs/v2_full_test_evidence_regime/structure_panel/esmfold_pdb/YP_009831853.1.pdb
YP_002456089.1	494	completed	runs/v2_full_test_evidence_regime/structure_panel/esmfold_pdb/YP_002456089.1.pdb
YP_009829442.1	269	completed	runs/v2_full_test_evidence_regime/structure_panel/esmfold_pdb/YP_009829442.1.pdb
YP_009854055.1	570	completed	runs/v2_full_test_evidence_regime/structure_panel/esmfold_pdb/YP_009854055.1.pdb
YP_009177309.1	285	completed	runs/v2_full_test_evidence_regime/structure_panel/esmfold_pdb/YP_009177309.1.pdb
YP_010676171.1	139	completed	runs/v2_full_test_evidence_regime/structure_panel/esmfold_pdb/YP_010676171.1.pdb
YP_010667567.1	131	completed	runs/v2_full_test_evidence_regime/structure_panel/esmfold_pdb/YP_010667567.1.pdb
YP_009150175.1	139	completed	runs/v2_full_test_evidence_regime/structure_panel/esmfold_pdb/YP_009150175.1.pdb
YP_009199409.1	325	completed	runs/v2_full_test_evidence_regime/structure_panel/esmfold_pdb/YP_009199409.1.pdb
YP_009854110.1	250	completed	runs/v2_full_test_evidence_regime/structure_panel/esmfold_pdb/YP_009854110.1.pdb
YP_009831861.1	289	completed	runs/v2_full_test_evidence_regime/structure_panel/esmfold_pdb/YP_009831861.1.pdb
YP_009288253.1	139	completed	runs/v2_full_test_evidence_regime/structure_panel/esmfold_pdb/YP_009288253.1.pdb
YP_009606910.1	325	completed	runs/v2_full_test_evidence_regime/structure_panel/esmfold_pdb/YP_009606910.1.pdb
YP_009831857.1	93	completed	runs/v2_full_test_evidence_regime/structure_panel/esmfold_pdb/YP_009831857.1.pdb
YP_009606605.1	325	completed	runs/v2_full_test_evidence_regime/structure_panel/esmfold_pdb/YP_009606605.1.pdb
YP_009151294.1	284	completed	runs/v2_full_test_evidence_regime/structure_panel/esmfold_pdb/YP_009151294.1.pdb
YP_009606906.1	284	completed	runs/v2_full_test_evidence_regime/structure_panel/esmfold_pdb/YP_009606906.1.pdb
YP_009204975.1	139	completed	runs/v2_full_test_evidence_regime/structure_panel/esmfold_pdb/YP_009204975.1.pdb
YP_009211056.1	139	completed	runs/v2_full_test_evidence_regime/structure_panel/esmfold_pdb/YP_009211056.1.pdb
YP_009219526.1	139	completed	runs/v2_full_test_evidence_regime/structure_panel/esmfold_pdb/YP_009219526.1.pdb
YP_010114644.1	246	completed	runs/v2_full_test_evidence_regime/structure_panel/esmfold_pdb/YP_010114644.1.pdb
YP_009621570.1	325	completed	runs/v2_full_test_evidence_regime/structure_panel/esmfold_pdb/YP_009621570.1.pdb
YP_009145706.1	325	completed	runs/v2_full_test_evidence_regime/structure_panel/esmfold_pdb/YP_009145706.1.pdb
YP_004323455.1	4454	missing_or_failed	
YP_009612736.1	285	completed	runs/v2_full_test_evidence_regime/structure_panel/esmfold_pdb/YP_009612736.1.pdb
NP_944910.1	325	completed	runs/v2_full_test_evidence_regime/structure_panel/esmfold_pdb/NP_944910.1.pdb
YP_009277021.1	244	completed	runs/v2_full_test_evidence_regime/structure_panel/esmfold_pdb/YP_009277021.1.pdb
YP_009837755.1	591	completed	runs/v2_full_test_evidence_regime/structure_panel/esmfold_pdb/YP_009837755.1.pdb
YP_010114649.1	101	completed	runs/v2_full_test_evidence_regime/structure_panel/esmfold_pdb/YP_010114649.1.pdb
YP_009618595.1	285	completed	runs/v2_full_test_evidence_regime/structure_panel/esmfold_pdb/YP_009618595.1.pdb
YP_009150177.1	325	completed	runs/v2_full_test_evidence_regime/structure_panel/esmfold_pdb/YP_009150177.1.pdb
YP_010077797.1	704	completed	runs/v2_full_test_evidence_regime/structure_panel/esmfold_pdb/YP_010077797.1.pdb
YP_453648.1	220	completed	runs/v2_full_test_evidence_regime/structure_panel/esmfold_pdb/YP_453648.1.pdb
YP_009145705.1	213	completed	runs/v2_full_test_evidence_regime/structure_panel/esmfold_pdb/YP_009145705.1.pdb
YP_010052674.1	221	completed	runs/v2_full_test_evidence_regime/structure_panel/esmfold_pdb/YP_010052674.1.pdb
NP_944914.1	139	completed	runs/v2_full_test_evidence_regime/structure_panel/esmfold_pdb/NP_944914.1.pdb
YP_009147537.1	183	completed	runs/v2_full_test_evidence_regime/structure_panel/esmfold_pdb/YP_009147537.1.pdb
YP_008433560.1	132	completed	runs/v2_full_test_evidence_regime/structure_panel/esmfold_pdb/YP_008433560.1.pdb
YP_009822421.1	361	completed	runs/v2_full_test_evidence_regime/structure_panel/esmfold_pdb/YP_009822421.1.pdb
YP_009600832.1	458	completed	runs/v2_full_test_evidence_regime/structure_panel/esmfold_pdb/YP_009600832.1.pdb
YP_009187315.1	397	completed	runs/v2_full_test_evidence_regime/structure_panel/esmfold_pdb/YP_009187315.1.pdb
YP_010659761.1	158	completed	runs/v2_full_test_evidence_regime/structure_panel/esmfold_pdb/YP_010659761.1.pdb
YP_010100932.1	435	completed	runs/v2_full_test_evidence_regime/structure_panel/esmfold_pdb/YP_010100932.1.pdb
YP_010013007.1	435	completed	runs/v2_full_test_evidence_regime/structure_panel/esmfold_pdb/YP_010013007.1.pdb
YP_009205505.1	433	completed	runs/v2_full_test_evidence_regime/structure_panel/esmfold_pdb/YP_009205505.1.pdb
YP_010114735.1	435	completed	runs/v2_full_test_evidence_regime/structure_panel/esmfold_pdb/YP_010114735.1.pdb
YP_010050982.1	208	completed	runs/v2_full_test_evidence_regime/structure_panel/esmfold_pdb/YP_010050982.1.pdb
YP_010104260.1	298	completed	runs/v2_full_test_evidence_regime/structure_panel/esmfold_pdb/YP_010104260.1.pdb
YP_010110092.1	298	completed	runs/v2_full_test_evidence_regime/structure_panel/esmfold_pdb/YP_010110092.1.pdb
YP_010102105.1	298	completed	runs/v2_full_test_evidence_regime/structure_panel/esmfold_pdb/YP_010102105.1.pdb
YP_009798817.1	361	completed	runs/v2_full_test_evidence_regime/structure_panel/esmfold_pdb/YP_009798817.1.pdb
YP_009292552.1	435	completed	runs/v2_full_test_evidence_regime/structure_panel/esmfold_pdb/YP_009292552.1.pdb
YP_010050912.1	237	completed	runs/v2_full_test_evidence_regime/structure_panel/esmfold_pdb/YP_010050912.1.pdb
YP_009202423.1	435	completed	runs/v2_full_test_evidence_regime/structure_panel/esmfold_pdb/YP_009202423.1.pdb
YP_004538982.1	435	completed	runs/v2_full_test_evidence_regime/structure_panel/esmfold_pdb/YP_004538982.1.pdb
YP_009615931.1	361	completed	runs/v2_full_test_evidence_regime/structure_panel/esmfold_pdb/YP_009615931.1.pdb
YP_009017263.1	435	completed	runs/v2_full_test_evidence_regime/structure_panel/esmfold_pdb/YP_009017263.1.pdb
YP_008408694.1	430	completed	runs/v2_full_test_evidence_regime/structure_panel/esmfold_pdb/YP_008408694.1.pdb
YP_009854194.1	375	completed	runs/v2_full_test_evidence_regime/structure_panel/esmfold_pdb/YP_009854194.1.pdb
YP_009845781.1	362	completed	runs/v2_full_test_evidence_regime/structure_panel/esmfold_pdb/YP_009845781.1.pdb
YP_009635880.1	435	completed	runs/v2_full_test_evidence_regime/structure_panel/esmfold_pdb/YP_009635880.1.pdb
YP_010096746.1	298	completed	runs/v2_full_test_evidence_regime/structure_panel/esmfold_pdb/YP_010096746.1.pdb
YP_009884644.1	361	completed	runs/v2_full_test_evidence_regime/structure_panel/esmfold_pdb/YP_009884644.1.pdb
YP_010012753.1	449	completed	runs/v2_full_test_evidence_regime/structure_panel/esmfold_pdb/YP_010012753.1.pdb
YP_010667611.1	361	completed	runs/v2_full_test_evidence_regime/structure_panel/esmfold_pdb/YP_010667611.1.pdb
YP_010102299.1	298	completed	runs/v2_full_test_evidence_regime/structure_panel/esmfold_pdb/YP_010102299.1.pdb
YP_010098208.1	298	completed	runs/v2_full_test_evidence_regime/structure_panel/esmfold_pdb/YP_010098208.1.pdb
YP_010746217.1	389	completed	runs/v2_full_test_evidence_regime/structure_panel/esmfold_pdb/YP_010746217.1.pdb
YP_009796288.1	361	completed	runs/v2_full_test_evidence_regime/structure_panel/esmfold_pdb/YP_009796288.1.pdb
YP_010012622.1	430	completed	runs/v2_full_test_evidence_regime/structure_panel/esmfold_pdb/YP_010012622.1.pdb
YP_008531988.1	363	completed	runs/v2_full_test_evidence_regime/structure_panel/esmfold_pdb/YP_008531988.1.pdb
YP_010357018.1	157	completed	runs/v2_full_test_evidence_regime/structure_panel/esmfold_pdb/YP_010357018.1.pdb
YP_009206182.1	57	completed	runs/v2_full_test_evidence_regime/structure_panel/esmfold_pdb/YP_009206182.1.pdb
YP_010105437.1	435	completed	runs/v2_full_test_evidence_regime/structure_panel/esmfold_pdb/YP_010105437.1.pdb
YP_010114417.1	358	completed	runs/v2_full_test_evidence_regime/structure_panel/esmfold_pdb/YP_010114417.1.pdb
YP_010103058.1	298	completed	runs/v2_full_test_evidence_regime/structure_panel/esmfold_pdb/YP_010103058.1.pdb
YP_009274083.1	298	completed	runs/v2_full_test_evidence_regime/structure_panel/esmfold_pdb/YP_009274083.1.pdb
YP_010012494.1	430	completed	runs/v2_full_test_evidence_regime/structure_panel/esmfold_pdb/YP_010012494.1.pdb
YP_010013267.1	435	completed	runs/v2_full_test_evidence_regime/structure_panel/esmfold_pdb/YP_010013267.1.pdb
YP_010080449.1	65	completed	runs/v2_full_test_evidence_regime/structure_panel/esmfold_pdb/YP_010080449.1.pdb
YP_003857167.1	435	completed	runs/v2_full_test_evidence_regime/structure_panel/esmfold_pdb/YP_003857167.1.pdb
YP_010109307.1	298	completed	runs/v2_full_test_evidence_regime/structure_panel/esmfold_pdb/YP_010109307.1.pdb
YP_009197031.1	430	completed	runs/v2_full_test_evidence_regime/structure_panel/esmfold_pdb/YP_009197031.1.pdb
YP_009902969.1	77	completed	runs/v2_full_test_evidence_regime/structure_panel/esmfold_pdb/YP_009902969.1.pdb
YP_010102964.1	298	completed	runs/v2_full_test_evidence_regime/structure_panel/esmfold_pdb/YP_010102964.1.pdb
YP_010013385.1	435	completed	runs/v2_full_test_evidence_regime/structure_panel/esmfold_pdb/YP_010013385.1.pdb
YP_009147549.1	355	completed	runs/v2_full_test_evidence_regime/structure_panel/esmfold_pdb/YP_009147549.1.pdb
YP_009883584.1	361	completed	runs/v2_full_test_evidence_regime/structure_panel/esmfold_pdb/YP_009883584.1.pdb
YP_010742780.1	229	completed	runs/v2_full_test_evidence_regime/structure_panel/esmfold_pdb/YP_010742780.1.pdb
YP_010102392.1	298	completed	runs/v2_full_test_evidence_regime/structure_panel/esmfold_pdb/YP_010102392.1.pdb
YP_010101341.1	435	completed	runs/v2_full_test_evidence_regime/structure_panel/esmfold_pdb/YP_010101341.1.pdb
YP_008410913.1	435	completed	runs/v2_full_test_evidence_regime/structure_panel/esmfold_pdb/YP_008410913.1.pdb
YP_010013136.1	433	completed	runs/v2_full_test_evidence_regime/structure_panel/esmfold_pdb/YP_010013136.1.pdb
YP_010012876.1	435	completed	runs/v2_full_test_evidence_regime/structure_panel/esmfold_pdb/YP_010012876.1.pdb
YP_009796504.1	361	completed	runs/v2_full_test_evidence_regime/structure_panel/esmfold_pdb/YP_009796504.1.pdb
YP_010655714.1	180	completed	runs/v2_full_test_evidence_regime/structure_panel/esmfold_pdb/YP_010655714.1.pdb
YP_009845848.1	200	completed	runs/v2_full_test_evidence_regime/structure_panel/esmfold_pdb/YP_009845848.1.pdb
YP_009789449.1	702	completed	runs/v2_full_test_evidence_regime/structure_panel/esmfold_pdb/YP_009789449.1.pdb
YP_009814963.1	236	completed	runs/v2_full_test_evidence_regime/structure_panel/esmfold_pdb/YP_009814963.1.pdb
YP_009855144.1	325	completed	runs/v2_full_test_evidence_regime/structure_panel/esmfold_pdb/YP_009855144.1.pdb
YP_010655611.1	171	completed	runs/v2_full_test_evidence_regime/structure_panel/esmfold_pdb/YP_010655611.1.pdb
YP_009855361.1	248	completed	runs/v2_full_test_evidence_regime/structure_panel/esmfold_pdb/YP_009855361.1.pdb
YP_009187882.1	489	completed	runs/v2_full_test_evidence_regime/structure_panel/esmfold_pdb/YP_009187882.1.pdb
YP_009180918.1	489	completed	runs/v2_full_test_evidence_regime/structure_panel/esmfold_pdb/YP_009180918.1.pdb
YP_009854735.1	325	completed	runs/v2_full_test_evidence_regime/structure_panel/esmfold_pdb/YP_009854735.1.pdb
YP_010653777.1	525	completed	runs/v2_full_test_evidence_regime/structure_panel/esmfold_pdb/YP_010653777.1.pdb
YP_009854734.1	248	completed	runs/v2_full_test_evidence_regime/structure_panel/esmfold_pdb/YP_009854734.1.pdb
YP_009845699.1	302	completed	runs/v2_full_test_evidence_regime/structure_panel/esmfold_pdb/YP_009845699.1.pdb
YP_009818354.1	235	completed	runs/v2_full_test_evidence_regime/structure_panel/esmfold_pdb/YP_009818354.1.pdb
YP_009324456.1	183	completed	runs/v2_full_test_evidence_regime/structure_panel/esmfold_pdb/YP_009324456.1.pdb
YP_010102311.1	526	completed	runs/v2_full_test_evidence_regime/structure_panel/esmfold_pdb/YP_010102311.1.pdb
YP_007007700.1	180	completed	runs/v2_full_test_evidence_regime/structure_panel/esmfold_pdb/YP_007007700.1.pdb
YP_004464926.1	184	completed	runs/v2_full_test_evidence_regime/structure_panel/esmfold_pdb/YP_004464926.1.pdb
YP_009907898.1	489	completed	runs/v2_full_test_evidence_regime/structure_panel/esmfold_pdb/YP_009907898.1.pdb
YP_007005414.1	236	completed	runs/v2_full_test_evidence_regime/structure_panel/esmfold_pdb/YP_007005414.1.pdb
YP_009796765.1	215	completed	runs/v2_full_test_evidence_regime/structure_panel/esmfold_pdb/YP_009796765.1.pdb
YP_009274096.1	526	completed	runs/v2_full_test_evidence_regime/structure_panel/esmfold_pdb/YP_009274096.1.pdb
YP_009187901.1	248	completed	runs/v2_full_test_evidence_regime/structure_panel/esmfold_pdb/YP_009187901.1.pdb
YP_010653485.1	525	completed	runs/v2_full_test_evidence_regime/structure_panel/esmfold_pdb/YP_010653485.1.pdb
YP_010667630.1	148	completed	runs/v2_full_test_evidence_regime/structure_panel/esmfold_pdb/YP_010667630.1.pdb
YP_010653926.1	509	completed	runs/v2_full_test_evidence_regime/structure_panel/esmfold_pdb/YP_010653926.1.pdb
YP_010681749.1	241	completed	runs/v2_full_test_evidence_regime/structure_panel/esmfold_pdb/YP_010681749.1.pdb
YP_010772804.1	291	completed	runs/v2_full_test_evidence_regime/structure_panel/esmfold_pdb/YP_010772804.1.pdb
YP_010114508.1	200	completed	runs/v2_full_test_evidence_regime/structure_panel/esmfold_pdb/YP_010114508.1.pdb
YP_009855219.1	325	completed	runs/v2_full_test_evidence_regime/structure_panel/esmfold_pdb/YP_009855219.1.pdb
YP_010653703.1	509	completed	runs/v2_full_test_evidence_regime/structure_panel/esmfold_pdb/YP_010653703.1.pdb
YP_009617951.1	227	completed	runs/v2_full_test_evidence_regime/structure_panel/esmfold_pdb/YP_009617951.1.pdb
YP_010109320.1	168	completed	runs/v2_full_test_evidence_regime/structure_panel/esmfold_pdb/YP_010109320.1.pdb
YP_010653555.1	525	completed	runs/v2_full_test_evidence_regime/structure_panel/esmfold_pdb/YP_010653555.1.pdb
YP_010102118.1	526	completed	runs/v2_full_test_evidence_regime/structure_panel/esmfold_pdb/YP_010102118.1.pdb
YP_009907823.1	489	completed	runs/v2_full_test_evidence_regime/structure_panel/esmfold_pdb/YP_009907823.1.pdb
YP_010062379.1	217	completed	runs/v2_full_test_evidence_regime/structure_panel/esmfold_pdb/YP_010062379.1.pdb
YP_009815803.1	216	completed	runs/v2_full_test_evidence_regime/structure_panel/esmfold_pdb/YP_009815803.1.pdb
YP_009902967.1	70	completed	runs/v2_full_test_evidence_regime/structure_panel/esmfold_pdb/YP_009902967.1.pdb
YP_010582682.1	233	completed	runs/v2_full_test_evidence_regime/structure_panel/esmfold_pdb/YP_010582682.1.pdb
YP_010102977.1	526	completed	runs/v2_full_test_evidence_regime/structure_panel/esmfold_pdb/YP_010102977.1.pdb
YP_009607614.1	233	completed	runs/v2_full_test_evidence_regime/structure_panel/esmfold_pdb/YP_009607614.1.pdb
YP_010114976.1	526	completed	runs/v2_full_test_evidence_regime/structure_panel/esmfold_pdb/YP_010114976.1.pdb
YP_009855362.1	325	completed	runs/v2_full_test_evidence_regime/structure_panel/esmfold_pdb/YP_009855362.1.pdb
YP_007001446.1	459	completed	runs/v2_full_test_evidence_regime/structure_panel/esmfold_pdb/YP_007001446.1.pdb
YP_009903515.1	70	completed	runs/v2_full_test_evidence_regime/structure_panel/esmfold_pdb/YP_009903515.1.pdb
YP_006906848.1	489	completed	runs/v2_full_test_evidence_regime/structure_panel/esmfold_pdb/YP_006906848.1.pdb
YP_008239746.1	227	completed	runs/v2_full_test_evidence_regime/structure_panel/esmfold_pdb/YP_008239746.1.pdb
YP_009190536.1	479	completed	runs/v2_full_test_evidence_regime/structure_panel/esmfold_pdb/YP_009190536.1.pdb
YP_004323518.1	266	completed	runs/v2_full_test_evidence_regime/structure_panel/esmfold_pdb/YP_004323518.1.pdb
YP_009854864.1	325	completed	runs/v2_full_test_evidence_regime/structure_panel/esmfold_pdb/YP_009854864.1.pdb
YP_010761413.1	247	completed	runs/v2_full_test_evidence_regime/structure_panel/esmfold_pdb/YP_010761413.1.pdb
YP_009854937.1	325	completed	runs/v2_full_test_evidence_regime/structure_panel/esmfold_pdb/YP_009854937.1.pdb
YP_010582683.1	163	completed	runs/v2_full_test_evidence_regime/structure_panel/esmfold_pdb/YP_010582683.1.pdb
YP_010653847.1	509	completed	runs/v2_full_test_evidence_regime/structure_panel/esmfold_pdb/YP_010653847.1.pdb
YP_010061935.1	217	completed	runs/v2_full_test_evidence_regime/structure_panel/esmfold_pdb/YP_010061935.1.pdb
YP_010065021.1	258	completed	runs/v2_full_test_evidence_regime/structure_panel/esmfold_pdb/YP_010065021.1.pdb
YP_008051906.1	227	completed	runs/v2_full_test_evidence_regime/structure_panel/esmfold_pdb/YP_008051906.1.pdb
YP_009789431.1	279	completed	runs/v2_full_test_evidence_regime/structure_panel/esmfold_pdb/YP_009789431.1.pdb
YP_010062009.1	229	completed	runs/v2_full_test_evidence_regime/structure_panel/esmfold_pdb/YP_010062009.1.pdb
YP_009187345.1	489	completed	runs/v2_full_test_evidence_regime/structure_panel/esmfold_pdb/YP_009187345.1.pdb
YP_009146251.1	294	completed	runs/v2_full_test_evidence_regime/structure_panel/esmfold_pdb/YP_009146251.1.pdb
YP_010052563.1	255	completed	runs/v2_full_test_evidence_regime/structure_panel/esmfold_pdb/YP_010052563.1.pdb
YP_010655598.1	181	completed	runs/v2_full_test_evidence_regime/structure_panel/esmfold_pdb/YP_010655598.1.pdb
YP_010798436.1	154	completed	runs/v2_full_test_evidence_regime/structure_panel/esmfold_pdb/YP_010798436.1.pdb
YP_010840689.1	269	completed	runs/v2_full_test_evidence_regime/structure_panel/esmfold_pdb/YP_010840689.1.pdb
YP_010840703.1	241	completed	runs/v2_full_test_evidence_regime/structure_panel/esmfold_pdb/YP_010840703.1.pdb
YP_010086207.1	244	completed	runs/v2_full_test_evidence_regime/structure_panel/esmfold_pdb/YP_010086207.1.pdb
YP_009330100.1	513	completed	runs/v2_full_test_evidence_regime/structure_panel/esmfold_pdb/YP_009330100.1.pdb
YP_009666933.1	246	completed	runs/v2_full_test_evidence_regime/structure_panel/esmfold_pdb/YP_009666933.1.pdb
YP_010839478.1	246	completed	runs/v2_full_test_evidence_regime/structure_panel/esmfold_pdb/YP_010839478.1.pdb
YP_004767308.1	212	completed	runs/v2_full_test_evidence_regime/structure_panel/esmfold_pdb/YP_004767308.1.pdb
YP_010839534.1	258	completed	runs/v2_full_test_evidence_regime/structure_panel/esmfold_pdb/YP_010839534.1.pdb
YP_009094046.1	447	completed	runs/v2_full_test_evidence_regime/structure_panel/esmfold_pdb/YP_009094046.1.pdb
YP_009337179.1	429	completed	runs/v2_full_test_evidence_regime/structure_panel/esmfold_pdb/YP_009337179.1.pdb
YP_010085072.1	244	completed	runs/v2_full_test_evidence_regime/structure_panel/esmfold_pdb/YP_010085072.1.pdb
YP_008400136.1	442	completed	runs/v2_full_test_evidence_regime/structure_panel/esmfold_pdb/YP_008400136.1.pdb
YP_009507863.1	247	completed	runs/v2_full_test_evidence_regime/structure_panel/esmfold_pdb/YP_009507863.1.pdb
YP_010840910.1	255	completed	runs/v2_full_test_evidence_regime/structure_panel/esmfold_pdb/YP_010840910.1.pdb
YP_009362025.1	226	completed	runs/v2_full_test_evidence_regime/structure_panel/esmfold_pdb/YP_009362025.1.pdb
YP_010840713.1	240	completed	runs/v2_full_test_evidence_regime/structure_panel/esmfold_pdb/YP_010840713.1.pdb
YP_010839622.1	245	completed	runs/v2_full_test_evidence_regime/structure_panel/esmfold_pdb/YP_010839622.1.pdb
YP_010840665.1	311	completed	runs/v2_full_test_evidence_regime/structure_panel/esmfold_pdb/YP_010840665.1.pdb
YP_004598984.1	214	completed	runs/v2_full_test_evidence_regime/structure_panel/esmfold_pdb/YP_004598984.1.pdb
YP_010840721.1	420	completed	runs/v2_full_test_evidence_regime/structure_panel/esmfold_pdb/YP_010840721.1.pdb
YP_009505592.1	222	completed	runs/v2_full_test_evidence_regime/structure_panel/esmfold_pdb/YP_009505592.1.pdb
YP_009793209.1	307	completed	runs/v2_full_test_evidence_regime/structure_panel/esmfold_pdb/YP_009793209.1.pdb
YP_009789411.1	73	completed	runs/v2_full_test_evidence_regime/structure_panel/esmfold_pdb/YP_009789411.1.pdb
YP_010098180.1	182	completed	runs/v2_full_test_evidence_regime/structure_panel/esmfold_pdb/YP_010098180.1.pdb
YP_009793149.1	307	completed	runs/v2_full_test_evidence_regime/structure_panel/esmfold_pdb/YP_009793149.1.pdb
YP_010101979.1	192	completed	runs/v2_full_test_evidence_regime/structure_panel/esmfold_pdb/YP_010101979.1.pdb
YP_008433550.1	177	completed	runs/v2_full_test_evidence_regime/structure_panel/esmfold_pdb/YP_008433550.1.pdb
YP_009791797.1	336	completed	runs/v2_full_test_evidence_regime/structure_panel/esmfold_pdb/YP_009791797.1.pdb
YP_009842036.1	565	completed	runs/v2_full_test_evidence_regime/structure_panel/esmfold_pdb/YP_009842036.1.pdb
YP_010102271.1	192	completed	runs/v2_full_test_evidence_regime/structure_panel/esmfold_pdb/YP_010102271.1.pdb
YP_010806163.1	832	completed	runs/v2_full_test_evidence_regime/structure_panel/esmfold_pdb/YP_010806163.1.pdb
YP_007349143.1	565	completed	runs/v2_full_test_evidence_regime/structure_panel/esmfold_pdb/YP_007349143.1.pdb
YP_009838281.1	520	completed	runs/v2_full_test_evidence_regime/structure_panel/esmfold_pdb/YP_009838281.1.pdb
YP_010103030.1	192	completed	runs/v2_full_test_evidence_regime/structure_panel/esmfold_pdb/YP_010103030.1.pdb
YP_008433563.1	79	completed	runs/v2_full_test_evidence_regime/structure_panel/esmfold_pdb/YP_008433563.1.pdb
YP_010107653.1	192	completed	runs/v2_full_test_evidence_regime/structure_panel/esmfold_pdb/YP_010107653.1.pdb
YP_010096624.1	192	completed	runs/v2_full_test_evidence_regime/structure_panel/esmfold_pdb/YP_010096624.1.pdb
YP_009274056.1	197	completed	runs/v2_full_test_evidence_regime/structure_panel/esmfold_pdb/YP_009274056.1.pdb
YP_010109651.1	182	completed	runs/v2_full_test_evidence_regime/structure_panel/esmfold_pdb/YP_010109651.1.pdb
YP_010114936.1	182	completed	runs/v2_full_test_evidence_regime/structure_panel/esmfold_pdb/YP_010114936.1.pdb
YP_010667693.1	430	completed	runs/v2_full_test_evidence_regime/structure_panel/esmfold_pdb/YP_010667693.1.pdb
YP_010096719.1	197	completed	runs/v2_full_test_evidence_regime/structure_panel/esmfold_pdb/YP_010096719.1.pdb
YP_010085889.1	201	completed	runs/v2_full_test_evidence_regime/structure_panel/esmfold_pdb/YP_010085889.1.pdb
YP_009851177.1	431	completed	runs/v2_full_test_evidence_regime/structure_panel/esmfold_pdb/YP_009851177.1.pdb
YP_010102172.1	197	completed	runs/v2_full_test_evidence_regime/structure_panel/esmfold_pdb/YP_010102172.1.pdb
YP_009621680.1	63	completed	runs/v2_full_test_evidence_regime/structure_panel/esmfold_pdb/YP_009621680.1.pdb
YP_010110061.1	185	completed	runs/v2_full_test_evidence_regime/structure_panel/esmfold_pdb/YP_010110061.1.pdb
YP_010104232.1	197	completed	runs/v2_full_test_evidence_regime/structure_panel/esmfold_pdb/YP_010104232.1.pdb
YP_010102932.1	197	completed	runs/v2_full_test_evidence_regime/structure_panel/esmfold_pdb/YP_010102932.1.pdb
YP_010801639.1	230	completed	runs/v2_full_test_evidence_regime/structure_panel/esmfold_pdb/YP_010801639.1.pdb
YP_010109279.1	182	completed	runs/v2_full_test_evidence_regime/structure_panel/esmfold_pdb/YP_010109279.1.pdb
YP_010100821.1	184	completed	runs/v2_full_test_evidence_regime/structure_panel/esmfold_pdb/YP_010100821.1.pdb
YP_009600758.1	716	completed	runs/v2_full_test_evidence_regime/structure_panel/esmfold_pdb/YP_009600758.1.pdb
YP_009789640.1	156	completed	runs/v2_full_test_evidence_regime/structure_panel/esmfold_pdb/YP_009789640.1.pdb
YP_009844464.1	430	completed	runs/v2_full_test_evidence_regime/structure_panel/esmfold_pdb/YP_009844464.1.pdb
YP_009284790.1	192	completed	runs/v2_full_test_evidence_regime/structure_panel/esmfold_pdb/YP_009284790.1.pdb
YP_009791854.1	330	completed	runs/v2_full_test_evidence_regime/structure_panel/esmfold_pdb/YP_009791854.1.pdb
YP_010102077.1	192	completed	runs/v2_full_test_evidence_regime/structure_panel/esmfold_pdb/YP_010102077.1.pdb
YP_009793264.1	307	completed	runs/v2_full_test_evidence_regime/structure_panel/esmfold_pdb/YP_009793264.1.pdb
YP_009595385.1	383	completed	runs/v2_full_test_evidence_regime/structure_panel/esmfold_pdb/YP_009595385.1.pdb
YP_010103621.1	192	completed	runs/v2_full_test_evidence_regime/structure_panel/esmfold_pdb/YP_010103621.1.pdb
YP_010102365.1	192	completed	runs/v2_full_test_evidence_regime/structure_panel/esmfold_pdb/YP_010102365.1.pdb
YP_010077946.1	430	completed	runs/v2_full_test_evidence_regime/structure_panel/esmfold_pdb/YP_010077946.1.pdb
YP_010084463.1	165	completed	runs/v2_full_test_evidence_regime/structure_panel/esmfold_pdb/YP_010084463.1.pdb
YP_009362818.1	271	completed	runs/v2_full_test_evidence_regime/structure_panel/esmfold_pdb/YP_009362818.1.pdb
YP_009032043.1	272	completed	runs/v2_full_test_evidence_regime/structure_panel/esmfold_pdb/YP_009032043.1.pdb
YP_001110810.1	1032	completed	runs/v2_full_test_evidence_regime/structure_panel/esmfold_pdb/YP_001110810.1.pdb
YP_009008487.1	859	completed	runs/v2_full_test_evidence_regime/structure_panel/esmfold_pdb/YP_009008487.1.pdb
YP_009833161.1	145	completed	runs/v2_full_test_evidence_regime/structure_panel/esmfold_pdb/YP_009833161.1.pdb
YP_009855449.1	256	completed	runs/v2_full_test_evidence_regime/structure_panel/esmfold_pdb/YP_009855449.1.pdb
YP_009843010.1	399	completed	runs/v2_full_test_evidence_regime/structure_panel/esmfold_pdb/YP_009843010.1.pdb
YP_009506456.1	257	completed	runs/v2_full_test_evidence_regime/structure_panel/esmfold_pdb/YP_009506456.1.pdb
YP_009855266.1	390	completed	runs/v2_full_test_evidence_regime/structure_panel/esmfold_pdb/YP_009855266.1.pdb
YP_010084446.1	121	completed	runs/v2_full_test_evidence_regime/structure_panel/esmfold_pdb/YP_010084446.1.pdb
YP_002519377.1	257	completed	runs/v2_full_test_evidence_regime/structure_panel/esmfold_pdb/YP_002519377.1.pdb
YP_009903063.1	678	completed	runs/v2_full_test_evidence_regime/structure_panel/esmfold_pdb/YP_009903063.1.pdb
YP_009837007.1	401	completed	runs/v2_full_test_evidence_regime/structure_panel/esmfold_pdb/YP_009837007.1.pdb
YP_003517734.1	426	completed	runs/v2_full_test_evidence_regime/structure_panel/esmfold_pdb/YP_003517734.1.pdb
YP_010112828.1	324	completed	runs/v2_full_test_evidence_regime/structure_panel/esmfold_pdb/YP_010112828.1.pdb
YP_009275407.1	445	completed	runs/v2_full_test_evidence_regime/structure_panel/esmfold_pdb/YP_009275407.1.pdb
NP_758520.1	2168	completed	runs/v2_full_test_evidence_regime/structure_panel/esmfold_pdb/NP_758520.1.pdb
YP_009505608.1	2157	completed	runs/v2_full_test_evidence_regime/structure_panel/esmfold_pdb/YP_009505608.1.pdb
YP_009028564.1	2182	completed	runs/v2_full_test_evidence_regime/structure_panel/esmfold_pdb/YP_009028564.1.pdb
YP_009505603.1	2190	completed	runs/v2_full_test_evidence_regime/structure_panel/esmfold_pdb/YP_009505603.1.pdb
YP_001715611.1	2181	completed	runs/v2_full_test_evidence_regime/structure_panel/esmfold_pdb/YP_001715611.1.pdb
YP_010747565.1	676	completed	runs/v2_full_test_evidence_regime/structure_panel/esmfold_pdb/YP_010747565.1.pdb
YP_010748121.1	684	completed	runs/v2_full_test_evidence_regime/structure_panel/esmfold_pdb/YP_010748121.1.pdb
YP_010796086.1	865	completed	runs/v2_full_test_evidence_regime/structure_panel/esmfold_pdb/YP_010796086.1.pdb
NP_076500.1	874	completed	runs/v2_full_test_evidence_regime/structure_panel/esmfold_pdb/NP_076500.1.pdb
YP_010747158.1	676	completed	runs/v2_full_test_evidence_regime/structure_panel/esmfold_pdb/YP_010747158.1.pdb
YP_010748904.1	416	completed	runs/v2_full_test_evidence_regime/structure_panel/esmfold_pdb/YP_010748904.1.pdb
YP_001491533.1	378	completed	runs/v2_full_test_evidence_regime/structure_panel/esmfold_pdb/YP_001491533.1.pdb
YP_007002903.1	614	completed	runs/v2_full_test_evidence_regime/structure_panel/esmfold_pdb/YP_007002903.1.pdb
YP_009324904.1	489	completed	runs/v2_full_test_evidence_regime/structure_panel/esmfold_pdb/YP_009324904.1.pdb
YP_009886447.1	605	completed	runs/v2_full_test_evidence_regime/structure_panel/esmfold_pdb/YP_009886447.1.pdb
YP_008410963.1	432	completed	runs/v2_full_test_evidence_regime/structure_panel/esmfold_pdb/YP_008410963.1.pdb
YP_009798826.1	473	completed	runs/v2_full_test_evidence_regime/structure_panel/esmfold_pdb/YP_009798826.1.pdb
YP_009618610.1	366	completed	runs/v2_full_test_evidence_regime/structure_panel/esmfold_pdb/YP_009618610.1.pdb
YP_010101391.1	424	completed	runs/v2_full_test_evidence_regime/structure_panel/esmfold_pdb/YP_010101391.1.pdb
YP_009288272.1	366	completed	runs/v2_full_test_evidence_regime/structure_panel/esmfold_pdb/YP_009288272.1.pdb
YP_009885320.1	145	completed	runs/v2_full_test_evidence_regime/structure_panel/esmfold_pdb/YP_009885320.1.pdb
YP_009819237.1	178	completed	runs/v2_full_test_evidence_regime/structure_panel/esmfold_pdb/YP_009819237.1.pdb
YP_009607710.1	271	completed	runs/v2_full_test_evidence_regime/structure_panel/esmfold_pdb/YP_009607710.1.pdb
YP_010667601.1	353	completed	runs/v2_full_test_evidence_regime/structure_panel/esmfold_pdb/YP_010667601.1.pdb
YP_010654015.1	102	completed	runs/v2_full_test_evidence_regime/structure_panel/esmfold_pdb/YP_010654015.1.pdb
YP_009886207.1	215	completed	runs/v2_full_test_evidence_regime/structure_panel/esmfold_pdb/YP_009886207.1.pdb
YP_009637914.1	279	completed	runs/v2_full_test_evidence_regime/structure_panel/esmfold_pdb/YP_009637914.1.pdb
YP_009886453.1	215	completed	runs/v2_full_test_evidence_regime/structure_panel/esmfold_pdb/YP_009886453.1.pdb
YP_010681045.1	199	completed	runs/v2_full_test_evidence_regime/structure_panel/esmfold_pdb/YP_010681045.1.pdb
YP_009302999.1	404	completed	runs/v2_full_test_evidence_regime/structure_panel/esmfold_pdb/YP_009302999.1.pdb
YP_010060825.1	497	completed	runs/v2_full_test_evidence_regime/structure_panel/esmfold_pdb/YP_010060825.1.pdb
YP_010100847.1	298	completed	runs/v2_full_test_evidence_regime/structure_panel/esmfold_pdb/YP_010100847.1.pdb
YP_010051127.1	371	completed	runs/v2_full_test_evidence_regime/structure_panel/esmfold_pdb/YP_010051127.1.pdb
YP_010680355.1	329	completed	runs/v2_full_test_evidence_regime/structure_panel/esmfold_pdb/YP_010680355.1.pdb
NP_859162.1	444	completed	runs/v2_full_test_evidence_regime/structure_panel/esmfold_pdb/NP_859162.1.pdb
YP_009032213.1	357	completed	runs/v2_full_test_evidence_regime/structure_panel/esmfold_pdb/YP_009032213.1.pdb
YP_001994899.1	228	completed	runs/v2_full_test_evidence_regime/structure_panel/esmfold_pdb/YP_001994899.1.pdb
YP_010749535.1	314	completed	runs/v2_full_test_evidence_regime/structure_panel/esmfold_pdb/YP_010749535.1.pdb
YP_010102333.1	404	completed	runs/v2_full_test_evidence_regime/structure_panel/esmfold_pdb/YP_010102333.1.pdb
YP_009100061.1	213	completed	runs/v2_full_test_evidence_regime/structure_panel/esmfold_pdb/YP_009100061.1.pdb
YP_010002605.1	251	completed	runs/v2_full_test_evidence_regime/structure_panel/esmfold_pdb/YP_010002605.1.pdb
YP_009191587.1	128	completed	runs/v2_full_test_evidence_regime/structure_panel/esmfold_pdb/YP_009191587.1.pdb
YP_009902823.1	71	completed	runs/v2_full_test_evidence_regime/structure_panel/esmfold_pdb/YP_009902823.1.pdb
YP_009796446.1	115	completed	runs/v2_full_test_evidence_regime/structure_panel/esmfold_pdb/YP_009796446.1.pdb
YP_010745912.1	47	completed	runs/v2_full_test_evidence_regime/structure_panel/esmfold_pdb/YP_010745912.1.pdb
YP_009300989.1	79	completed	runs/v2_full_test_evidence_regime/structure_panel/esmfold_pdb/YP_009300989.1.pdb
YP_007005422.1	321	completed	runs/v2_full_test_evidence_regime/structure_panel/esmfold_pdb/YP_007005422.1.pdb
YP_009908100.1	92	completed	runs/v2_full_test_evidence_regime/structure_panel/esmfold_pdb/YP_009908100.1.pdb
YP_010658062.1	91	completed	runs/v2_full_test_evidence_regime/structure_panel/esmfold_pdb/YP_010658062.1.pdb
YP_009187929.1	244	completed	runs/v2_full_test_evidence_regime/structure_panel/esmfold_pdb/YP_009187929.1.pdb
YP_009146319.1	285	completed	runs/v2_full_test_evidence_regime/structure_panel/esmfold_pdb/YP_009146319.1.pdb
YP_009886689.1	219	completed	runs/v2_full_test_evidence_regime/structure_panel/esmfold_pdb/YP_009886689.1.pdb
YP_009796266.1	126	completed	runs/v2_full_test_evidence_regime/structure_panel/esmfold_pdb/YP_009796266.1.pdb
YP_009206144.1	139	completed	runs/v2_full_test_evidence_regime/structure_panel/esmfold_pdb/YP_009206144.1.pdb
YP_009836936.1	217	completed	runs/v2_full_test_evidence_regime/structure_panel/esmfold_pdb/YP_009836936.1.pdb
YP_009197016.1	837	completed	runs/v2_full_test_evidence_regime/structure_panel/esmfold_pdb/YP_009197016.1.pdb
YP_010001081.1	276	completed	runs/v2_full_test_evidence_regime/structure_panel/esmfold_pdb/YP_010001081.1.pdb
YP_010051108.1	196	completed	runs/v2_full_test_evidence_regime/structure_panel/esmfold_pdb/YP_010051108.1.pdb
YP_009140133.1	547	completed	runs/v2_full_test_evidence_regime/structure_panel/esmfold_pdb/YP_009140133.1.pdb
YP_010061903.1	120	completed	runs/v2_full_test_evidence_regime/structure_panel/esmfold_pdb/YP_010061903.1.pdb
YP_007005416.1	152	completed	runs/v2_full_test_evidence_regime/structure_panel/esmfold_pdb/YP_007005416.1.pdb
YP_010112343.1	130	completed	runs/v2_full_test_evidence_regime/structure_panel/esmfold_pdb/YP_010112343.1.pdb
YP_010509985.1	130	completed	runs/v2_full_test_evidence_regime/structure_panel/esmfold_pdb/YP_010509985.1.pdb
YP_009883588.1	104	completed	runs/v2_full_test_evidence_regime/structure_panel/esmfold_pdb/YP_009883588.1.pdb
YP_009187346.1	237	completed	runs/v2_full_test_evidence_regime/structure_panel/esmfold_pdb/YP_009187346.1.pdb
YP_009126740.1	277	completed	runs/v2_full_test_evidence_regime/structure_panel/esmfold_pdb/YP_009126740.1.pdb
YP_009276992.1	430	completed	runs/v2_full_test_evidence_regime/structure_panel/esmfold_pdb/YP_009276992.1.pdb
YP_003915072.1	258	completed	runs/v2_full_test_evidence_regime/structure_panel/esmfold_pdb/YP_003915072.1.pdb
NP_620853.1	257	completed	runs/v2_full_test_evidence_regime/structure_panel/esmfold_pdb/NP_620853.1.pdb
NP_044864.1	299	completed	runs/v2_full_test_evidence_regime/structure_panel/esmfold_pdb/NP_044864.1.pdb
YP_009021762.1	237	completed	runs/v2_full_test_evidence_regime/structure_panel/esmfold_pdb/YP_009021762.1.pdb
YP_010085990.1	567	completed	runs/v2_full_test_evidence_regime/structure_panel/esmfold_pdb/YP_010085990.1.pdb
YP_002791011.1	249	completed	runs/v2_full_test_evidence_regime/structure_panel/esmfold_pdb/YP_002791011.1.pdb
YP_009600443.1	368	completed	runs/v2_full_test_evidence_regime/structure_panel/esmfold_pdb/YP_009600443.1.pdb
YP_223889.1	286	completed	runs/v2_full_test_evidence_regime/structure_panel/esmfold_pdb/YP_223889.1.pdb
YP_002317400.1	258	completed	runs/v2_full_test_evidence_regime/structure_panel/esmfold_pdb/YP_002317400.1.pdb
YP_009408648.1	256	completed	runs/v2_full_test_evidence_regime/structure_panel/esmfold_pdb/YP_009408648.1.pdb
YP_008873479.1	331	completed	runs/v2_full_test_evidence_regime/structure_panel/esmfold_pdb/YP_008873479.1.pdb
YP_012040222.1	313	completed	runs/v2_full_test_evidence_regime/structure_panel/esmfold_pdb/YP_012040222.1.pdb
NP_803547.1	116	completed	runs/v2_full_test_evidence_regime/structure_panel/esmfold_pdb/NP_803547.1.pdb
YP_009056192.1	400	completed	runs/v2_full_test_evidence_regime/structure_panel/esmfold_pdb/YP_009056192.1.pdb
YP_794063.1	404	completed	runs/v2_full_test_evidence_regime/structure_panel/esmfold_pdb/YP_794063.1.pdb
YP_009553487.1	495	completed	runs/v2_full_test_evidence_regime/structure_panel/esmfold_pdb/YP_009553487.1.pdb
NP_044880.1	567	completed	runs/v2_full_test_evidence_regime/structure_panel/esmfold_pdb/NP_044880.1.pdb
YP_009795614.1	121	completed	runs/v2_full_test_evidence_regime/structure_panel/esmfold_pdb/YP_009795614.1.pdb
YP_009345121.1	356	completed	runs/v2_full_test_evidence_regime/structure_panel/esmfold_pdb/YP_009345121.1.pdb
YP_009551965.1	474	completed	runs/v2_full_test_evidence_regime/structure_panel/esmfold_pdb/YP_009551965.1.pdb
YP_008239638.1	349	completed	runs/v2_full_test_evidence_regime/structure_panel/esmfold_pdb/YP_008239638.1.pdb
YP_009337846.1	350	completed	runs/v2_full_test_evidence_regime/structure_panel/esmfold_pdb/YP_009337846.1.pdb
YP_009836919.1	424	completed	runs/v2_full_test_evidence_regime/structure_panel/esmfold_pdb/YP_009836919.1.pdb
YP_009292522.1	382	completed	runs/v2_full_test_evidence_regime/structure_panel/esmfold_pdb/YP_009292522.1.pdb
YP_009884753.1	440	completed	runs/v2_full_test_evidence_regime/structure_panel/esmfold_pdb/YP_009884753.1.pdb
YP_010509863.1	328	completed	runs/v2_full_test_evidence_regime/structure_panel/esmfold_pdb/YP_010509863.1.pdb
YP_003084134.1	85	completed	runs/v2_full_test_evidence_regime/structure_panel/esmfold_pdb/YP_003084134.1.pdb
YP_009507645.1	378	completed	runs/v2_full_test_evidence_regime/structure_panel/esmfold_pdb/YP_009507645.1.pdb
YP_009333295.1	371	completed	runs/v2_full_test_evidence_regime/structure_panel/esmfold_pdb/YP_009333295.1.pdb
YP_009204828.1	340	completed	runs/v2_full_test_evidence_regime/structure_panel/esmfold_pdb/YP_009204828.1.pdb
YP_453621.1	141	completed	runs/v2_full_test_evidence_regime/structure_panel/esmfold_pdb/YP_453621.1.pdb
NP_148951.1	115	completed	runs/v2_full_test_evidence_regime/structure_panel/esmfold_pdb/NP_148951.1.pdb
YP_009336686.1	416	completed	runs/v2_full_test_evidence_regime/structure_panel/esmfold_pdb/YP_009336686.1.pdb
YP_009168841.1	322	completed	runs/v2_full_test_evidence_regime/structure_panel/esmfold_pdb/YP_009168841.1.pdb
YP_764512.1	116	completed	runs/v2_full_test_evidence_regime/structure_panel/esmfold_pdb/YP_764512.1.pdb
YP_009100097.1	311	completed	runs/v2_full_test_evidence_regime/structure_panel/esmfold_pdb/YP_009100097.1.pdb
NP_047238.1	251	completed	runs/v2_full_test_evidence_regime/structure_panel/esmfold_pdb/NP_047238.1.pdb
YP_010582373.1	349	completed	runs/v2_full_test_evidence_regime/structure_panel/esmfold_pdb/YP_010582373.1.pdb
YP_009806955.1	310	completed	runs/v2_full_test_evidence_regime/structure_panel/esmfold_pdb/YP_009806955.1.pdb
YP_002224029.1	258	completed	runs/v2_full_test_evidence_regime/structure_panel/esmfold_pdb/YP_002224029.1.pdb
YP_010050880.1	416	completed	runs/v2_full_test_evidence_regime/structure_panel/esmfold_pdb/YP_010050880.1.pdb
NP_740394.1	298	completed	runs/v2_full_test_evidence_regime/structure_panel/esmfold_pdb/NP_740394.1.pdb
YP_009508123.1	257	completed	runs/v2_full_test_evidence_regime/structure_panel/esmfold_pdb/YP_009508123.1.pdb
YP_009152759.1	322	completed	runs/v2_full_test_evidence_regime/structure_panel/esmfold_pdb/YP_009152759.1.pdb
YP_010084338.1	256	completed	runs/v2_full_test_evidence_regime/structure_panel/esmfold_pdb/YP_010084338.1.pdb
NP_044863.1	1373	completed	runs/v2_full_test_evidence_regime/structure_panel/esmfold_pdb/NP_044863.1.pdb
NP_690913.1	256	completed	runs/v2_full_test_evidence_regime/structure_panel/esmfold_pdb/NP_690913.1.pdb
YP_009337330.1	248	completed	runs/v2_full_test_evidence_regime/structure_panel/esmfold_pdb/YP_009337330.1.pdb
YP_009330063.1	201	completed	runs/v2_full_test_evidence_regime/structure_panel/esmfold_pdb/YP_009330063.1.pdb
YP_009787661.1	348	completed	runs/v2_full_test_evidence_regime/structure_panel/esmfold_pdb/YP_009787661.1.pdb
YP_009203061.1	228	completed	runs/v2_full_test_evidence_regime/structure_panel/esmfold_pdb/YP_009203061.1.pdb
YP_010100999.1	236	completed	runs/v2_full_test_evidence_regime/structure_panel/esmfold_pdb/YP_010100999.1.pdb
YP_009837477.1	383	completed	runs/v2_full_test_evidence_regime/structure_panel/esmfold_pdb/YP_009837477.1.pdb
YP_010747570.1	99	completed	runs/v2_full_test_evidence_regime/structure_panel/esmfold_pdb/YP_010747570.1.pdb
YP_010013243.1	153	completed	runs/v2_full_test_evidence_regime/structure_panel/esmfold_pdb/YP_010013243.1.pdb
YP_010012522.1	105	completed	runs/v2_full_test_evidence_regime/structure_panel/esmfold_pdb/YP_010012522.1.pdb
YP_004327074.1	171	completed	runs/v2_full_test_evidence_regime/structure_panel/esmfold_pdb/YP_004327074.1.pdb
YP_010679952.1	180	completed	runs/v2_full_test_evidence_regime/structure_panel/esmfold_pdb/YP_010679952.1.pdb
YP_009886276.1	206	completed	runs/v2_full_test_evidence_regime/structure_panel/esmfold_pdb/YP_009886276.1.pdb
YP_010681633.1	356	completed	runs/v2_full_test_evidence_regime/structure_panel/esmfold_pdb/YP_010681633.1.pdb
YP_010062198.1	276	completed	runs/v2_full_test_evidence_regime/structure_panel/esmfold_pdb/YP_010062198.1.pdb
YP_009207735.1	271	completed	runs/v2_full_test_evidence_regime/structure_panel/esmfold_pdb/YP_009207735.1.pdb
YP_010747357.1	376	completed	runs/v2_full_test_evidence_regime/structure_panel/esmfold_pdb/YP_010747357.1.pdb
YP_009887127.1	261	completed	runs/v2_full_test_evidence_regime/structure_panel/esmfold_pdb/YP_009887127.1.pdb
YP_009055530.1	391	completed	runs/v2_full_test_evidence_regime/structure_panel/esmfold_pdb/YP_009055530.1.pdb
YP_009798834.1	246	completed	runs/v2_full_test_evidence_regime/structure_panel/esmfold_pdb/YP_009798834.1.pdb
YP_010078651.1	150	completed	runs/v2_full_test_evidence_regime/structure_panel/esmfold_pdb/YP_010078651.1.pdb
YP_009791803.1	316	completed	runs/v2_full_test_evidence_regime/structure_panel/esmfold_pdb/YP_009791803.1.pdb
YP_010064244.1	154	completed	runs/v2_full_test_evidence_regime/structure_panel/esmfold_pdb/YP_010064244.1.pdb
YP_010653918.1	291	completed	runs/v2_full_test_evidence_regime/structure_panel/esmfold_pdb/YP_010653918.1.pdb
YP_010078703.1	150	completed	runs/v2_full_test_evidence_regime/structure_panel/esmfold_pdb/YP_010078703.1.pdb
YP_009880512.1	333	completed	runs/v2_full_test_evidence_regime/structure_panel/esmfold_pdb/YP_009880512.1.pdb
YP_010659752.1	218	completed	runs/v2_full_test_evidence_regime/structure_panel/esmfold_pdb/YP_010659752.1.pdb
YP_009197059.1	110	completed	runs/v2_full_test_evidence_regime/structure_panel/esmfold_pdb/YP_009197059.1.pdb
YP_009883610.1	209	completed	runs/v2_full_test_evidence_regime/structure_panel/esmfold_pdb/YP_009883610.1.pdb
YP_010052691.1	437	completed	runs/v2_full_test_evidence_regime/structure_panel/esmfold_pdb/YP_010052691.1.pdb
YP_009854105.1	209	completed	runs/v2_full_test_evidence_regime/structure_panel/esmfold_pdb/YP_009854105.1.pdb
YP_010012805.1	137	completed	runs/v2_full_test_evidence_regime/structure_panel/esmfold_pdb/YP_010012805.1.pdb
YP_009796237.1	775	completed	runs/v2_full_test_evidence_regime/structure_panel/esmfold_pdb/YP_009796237.1.pdb
YP_004323595.1	154	completed	runs/v2_full_test_evidence_regime/structure_panel/esmfold_pdb/YP_004323595.1.pdb
YP_010582177.1	163	completed	runs/v2_full_test_evidence_regime/structure_panel/esmfold_pdb/YP_010582177.1.pdb
YP_009621547.1	170	completed	runs/v2_full_test_evidence_regime/structure_panel/esmfold_pdb/YP_009621547.1.pdb
YP_009884746.1	151	completed	runs/v2_full_test_evidence_regime/structure_panel/esmfold_pdb/YP_009884746.1.pdb
YP_009837051.1	170	completed	runs/v2_full_test_evidence_regime/structure_panel/esmfold_pdb/YP_009837051.1.pdb
YP_009187338.1	229	completed	runs/v2_full_test_evidence_regime/structure_panel/esmfold_pdb/YP_009187338.1.pdb
YP_009277112.1	200	completed	runs/v2_full_test_evidence_regime/structure_panel/esmfold_pdb/YP_009277112.1.pdb
YP_224066.1	95	completed	runs/v2_full_test_evidence_regime/structure_panel/esmfold_pdb/YP_224066.1.pdb
YP_010747633.1	163	completed	runs/v2_full_test_evidence_regime/structure_panel/esmfold_pdb/YP_010747633.1.pdb
YP_009850242.1	560	completed	runs/v2_full_test_evidence_regime/structure_panel/esmfold_pdb/YP_009850242.1.pdb
YP_009191573.1	376	completed	runs/v2_full_test_evidence_regime/structure_panel/esmfold_pdb/YP_009191573.1.pdb
YP_003857227.1	186	completed	runs/v2_full_test_evidence_regime/structure_panel/esmfold_pdb/YP_003857227.1.pdb
YP_010101371.1	90	completed	runs/v2_full_test_evidence_regime/structure_panel/esmfold_pdb/YP_010101371.1.pdb
YP_009854902.1	179	completed	runs/v2_full_test_evidence_regime/structure_panel/esmfold_pdb/YP_009854902.1.pdb
YP_010659686.1	391	completed	runs/v2_full_test_evidence_regime/structure_panel/esmfold_pdb/YP_010659686.1.pdb
YP_010653484.1	153	completed	runs/v2_full_test_evidence_regime/structure_panel/esmfold_pdb/YP_010653484.1.pdb
YP_009606728.1	158	completed	runs/v2_full_test_evidence_regime/structure_panel/esmfold_pdb/YP_009606728.1.pdb
YP_453632.1	438	completed	runs/v2_full_test_evidence_regime/structure_panel/esmfold_pdb/YP_453632.1.pdb
YP_010103067.1	282	completed	runs/v2_full_test_evidence_regime/structure_panel/esmfold_pdb/YP_010103067.1.pdb
YP_010115742.1	376	completed	runs/v2_full_test_evidence_regime/structure_panel/esmfold_pdb/YP_010115742.1.pdb
YP_008873414.1	70	completed	runs/v2_full_test_evidence_regime/structure_panel/esmfold_pdb/YP_008873414.1.pdb
YP_010659821.1	571	completed	runs/v2_full_test_evidence_regime/structure_panel/esmfold_pdb/YP_010659821.1.pdb
YP_009098370.1	146	completed	runs/v2_full_test_evidence_regime/structure_panel/esmfold_pdb/YP_009098370.1.pdb
YP_010840594.1	179	completed	runs/v2_full_test_evidence_regime/structure_panel/esmfold_pdb/YP_010840594.1.pdb
YP_006488898.1	319	completed	runs/v2_full_test_evidence_regime/structure_panel/esmfold_pdb/YP_006488898.1.pdb
YP_009351903.1	66	completed	runs/v2_full_test_evidence_regime/structure_panel/esmfold_pdb/YP_009351903.1.pdb
YP_009851174.1	166	completed	runs/v2_full_test_evidence_regime/structure_panel/esmfold_pdb/YP_009851174.1.pdb
YP_010084730.1	129	completed	runs/v2_full_test_evidence_regime/structure_panel/esmfold_pdb/YP_010084730.1.pdb
NP_808767.1	114	completed	runs/v2_full_test_evidence_regime/structure_panel/esmfold_pdb/NP_808767.1.pdb
NP_859414.1	81	completed	runs/v2_full_test_evidence_regime/structure_panel/esmfold_pdb/NP_859414.1.pdb
YP_006666531.1	346	completed	runs/v2_full_test_evidence_regime/structure_panel/esmfold_pdb/YP_006666531.1.pdb
YP_009330025.1	895	completed	runs/v2_full_test_evidence_regime/structure_panel/esmfold_pdb/YP_009330025.1.pdb
YP_010102161.1	158	completed	runs/v2_full_test_evidence_regime/structure_panel/esmfold_pdb/YP_010102161.1.pdb
YP_009100281.1	48	completed	runs/v2_full_test_evidence_regime/structure_panel/esmfold_pdb/YP_009100281.1.pdb
YP_012054210.1	55	completed	runs/v2_full_test_evidence_regime/structure_panel/esmfold_pdb/YP_012054210.1.pdb
YP_009850205.1	246	completed	runs/v2_full_test_evidence_regime/structure_panel/esmfold_pdb/YP_009850205.1.pdb
YP_009883576.1	244	completed	runs/v2_full_test_evidence_regime/structure_panel/esmfold_pdb/YP_009883576.1.pdb
YP_010060745.1	170	completed	runs/v2_full_test_evidence_regime/structure_panel/esmfold_pdb/YP_010060745.1.pdb
YP_010680959.1	145	completed	runs/v2_full_test_evidence_regime/structure_panel/esmfold_pdb/YP_010680959.1.pdb
YP_009837719.1	143	completed	runs/v2_full_test_evidence_regime/structure_panel/esmfold_pdb/YP_009837719.1.pdb
YP_007349085.1	255	completed	runs/v2_full_test_evidence_regime/structure_panel/esmfold_pdb/YP_007349085.1.pdb
YP_006488840.2	62	completed	runs/v2_full_test_evidence_regime/structure_panel/esmfold_pdb/YP_006488840.2.pdb
YP_010749260.1	87	completed	runs/v2_full_test_evidence_regime/structure_panel/esmfold_pdb/YP_010749260.1.pdb
YP_010105430.1	84	completed	runs/v2_full_test_evidence_regime/structure_panel/esmfold_pdb/YP_010105430.1.pdb
YP_009198839.1	76	completed	runs/v2_full_test_evidence_regime/structure_panel/esmfold_pdb/YP_009198839.1.pdb
YP_009150112.1	182	completed	runs/v2_full_test_evidence_regime/structure_panel/esmfold_pdb/YP_009150112.1.pdb
YP_009147630.1	248	completed	runs/v2_full_test_evidence_regime/structure_panel/esmfold_pdb/YP_009147630.1.pdb
NP_047226.1	129	completed	runs/v2_full_test_evidence_regime/structure_panel/esmfold_pdb/NP_047226.1.pdb
YP_011879400.1	162	completed	runs/v2_full_test_evidence_regime/structure_panel/esmfold_pdb/YP_011879400.1.pdb
YP_009597368.1	156	completed	runs/v2_full_test_evidence_regime/structure_panel/esmfold_pdb/YP_009597368.1.pdb
YP_010114425.1	332	completed	runs/v2_full_test_evidence_regime/structure_panel/esmfold_pdb/YP_010114425.1.pdb
YP_010747720.1	129	completed	runs/v2_full_test_evidence_regime/structure_panel/esmfold_pdb/YP_010747720.1.pdb
YP_006489174.1	233	completed	runs/v2_full_test_evidence_regime/structure_panel/esmfold_pdb/YP_006489174.1.pdb
YP_010013008.1	259	completed	runs/v2_full_test_evidence_regime/structure_panel/esmfold_pdb/YP_010013008.1.pdb
YP_009822392.1	759	completed	runs/v2_full_test_evidence_regime/structure_panel/esmfold_pdb/YP_009822392.1.pdb
YP_010112236.1	399	completed	runs/v2_full_test_evidence_regime/structure_panel/esmfold_pdb/YP_010112236.1.pdb
NP_803148.1	127	completed	runs/v2_full_test_evidence_regime/structure_panel/esmfold_pdb/NP_803148.1.pdb
YP_009838087.1	69	completed	runs/v2_full_test_evidence_regime/structure_panel/esmfold_pdb/YP_009838087.1.pdb
YP_009129262.1	375	completed	runs/v2_full_test_evidence_regime/structure_panel/esmfold_pdb/YP_009129262.1.pdb
YP_008992049.1	107	completed	runs/v2_full_test_evidence_regime/structure_panel/esmfold_pdb/YP_008992049.1.pdb
YP_010109432.1	57	completed	runs/v2_full_test_evidence_regime/structure_panel/esmfold_pdb/YP_010109432.1.pdb
YP_009198484.1	97	completed	runs/v2_full_test_evidence_regime/structure_panel/esmfold_pdb/YP_009198484.1.pdb
YP_010100832.1	232	completed	runs/v2_full_test_evidence_regime/structure_panel/esmfold_pdb/YP_010100832.1.pdb
YP_009903246.1	85	completed	runs/v2_full_test_evidence_regime/structure_panel/esmfold_pdb/YP_009903246.1.pdb
YP_009702731.1	360	completed	runs/v2_full_test_evidence_regime/structure_panel/esmfold_pdb/YP_009702731.1.pdb
YP_010060078.1	60	completed	runs/v2_full_test_evidence_regime/structure_panel/esmfold_pdb/YP_010060078.1.pdb
YP_009846031.1	156	completed	runs/v2_full_test_evidence_regime/structure_panel/esmfold_pdb/YP_009846031.1.pdb
YP_009597351.1	161	completed	runs/v2_full_test_evidence_regime/structure_panel/esmfold_pdb/YP_009597351.1.pdb
YP_009044397.1	302	completed	runs/v2_full_test_evidence_regime/structure_panel/esmfold_pdb/YP_009044397.1.pdb
YP_009902711.1	71	completed	runs/v2_full_test_evidence_regime/structure_panel/esmfold_pdb/YP_009902711.1.pdb
YP_009787600.1	167	completed	runs/v2_full_test_evidence_regime/structure_panel/esmfold_pdb/YP_009787600.1.pdb
YP_010051036.1	198	completed	runs/v2_full_test_evidence_regime/structure_panel/esmfold_pdb/YP_010051036.1.pdb
YP_009796174.1	177	completed	runs/v2_full_test_evidence_regime/structure_panel/esmfold_pdb/YP_009796174.1.pdb
YP_010746411.1	389	completed	runs/v2_full_test_evidence_regime/structure_panel/esmfold_pdb/YP_010746411.1.pdb
YP_004538961.1	304	completed	runs/v2_full_test_evidence_regime/structure_panel/esmfold_pdb/YP_004538961.1.pdb
YP_010052572.1	494	completed	runs/v2_full_test_evidence_regime/structure_panel/esmfold_pdb/YP_010052572.1.pdb
YP_010103633.1	1837	completed	runs/v2_full_test_evidence_regime/structure_panel/esmfold_pdb/YP_010103633.1.pdb
YP_009113165.1	131	completed	runs/v2_full_test_evidence_regime/structure_panel/esmfold_pdb/YP_009113165.1.pdb
YP_010060799.1	320	completed	runs/v2_full_test_evidence_regime/structure_panel/esmfold_pdb/YP_010060799.1.pdb
YP_009177307.1	402	completed	runs/v2_full_test_evidence_regime/structure_panel/esmfold_pdb/YP_009177307.1.pdb
YP_009598344.1	704	completed	runs/v2_full_test_evidence_regime/structure_panel/esmfold_pdb/YP_009598344.1.pdb
YP_010012986.1	304	completed	runs/v2_full_test_evidence_regime/structure_panel/esmfold_pdb/YP_010012986.1.pdb
YP_010754328.1	189	completed	runs/v2_full_test_evidence_regime/structure_panel/esmfold_pdb/YP_010754328.1.pdb
YP_009822514.1	667	completed	runs/v2_full_test_evidence_regime/structure_panel/esmfold_pdb/YP_009822514.1.pdb
YP_009824797.1	665	completed	runs/v2_full_test_evidence_regime/structure_panel/esmfold_pdb/YP_009824797.1.pdb
YP_009818314.1	142	completed	runs/v2_full_test_evidence_regime/structure_panel/esmfold_pdb/YP_009818314.1.pdb
YP_010012734.1	165	completed	runs/v2_full_test_evidence_regime/structure_panel/esmfold_pdb/YP_010012734.1.pdb
YP_009607668.1	154	completed	runs/v2_full_test_evidence_regime/structure_panel/esmfold_pdb/YP_009607668.1.pdb
NP_944848.1	294	completed	runs/v2_full_test_evidence_regime/structure_panel/esmfold_pdb/NP_944848.1.pdb
YP_010754322.1	109	completed	runs/v2_full_test_evidence_regime/structure_panel/esmfold_pdb/YP_010754322.1.pdb
YP_009017758.1	531	completed	runs/v2_full_test_evidence_regime/structure_panel/esmfold_pdb/YP_009017758.1.pdb
YP_009098374.1	228	completed	runs/v2_full_test_evidence_regime/structure_panel/esmfold_pdb/YP_009098374.1.pdb
YP_010746805.1	93	completed	runs/v2_full_test_evidence_regime/structure_panel/esmfold_pdb/YP_010746805.1.pdb
YP_010012473.1	273	completed	runs/v2_full_test_evidence_regime/structure_panel/esmfold_pdb/YP_010012473.1.pdb
YP_009851256.1	200	completed	runs/v2_full_test_evidence_regime/structure_panel/esmfold_pdb/YP_009851256.1.pdb
YP_009215226.1	3272	missing_or_failed	
YP_009848300.1	172	completed	runs/v2_full_test_evidence_regime/structure_panel/esmfold_pdb/YP_009848300.1.pdb
YP_010653947.1	127	completed	runs/v2_full_test_evidence_regime/structure_panel/esmfold_pdb/YP_010653947.1.pdb
YP_009808719.1	143	completed	runs/v2_full_test_evidence_regime/structure_panel/esmfold_pdb/YP_009808719.1.pdb
YP_007010613.1	108	completed	runs/v2_full_test_evidence_regime/structure_panel/esmfold_pdb/YP_007010613.1.pdb
YP_009197012.1	1808	completed	runs/v2_full_test_evidence_regime/structure_panel/esmfold_pdb/YP_009197012.1.pdb
YP_010653384.1	510	completed	runs/v2_full_test_evidence_regime/structure_panel/esmfold_pdb/YP_010653384.1.pdb
YP_010748158.1	684	completed	runs/v2_full_test_evidence_regime/structure_panel/esmfold_pdb/YP_010748158.1.pdb
YP_010060152.1	119	completed	runs/v2_full_test_evidence_regime/structure_panel/esmfold_pdb/YP_010060152.1.pdb
YP_009207683.1	135	completed	runs/v2_full_test_evidence_regime/structure_panel/esmfold_pdb/YP_009207683.1.pdb
YP_009196669.1	114	completed	runs/v2_full_test_evidence_regime/structure_panel/esmfold_pdb/YP_009196669.1.pdb
YP_005098154.1	171	completed	runs/v2_full_test_evidence_regime/structure_panel/esmfold_pdb/YP_005098154.1.pdb
YP_010103046.1	390	completed	runs/v2_full_test_evidence_regime/structure_panel/esmfold_pdb/YP_010103046.1.pdb
YP_010749516.1	131	completed	runs/v2_full_test_evidence_regime/structure_panel/esmfold_pdb/YP_010749516.1.pdb
YP_010101324.1	589	completed	runs/v2_full_test_evidence_regime/structure_panel/esmfold_pdb/YP_010101324.1.pdb
YP_010104251.1	198	completed	runs/v2_full_test_evidence_regime/structure_panel/esmfold_pdb/YP_010104251.1.pdb
YP_009616015.1	686	completed	runs/v2_full_test_evidence_regime/structure_panel/esmfold_pdb/YP_009616015.1.pdb
YP_007010471.1	139	completed	runs/v2_full_test_evidence_regime/structure_panel/esmfold_pdb/YP_007010471.1.pdb
YP_008767201.1	852	completed	runs/v2_full_test_evidence_regime/structure_panel/esmfold_pdb/YP_008767201.1.pdb
YP_009206140.1	762	completed	runs/v2_full_test_evidence_regime/structure_panel/esmfold_pdb/YP_009206140.1.pdb
YP_010747008.1	684	completed	runs/v2_full_test_evidence_regime/structure_panel/esmfold_pdb/YP_010747008.1.pdb
YP_010103635.1	588	completed	runs/v2_full_test_evidence_regime/structure_panel/esmfold_pdb/YP_010103635.1.pdb
YP_009621728.1	377	completed	runs/v2_full_test_evidence_regime/structure_panel/esmfold_pdb/YP_009621728.1.pdb
YP_009903476.1	108	completed	runs/v2_full_test_evidence_regime/structure_panel/esmfold_pdb/YP_009903476.1.pdb
YP_010050959.1	280	completed	runs/v2_full_test_evidence_regime/structure_panel/esmfold_pdb/YP_010050959.1.pdb
YP_009818764.1	102	completed	runs/v2_full_test_evidence_regime/structure_panel/esmfold_pdb/YP_009818764.1.pdb
YP_010653739.1	125	completed	runs/v2_full_test_evidence_regime/structure_panel/esmfold_pdb/YP_010653739.1.pdb
YP_009908503.1	244	completed	runs/v2_full_test_evidence_regime/structure_panel/esmfold_pdb/YP_009908503.1.pdb
YP_009907938.1	244	completed	runs/v2_full_test_evidence_regime/structure_panel/esmfold_pdb/YP_009907938.1.pdb
YP_794075.1	205	completed	runs/v2_full_test_evidence_regime/structure_panel/esmfold_pdb/YP_794075.1.pdb
YP_006488807.1	159	completed	runs/v2_full_test_evidence_regime/structure_panel/esmfold_pdb/YP_006488807.1.pdb
YP_010653460.1	168	completed	runs/v2_full_test_evidence_regime/structure_panel/esmfold_pdb/YP_010653460.1.pdb
YP_009887219.1	152	completed	runs/v2_full_test_evidence_regime/structure_panel/esmfold_pdb/YP_009887219.1.pdb
YP_009908502.1	205	completed	runs/v2_full_test_evidence_regime/structure_panel/esmfold_pdb/YP_009908502.1.pdb
YP_010657857.1	104	completed	runs/v2_full_test_evidence_regime/structure_panel/esmfold_pdb/YP_010657857.1.pdb
YP_009796298.1	185	completed	runs/v2_full_test_evidence_regime/structure_panel/esmfold_pdb/YP_009796298.1.pdb
YP_009601960.1	244	completed	runs/v2_full_test_evidence_regime/structure_panel/esmfold_pdb/YP_009601960.1.pdb
YP_009902879.1	102	completed	runs/v2_full_test_evidence_regime/structure_panel/esmfold_pdb/YP_009902879.1.pdb
YP_009837005.1	110	completed	runs/v2_full_test_evidence_regime/structure_panel/esmfold_pdb/YP_009837005.1.pdb
YP_010061456.1	112	completed	runs/v2_full_test_evidence_regime/structure_panel/esmfold_pdb/YP_010061456.1.pdb
YP_009902880.1	219	completed	runs/v2_full_test_evidence_regime/structure_panel/esmfold_pdb/YP_009902880.1.pdb
YP_009551810.1	184	completed	runs/v2_full_test_evidence_regime/structure_panel/esmfold_pdb/YP_009551810.1.pdb
YP_010114959.1	104	completed	runs/v2_full_test_evidence_regime/structure_panel/esmfold_pdb/YP_010114959.1.pdb
YP_010747768.1	59	completed	runs/v2_full_test_evidence_regime/structure_panel/esmfold_pdb/YP_010747768.1.pdb
YP_009824804.1	183	completed	runs/v2_full_test_evidence_regime/structure_panel/esmfold_pdb/YP_009824804.1.pdb
YP_009792116.1	219	completed	runs/v2_full_test_evidence_regime/structure_panel/esmfold_pdb/YP_009792116.1.pdb
YP_004010270.1	153	completed	runs/v2_full_test_evidence_regime/structure_panel/esmfold_pdb/YP_004010270.1.pdb
YP_009902754.1	102	completed	runs/v2_full_test_evidence_regime/structure_panel/esmfold_pdb/YP_009902754.1.pdb
NP_065537.1	374	completed	runs/v2_full_test_evidence_regime/structure_panel/esmfold_pdb/NP_065537.1.pdb
YP_009818325.1	226	completed	runs/v2_full_test_evidence_regime/structure_panel/esmfold_pdb/YP_009818325.1.pdb
YP_009100286.1	244	completed	runs/v2_full_test_evidence_regime/structure_panel/esmfold_pdb/YP_009100286.1.pdb
YP_009908238.1	97	completed	runs/v2_full_test_evidence_regime/structure_panel/esmfold_pdb/YP_009908238.1.pdb
YP_009798827.1	85	completed	runs/v2_full_test_evidence_regime/structure_panel/esmfold_pdb/YP_009798827.1.pdb
YP_009815853.1	115	completed	runs/v2_full_test_evidence_regime/structure_panel/esmfold_pdb/YP_009815853.1.pdb
YP_009908176.1	205	completed	runs/v2_full_test_evidence_regime/structure_panel/esmfold_pdb/YP_009908176.1.pdb
YP_009791646.1	102	completed	runs/v2_full_test_evidence_regime/structure_panel/esmfold_pdb/YP_009791646.1.pdb
YP_010653543.1	67	completed	runs/v2_full_test_evidence_regime/structure_panel/esmfold_pdb/YP_010653543.1.pdb
YP_009886404.1	153	completed	runs/v2_full_test_evidence_regime/structure_panel/esmfold_pdb/YP_009886404.1.pdb
YP_009908325.1	205	completed	runs/v2_full_test_evidence_regime/structure_panel/esmfold_pdb/YP_009908325.1.pdb
YP_794058.1	97	completed	runs/v2_full_test_evidence_regime/structure_panel/esmfold_pdb/YP_794058.1.pdb
YP_010653453.1	126	completed	runs/v2_full_test_evidence_regime/structure_panel/esmfold_pdb/YP_010653453.1.pdb
YP_009908257.1	244	completed	runs/v2_full_test_evidence_regime/structure_panel/esmfold_pdb/YP_009908257.1.pdb
NP_049524.1	75	completed	runs/v2_full_test_evidence_regime/structure_panel/esmfold_pdb/NP_049524.1.pdb
YP_009902494.1	219	completed	runs/v2_full_test_evidence_regime/structure_panel/esmfold_pdb/YP_009902494.1.pdb
YP_009846090.1	140	completed	runs/v2_full_test_evidence_regime/structure_panel/esmfold_pdb/YP_009846090.1.pdb
YP_010746050.1	59	completed	runs/v2_full_test_evidence_regime/structure_panel/esmfold_pdb/YP_010746050.1.pdb
YP_009180940.1	97	completed	runs/v2_full_test_evidence_regime/structure_panel/esmfold_pdb/YP_009180940.1.pdb
YP_009818324.1	99	completed	runs/v2_full_test_evidence_regime/structure_panel/esmfold_pdb/YP_009818324.1.pdb
NP_859282.1	205	completed	runs/v2_full_test_evidence_regime/structure_panel/esmfold_pdb/NP_859282.1.pdb
YP_009908418.1	244	completed	runs/v2_full_test_evidence_regime/structure_panel/esmfold_pdb/YP_009908418.1.pdb
YP_009666203.1	318	completed	runs/v2_full_test_evidence_regime/structure_panel/esmfold_pdb/YP_009666203.1.pdb
YP_009853286.1	79	completed	runs/v2_full_test_evidence_regime/structure_panel/esmfold_pdb/YP_009853286.1.pdb
YP_010061462.1	62	completed	runs/v2_full_test_evidence_regime/structure_panel/esmfold_pdb/YP_010061462.1.pdb
NP_859280.1	75	completed	runs/v2_full_test_evidence_regime/structure_panel/esmfold_pdb/NP_859280.1.pdb
YP_009907861.1	205	completed	runs/v2_full_test_evidence_regime/structure_panel/esmfold_pdb/YP_009907861.1.pdb
YP_009597319.1	752	completed	runs/v2_full_test_evidence_regime/structure_panel/esmfold_pdb/YP_009597319.1.pdb
YP_009277136.1	443	completed	runs/v2_full_test_evidence_regime/structure_panel/esmfold_pdb/YP_009277136.1.pdb
YP_009617284.1	269	completed	runs/v2_full_test_evidence_regime/structure_panel/esmfold_pdb/YP_009617284.1.pdb
YP_010112567.1	279	completed	runs/v2_full_test_evidence_regime/structure_panel/esmfold_pdb/YP_010112567.1.pdb
YP_010582399.1	479	completed	runs/v2_full_test_evidence_regime/structure_panel/esmfold_pdb/YP_010582399.1.pdb
YP_008410945.1	421	completed	runs/v2_full_test_evidence_regime/structure_panel/esmfold_pdb/YP_008410945.1.pdb
YP_004323526.1	455	completed	runs/v2_full_test_evidence_regime/structure_panel/esmfold_pdb/YP_004323526.1.pdb
YP_010582332.1	765	completed	runs/v2_full_test_evidence_regime/structure_panel/esmfold_pdb/YP_010582332.1.pdb
YP_010749236.1	747	completed	runs/v2_full_test_evidence_regime/structure_panel/esmfold_pdb/YP_010749236.1.pdb
YP_009597311.1	474	completed	runs/v2_full_test_evidence_regime/structure_panel/esmfold_pdb/YP_009597311.1.pdb
YP_010085918.1	776	completed	runs/v2_full_test_evidence_regime/structure_panel/esmfold_pdb/YP_010085918.1.pdb
YP_009903413.1	681	completed	runs/v2_full_test_evidence_regime/structure_panel/esmfold_pdb/YP_009903413.1.pdb
YP_009702353.1	1133	completed	runs/v2_full_test_evidence_regime/structure_panel/esmfold_pdb/YP_009702353.1.pdb
YP_009842039.1	227	completed	runs/v2_full_test_evidence_regime/structure_panel/esmfold_pdb/YP_009842039.1.pdb
YP_006489041.1	216	completed	runs/v2_full_test_evidence_regime/structure_panel/esmfold_pdb/YP_006489041.1.pdb
YP_438166.1	830	completed	runs/v2_full_test_evidence_regime/structure_panel/esmfold_pdb/YP_438166.1.pdb
YP_011217172.1	753	completed	runs/v2_full_test_evidence_regime/structure_panel/esmfold_pdb/YP_011217172.1.pdb
YP_009703178.1	509	completed	runs/v2_full_test_evidence_regime/structure_panel/esmfold_pdb/YP_009703178.1.pdb
YP_008859090.1	268	completed	runs/v2_full_test_evidence_regime/structure_panel/esmfold_pdb/YP_008859090.1.pdb
YP_009833109.1	515	completed	runs/v2_full_test_evidence_regime/structure_panel/esmfold_pdb/YP_009833109.1.pdb
YP_010747964.1	474	completed	runs/v2_full_test_evidence_regime/structure_panel/esmfold_pdb/YP_010747964.1.pdb
YP_009822423.1	475	completed	runs/v2_full_test_evidence_regime/structure_panel/esmfold_pdb/YP_009822423.1.pdb
YP_009856330.1	413	completed	runs/v2_full_test_evidence_regime/structure_panel/esmfold_pdb/YP_009856330.1.pdb
YP_011217186.1	474	completed	runs/v2_full_test_evidence_regime/structure_panel/esmfold_pdb/YP_011217186.1.pdb
YP_010660727.1	269	completed	runs/v2_full_test_evidence_regime/structure_panel/esmfold_pdb/YP_010660727.1.pdb
YP_010582120.1	766	completed	runs/v2_full_test_evidence_regime/structure_panel/esmfold_pdb/YP_010582120.1.pdb
NP_733888.1	828	completed	runs/v2_full_test_evidence_regime/structure_panel/esmfold_pdb/NP_733888.1.pdb
YP_009616048.1	505	completed	runs/v2_full_test_evidence_regime/structure_panel/esmfold_pdb/YP_009616048.1.pdb
YP_009300955.1	755	completed	runs/v2_full_test_evidence_regime/structure_panel/esmfold_pdb/YP_009300955.1.pdb
YP_010085991.1	825	completed	runs/v2_full_test_evidence_regime/structure_panel/esmfold_pdb/YP_010085991.1.pdb
YP_009843053.1	510	completed	runs/v2_full_test_evidence_regime/structure_panel/esmfold_pdb/YP_009843053.1.pdb
YP_009197858.1	522	completed	runs/v2_full_test_evidence_regime/structure_panel/esmfold_pdb/YP_009197858.1.pdb
YP_009798819.1	475	completed	runs/v2_full_test_evidence_regime/structure_panel/esmfold_pdb/YP_009798819.1.pdb
YP_009187877.1	506	completed	runs/v2_full_test_evidence_regime/structure_panel/esmfold_pdb/YP_009187877.1.pdb
YP_007002877.1	420	completed	runs/v2_full_test_evidence_regime/structure_panel/esmfold_pdb/YP_007002877.1.pdb
YP_009903558.1	678	completed	runs/v2_full_test_evidence_regime/structure_panel/esmfold_pdb/YP_009903558.1.pdb
YP_009017294.1	421	completed	runs/v2_full_test_evidence_regime/structure_panel/esmfold_pdb/YP_009017294.1.pdb
YP_010084406.1	782	completed	runs/v2_full_test_evidence_regime/structure_panel/esmfold_pdb/YP_010084406.1.pdb
YP_004322426.1	186	completed	runs/v2_full_test_evidence_regime/structure_panel/esmfold_pdb/YP_004322426.1.pdb
YP_010748058.1	446	completed	runs/v2_full_test_evidence_regime/structure_panel/esmfold_pdb/YP_010748058.1.pdb
YP_002922891.1	661	completed	runs/v2_full_test_evidence_regime/structure_panel/esmfold_pdb/YP_002922891.1.pdb
YP_010745873.1	462	completed	runs/v2_full_test_evidence_regime/structure_panel/esmfold_pdb/YP_010745873.1.pdb
YP_024988.1	489	completed	runs/v2_full_test_evidence_regime/structure_panel/esmfold_pdb/YP_024988.1.pdb
YP_010582444.1	765	completed	runs/v2_full_test_evidence_regime/structure_panel/esmfold_pdb/YP_010582444.1.pdb
YP_010747711.1	474	completed	runs/v2_full_test_evidence_regime/structure_panel/esmfold_pdb/YP_010747711.1.pdb
YP_009808750.1	522	completed	runs/v2_full_test_evidence_regime/structure_panel/esmfold_pdb/YP_009808750.1.pdb
YP_009855255.1	608	completed	runs/v2_full_test_evidence_regime/structure_panel/esmfold_pdb/YP_009855255.1.pdb
YP_010801358.1	810	completed	runs/v2_full_test_evidence_regime/structure_panel/esmfold_pdb/YP_010801358.1.pdb
YP_011217306.1	752	completed	runs/v2_full_test_evidence_regime/structure_panel/esmfold_pdb/YP_011217306.1.pdb
YP_009284881.1	522	completed	runs/v2_full_test_evidence_regime/structure_panel/esmfold_pdb/YP_009284881.1.pdb
YP_008873443.1	215	completed	runs/v2_full_test_evidence_regime/structure_panel/esmfold_pdb/YP_008873443.1.pdb
YP_010012844.1	352	completed	runs/v2_full_test_evidence_regime/structure_panel/esmfold_pdb/YP_010012844.1.pdb
YP_009902654.1	376	completed	runs/v2_full_test_evidence_regime/structure_panel/esmfold_pdb/YP_009902654.1.pdb
YP_009618577.1	449	completed	runs/v2_full_test_evidence_regime/structure_panel/esmfold_pdb/YP_009618577.1.pdb
NP_740449.1	150	completed	runs/v2_full_test_evidence_regime/structure_panel/esmfold_pdb/NP_740449.1.pdb
YP_009883479.1	221	completed	runs/v2_full_test_evidence_regime/structure_panel/esmfold_pdb/YP_009883479.1.pdb
YP_009638098.1	279	completed	runs/v2_full_test_evidence_regime/structure_panel/esmfold_pdb/YP_009638098.1.pdb
YP_009600445.1	448	completed	runs/v2_full_test_evidence_regime/structure_panel/esmfold_pdb/YP_009600445.1.pdb
NP_740524.1	182	completed	runs/v2_full_test_evidence_regime/structure_panel/esmfold_pdb/NP_740524.1.pdb
YP_009607572.1	337	completed	runs/v2_full_test_evidence_regime/structure_panel/esmfold_pdb/YP_009607572.1.pdb
YP_009230221.1	435	completed	runs/v2_full_test_evidence_regime/structure_panel/esmfold_pdb/YP_009230221.1.pdb
YP_009796399.1	221	completed	runs/v2_full_test_evidence_regime/structure_panel/esmfold_pdb/YP_009796399.1.pdb
YP_009886956.1	232	completed	runs/v2_full_test_evidence_regime/structure_panel/esmfold_pdb/YP_009886956.1.pdb
YP_010052582.1	379	completed	runs/v2_full_test_evidence_regime/structure_panel/esmfold_pdb/YP_010052582.1.pdb
YP_009902563.1	376	completed	runs/v2_full_test_evidence_regime/structure_panel/esmfold_pdb/YP_009902563.1.pdb
YP_009198783.1	279	completed	runs/v2_full_test_evidence_regime/structure_panel/esmfold_pdb/YP_009198783.1.pdb
YP_004009544.1	218	completed	runs/v2_full_test_evidence_regime/structure_panel/esmfold_pdb/YP_004009544.1.pdb
YP_009903284.1	376	completed	runs/v2_full_test_evidence_regime/structure_panel/esmfold_pdb/YP_009903284.1.pdb
YP_009304671.1	235	completed	runs/v2_full_test_evidence_regime/structure_panel/esmfold_pdb/YP_009304671.1.pdb
YP_009836910.1	239	completed	runs/v2_full_test_evidence_regime/structure_panel/esmfold_pdb/YP_009836910.1.pdb
YP_009273942.1	266	completed	runs/v2_full_test_evidence_regime/structure_panel/esmfold_pdb/YP_009273942.1.pdb
YP_010653943.1	402	completed	runs/v2_full_test_evidence_regime/structure_panel/esmfold_pdb/YP_010653943.1.pdb
YP_009230247.1	280	completed	runs/v2_full_test_evidence_regime/structure_panel/esmfold_pdb/YP_009230247.1.pdb
YP_010357042.1	429	completed	runs/v2_full_test_evidence_regime/structure_panel/esmfold_pdb/YP_010357042.1.pdb
YP_009200796.1	448	completed	runs/v2_full_test_evidence_regime/structure_panel/esmfold_pdb/YP_009200796.1.pdb
YP_009815763.1	251	completed	runs/v2_full_test_evidence_regime/structure_panel/esmfold_pdb/YP_009815763.1.pdb
YP_009822534.1	221	completed	runs/v2_full_test_evidence_regime/structure_panel/esmfold_pdb/YP_009822534.1.pdb
YP_009789547.1	257	completed	runs/v2_full_test_evidence_regime/structure_panel/esmfold_pdb/YP_009789547.1.pdb
YP_008126253.1	279	completed	runs/v2_full_test_evidence_regime/structure_panel/esmfold_pdb/YP_008126253.1.pdb
YP_010060891.1	279	completed	runs/v2_full_test_evidence_regime/structure_panel/esmfold_pdb/YP_010060891.1.pdb
YP_009223913.1	388	completed	runs/v2_full_test_evidence_regime/structure_panel/esmfold_pdb/YP_009223913.1.pdb
YP_008857947.1	279	completed	runs/v2_full_test_evidence_regime/structure_panel/esmfold_pdb/YP_008857947.1.pdb
YP_010653793.1	404	completed	runs/v2_full_test_evidence_regime/structure_panel/esmfold_pdb/YP_010653793.1.pdb
YP_009362870.1	435	completed	runs/v2_full_test_evidence_regime/structure_panel/esmfold_pdb/YP_009362870.1.pdb
YP_010761389.1	371	completed	runs/v2_full_test_evidence_regime/structure_panel/esmfold_pdb/YP_010761389.1.pdb
YP_009845811.1	218	completed	runs/v2_full_test_evidence_regime/structure_panel/esmfold_pdb/YP_009845811.1.pdb
YP_009617261.1	279	completed	runs/v2_full_test_evidence_regime/structure_panel/esmfold_pdb/YP_009617261.1.pdb
YP_009207676.1	279	completed	runs/v2_full_test_evidence_regime/structure_panel/esmfold_pdb/YP_009207676.1.pdb
YP_001285678.1	245	completed	runs/v2_full_test_evidence_regime/structure_panel/esmfold_pdb/YP_001285678.1.pdb
YP_009884751.1	221	completed	runs/v2_full_test_evidence_regime/structure_panel/esmfold_pdb/YP_009884751.1.pdb
YP_009618708.1	448	completed	runs/v2_full_test_evidence_regime/structure_panel/esmfold_pdb/YP_009618708.1.pdb
YP_009616031.1	221	completed	runs/v2_full_test_evidence_regime/structure_panel/esmfold_pdb/YP_009616031.1.pdb
YP_009219076.1	279	completed	runs/v2_full_test_evidence_regime/structure_panel/esmfold_pdb/YP_009219076.1.pdb
YP_010681344.1	475	completed	runs/v2_full_test_evidence_regime/structure_panel/esmfold_pdb/YP_010681344.1.pdb
YP_004538950.1	352	completed	runs/v2_full_test_evidence_regime/structure_panel/esmfold_pdb/YP_004538950.1.pdb
YP_010679870.1	200	completed	runs/v2_full_test_evidence_regime/structure_panel/esmfold_pdb/YP_010679870.1.pdb
YP_009889817.1	232	completed	runs/v2_full_test_evidence_regime/structure_panel/esmfold_pdb/YP_009889817.1.pdb
YP_008532063.1	222	completed	runs/v2_full_test_evidence_regime/structure_panel/esmfold_pdb/YP_008532063.1.pdb
YP_010101978.1	405	completed	runs/v2_full_test_evidence_regime/structure_panel/esmfold_pdb/YP_010101978.1.pdb
YP_010051028.1	266	completed	runs/v2_full_test_evidence_regime/structure_panel/esmfold_pdb/YP_010051028.1.pdb
YP_009796725.1	469	completed	runs/v2_full_test_evidence_regime/structure_panel/esmfold_pdb/YP_009796725.1.pdb
YP_010102165.1	528	completed	runs/v2_full_test_evidence_regime/structure_panel/esmfold_pdb/YP_010102165.1.pdb
YP_010745842.1	490	completed	runs/v2_full_test_evidence_regime/structure_panel/esmfold_pdb/YP_010745842.1.pdb
YP_950537.1	763	completed	runs/v2_full_test_evidence_regime/structure_panel/esmfold_pdb/YP_950537.1.pdb
YP_009597281.1	194	completed	runs/v2_full_test_evidence_regime/structure_panel/esmfold_pdb/YP_009597281.1.pdb
YP_007673752.1	560	completed	runs/v2_full_test_evidence_regime/structure_panel/esmfold_pdb/YP_007673752.1.pdb
YP_010747599.1	489	completed	runs/v2_full_test_evidence_regime/structure_panel/esmfold_pdb/YP_010747599.1.pdb
YP_007349029.1	232	completed	runs/v2_full_test_evidence_regime/structure_panel/esmfold_pdb/YP_007349029.1.pdb
YP_010103023.1	528	completed	runs/v2_full_test_evidence_regime/structure_panel/esmfold_pdb/YP_010103023.1.pdb
YP_009618705.1	488	completed	runs/v2_full_test_evidence_regime/structure_panel/esmfold_pdb/YP_009618705.1.pdb
YP_009042742.1	170	completed	runs/v2_full_test_evidence_regime/structure_panel/esmfold_pdb/YP_009042742.1.pdb
YP_009855188.1	147	completed	runs/v2_full_test_evidence_regime/structure_panel/esmfold_pdb/YP_009855188.1.pdb
YP_007673760.1	139	completed	runs/v2_full_test_evidence_regime/structure_panel/esmfold_pdb/YP_007673760.1.pdb
YP_010084405.1	575	completed	runs/v2_full_test_evidence_regime/structure_panel/esmfold_pdb/YP_010084405.1.pdb
YP_009854979.1	147	completed	runs/v2_full_test_evidence_regime/structure_panel/esmfold_pdb/YP_009854979.1.pdb
YP_009817785.1	174	completed	runs/v2_full_test_evidence_regime/structure_panel/esmfold_pdb/YP_009817785.1.pdb
YP_010077854.1	420	completed	runs/v2_full_test_evidence_regime/structure_panel/esmfold_pdb/YP_010077854.1.pdb
YP_010660684.1	503	completed	runs/v2_full_test_evidence_regime/structure_panel/esmfold_pdb/YP_010660684.1.pdb
YP_009198782.1	477	completed	runs/v2_full_test_evidence_regime/structure_panel/esmfold_pdb/YP_009198782.1.pdb
YP_008857945.1	592	completed	runs/v2_full_test_evidence_regime/structure_panel/esmfold_pdb/YP_008857945.1.pdb
YP_009322817.1	423	completed	runs/v2_full_test_evidence_regime/structure_panel/esmfold_pdb/YP_009322817.1.pdb
YP_009837648.1	216	completed	runs/v2_full_test_evidence_regime/structure_panel/esmfold_pdb/YP_009837648.1.pdb
YP_009880943.1	582	completed	runs/v2_full_test_evidence_regime/structure_panel/esmfold_pdb/YP_009880943.1.pdb
YP_008532061.1	560	completed	runs/v2_full_test_evidence_regime/structure_panel/esmfold_pdb/YP_008532061.1.pdb
YP_009004299.1	415	completed	runs/v2_full_test_evidence_regime/structure_panel/esmfold_pdb/YP_009004299.1.pdb
YP_009819272.1	623	completed	runs/v2_full_test_evidence_regime/structure_panel/esmfold_pdb/YP_009819272.1.pdb
YP_010582425.1	497	completed	runs/v2_full_test_evidence_regime/structure_panel/esmfold_pdb/YP_010582425.1.pdb
YP_009824777.1	654	completed	runs/v2_full_test_evidence_regime/structure_panel/esmfold_pdb/YP_009824777.1.pdb
YP_009203071.1	584	completed	runs/v2_full_test_evidence_regime/structure_panel/esmfold_pdb/YP_009203071.1.pdb
YP_009637913.1	477	completed	runs/v2_full_test_evidence_regime/structure_panel/esmfold_pdb/YP_009637913.1.pdb
YP_009798812.1	220	completed	runs/v2_full_test_evidence_regime/structure_panel/esmfold_pdb/YP_009798812.1.pdb
YP_010012971.1	129	completed	runs/v2_full_test_evidence_regime/structure_panel/esmfold_pdb/YP_010012971.1.pdb
YP_009854981.1	403	completed	runs/v2_full_test_evidence_regime/structure_panel/esmfold_pdb/YP_009854981.1.pdb
YP_009284916.1	174	completed	runs/v2_full_test_evidence_regime/structure_panel/esmfold_pdb/YP_009284916.1.pdb
YP_009324603.1	533	completed	runs/v2_full_test_evidence_regime/structure_panel/esmfold_pdb/YP_009324603.1.pdb
YP_009608623.1	491	completed	runs/v2_full_test_evidence_regime/structure_panel/esmfold_pdb/YP_009608623.1.pdb
YP_010653647.1	110	completed	runs/v2_full_test_evidence_regime/structure_panel/esmfold_pdb/YP_010653647.1.pdb
YP_009321521.1	432	completed	runs/v2_full_test_evidence_regime/structure_panel/esmfold_pdb/YP_009321521.1.pdb
YP_010747192.1	423	completed	runs/v2_full_test_evidence_regime/structure_panel/esmfold_pdb/YP_010747192.1.pdb
YP_010681492.1	568	completed	runs/v2_full_test_evidence_regime/structure_panel/esmfold_pdb/YP_010681492.1.pdb
YP_009902858.1	436	completed	runs/v2_full_test_evidence_regime/structure_panel/esmfold_pdb/YP_009902858.1.pdb
YP_009638097.1	477	completed	runs/v2_full_test_evidence_regime/structure_panel/esmfold_pdb/YP_009638097.1.pdb
YP_009620082.1	493	completed	runs/v2_full_test_evidence_regime/structure_panel/esmfold_pdb/YP_009620082.1.pdb
YP_010085894.1	516	completed	runs/v2_full_test_evidence_regime/structure_panel/esmfold_pdb/YP_010085894.1.pdb
YP_010746910.1	491	completed	runs/v2_full_test_evidence_regime/structure_panel/esmfold_pdb/YP_010746910.1.pdb
YP_010087462.1	530	completed	runs/v2_full_test_evidence_regime/structure_panel/esmfold_pdb/YP_010087462.1.pdb
YP_002922840.1	533	completed	runs/v2_full_test_evidence_regime/structure_panel/esmfold_pdb/YP_002922840.1.pdb
YP_009791627.1	436	completed	runs/v2_full_test_evidence_regime/structure_panel/esmfold_pdb/YP_009791627.1.pdb
YP_010748458.1	423	completed	runs/v2_full_test_evidence_regime/structure_panel/esmfold_pdb/YP_010748458.1.pdb
YP_009226879.1	568	completed	runs/v2_full_test_evidence_regime/structure_panel/esmfold_pdb/YP_009226879.1.pdb
YP_009336938.1	480	completed	runs/v2_full_test_evidence_regime/structure_panel/esmfold_pdb/YP_009336938.1.pdb
YP_009798939.1	222	completed	runs/v2_full_test_evidence_regime/structure_panel/esmfold_pdb/YP_009798939.1.pdb
YP_009886859.1	390	completed	runs/v2_full_test_evidence_regime/structure_panel/esmfold_pdb/YP_009886859.1.pdb
YP_009666949.1	2238	completed	runs/v2_full_test_evidence_regime/structure_panel/esmfold_pdb/YP_009666949.1.pdb
YP_009882314.1	327	completed	runs/v2_full_test_evidence_regime/structure_panel/esmfold_pdb/YP_009882314.1.pdb
YP_010747422.1	1032	completed	runs/v2_full_test_evidence_regime/structure_panel/esmfold_pdb/YP_010747422.1.pdb
YP_010657841.1	401	completed	runs/v2_full_test_evidence_regime/structure_panel/esmfold_pdb/YP_010657841.1.pdb
YP_009796139.1	998	completed	runs/v2_full_test_evidence_regime/structure_panel/esmfold_pdb/YP_009796139.1.pdb
YP_002898979.1	876	completed	runs/v2_full_test_evidence_regime/structure_panel/esmfold_pdb/YP_002898979.1.pdb
YP_009856344.1	377	completed	runs/v2_full_test_evidence_regime/structure_panel/esmfold_pdb/YP_009856344.1.pdb
YP_010840733.1	2242	completed	runs/v2_full_test_evidence_regime/structure_panel/esmfold_pdb/YP_010840733.1.pdb
YP_009329890.1	1001	completed	runs/v2_full_test_evidence_regime/structure_panel/esmfold_pdb/YP_009329890.1.pdb
YP_009333214.1	755	completed	runs/v2_full_test_evidence_regime/structure_panel/esmfold_pdb/YP_009333214.1.pdb
YP_010676192.1	184	completed	runs/v2_full_test_evidence_regime/structure_panel/esmfold_pdb/YP_010676192.1.pdb
NP_042788.1	80	completed	runs/v2_full_test_evidence_regime/structure_panel/esmfold_pdb/NP_042788.1.pdb
YP_010658247.1	400	completed	runs/v2_full_test_evidence_regime/structure_panel/esmfold_pdb/YP_010658247.1.pdb
NP_045945.1	276	completed	runs/v2_full_test_evidence_regime/structure_panel/esmfold_pdb/NP_045945.1.pdb
YP_010659951.1	126	completed	runs/v2_full_test_evidence_regime/structure_panel/esmfold_pdb/YP_010659951.1.pdb
YP_009845821.1	146	completed	runs/v2_full_test_evidence_regime/structure_panel/esmfold_pdb/YP_009845821.1.pdb
YP_009821026.1	783	completed	runs/v2_full_test_evidence_regime/structure_panel/esmfold_pdb/YP_009821026.1.pdb
YP_009703677.1	147	completed	runs/v2_full_test_evidence_regime/structure_panel/esmfold_pdb/YP_009703677.1.pdb
YP_010742760.1	139	completed	runs/v2_full_test_evidence_regime/structure_panel/esmfold_pdb/YP_010742760.1.pdb
YP_453672.1	658	completed	runs/v2_full_test_evidence_regime/structure_panel/esmfold_pdb/YP_453672.1.pdb
YP_009607680.1	619	completed	runs/v2_full_test_evidence_regime/structure_panel/esmfold_pdb/YP_009607680.1.pdb
YP_009336808.1	525	completed	runs/v2_full_test_evidence_regime/structure_panel/esmfold_pdb/YP_009336808.1.pdb
YP_010784554.1	1941	completed	runs/v2_full_test_evidence_regime/structure_panel/esmfold_pdb/YP_010784554.1.pdb
YP_009552476.1	1047	completed	runs/v2_full_test_evidence_regime/structure_panel/esmfold_pdb/YP_009552476.1.pdb
YP_009600297.1	184	completed	runs/v2_full_test_evidence_regime/structure_panel/esmfold_pdb/YP_009600297.1.pdb
YP_009337772.1	499	completed	runs/v2_full_test_evidence_regime/structure_panel/esmfold_pdb/YP_009337772.1.pdb
YP_010840716.1	2251	completed	runs/v2_full_test_evidence_regime/structure_panel/esmfold_pdb/YP_010840716.1.pdb
YP_009819254.1	813	completed	runs/v2_full_test_evidence_regime/structure_panel/esmfold_pdb/YP_009819254.1.pdb
YP_010797560.1	2009	completed	runs/v2_full_test_evidence_regime/structure_panel/esmfold_pdb/YP_010797560.1.pdb
YP_009836774.1	901	completed	runs/v2_full_test_evidence_regime/structure_panel/esmfold_pdb/YP_009836774.1.pdb
YP_009796766.1	621	completed	runs/v2_full_test_evidence_regime/structure_panel/esmfold_pdb/YP_009796766.1.pdb
YP_009337885.1	554	completed	runs/v2_full_test_evidence_regime/structure_panel/esmfold_pdb/YP_009337885.1.pdb
YP_009336869.1	369	completed	runs/v2_full_test_evidence_regime/structure_panel/esmfold_pdb/YP_009336869.1.pdb
YP_010088905.1	713	completed	runs/v2_full_test_evidence_regime/structure_panel/esmfold_pdb/YP_010088905.1.pdb
YP_009153054.1	633	completed	runs/v2_full_test_evidence_regime/structure_panel/esmfold_pdb/YP_009153054.1.pdb
YP_009147861.1	811	completed	runs/v2_full_test_evidence_regime/structure_panel/esmfold_pdb/YP_009147861.1.pdb
YP_009330258.1	1209	completed	runs/v2_full_test_evidence_regime/structure_panel/esmfold_pdb/YP_009330258.1.pdb
YP_009598330.1	3612	missing_or_failed	
YP_010658618.1	261	completed	runs/v2_full_test_evidence_regime/structure_panel/esmfold_pdb/YP_010658618.1.pdb
YP_009841947.1	222	completed	runs/v2_full_test_evidence_regime/structure_panel/esmfold_pdb/YP_009841947.1.pdb
YP_009507855.1	2423	completed	runs/v2_full_test_evidence_regime/structure_panel/esmfold_pdb/YP_009507855.1.pdb
YP_010112128.1	191	completed	runs/v2_full_test_evidence_regime/structure_panel/esmfold_pdb/YP_010112128.1.pdb
YP_009617276.1	604	completed	runs/v2_full_test_evidence_regime/structure_panel/esmfold_pdb/YP_009617276.1.pdb
YP_009845819.1	225	completed	runs/v2_full_test_evidence_regime/structure_panel/esmfold_pdb/YP_009845819.1.pdb
YP_009927177.1	1242	completed	runs/v2_full_test_evidence_regime/structure_panel/esmfold_pdb/YP_009927177.1.pdb
YP_009886122.1	502	completed	runs/v2_full_test_evidence_regime/structure_panel/esmfold_pdb/YP_009886122.1.pdb
YP_009703361.1	1450	completed	runs/v2_full_test_evidence_regime/structure_panel/esmfold_pdb/YP_009703361.1.pdb
YP_009333274.1	909	completed	runs/v2_full_test_evidence_regime/structure_panel/esmfold_pdb/YP_009333274.1.pdb
YP_009337409.1	1808	completed	runs/v2_full_test_evidence_regime/structure_panel/esmfold_pdb/YP_009337409.1.pdb
YP_009333514.1	810	completed	runs/v2_full_test_evidence_regime/structure_panel/esmfold_pdb/YP_009333514.1.pdb
YP_009337363.1	922	completed	runs/v2_full_test_evidence_regime/structure_panel/esmfold_pdb/YP_009337363.1.pdb
YP_009342327.1	1830	completed	runs/v2_full_test_evidence_regime/structure_panel/esmfold_pdb/YP_009342327.1.pdb
YP_009336770.1	2891	missing_or_failed	
YP_009336951.1	1012	completed	runs/v2_full_test_evidence_regime/structure_panel/esmfold_pdb/YP_009336951.1.pdb
YP_009179221.1	5114	missing_or_failed	
YP_009336918.1	2761	missing_or_failed	
YP_009336521.1	1588	completed	runs/v2_full_test_evidence_regime/structure_panel/esmfold_pdb/YP_009336521.1.pdb
YP_009243645.1	2166	completed	runs/v2_full_test_evidence_regime/structure_panel/esmfold_pdb/YP_009243645.1.pdb
YP_009333492.1	2518	completed	runs/v2_full_test_evidence_regime/structure_panel/esmfold_pdb/YP_009333492.1.pdb
YP_009333494.1	2535	completed	runs/v2_full_test_evidence_regime/structure_panel/esmfold_pdb/YP_009333494.1.pdb
YP_009342321.1	2976	missing_or_failed	
YP_009329854.1	2004	completed	runs/v2_full_test_evidence_regime/structure_panel/esmfold_pdb/YP_009329854.1.pdb
YP_009337350.1	2821	missing_or_failed	
YP_009333601.1	836	completed	runs/v2_full_test_evidence_regime/structure_panel/esmfold_pdb/YP_009333601.1.pdb
YP_009337720.1	1855	completed	runs/v2_full_test_evidence_regime/structure_panel/esmfold_pdb/YP_009337720.1.pdb
YP_009337672.1	3565	missing_or_failed	
YP_009342257.1	1348	completed	runs/v2_full_test_evidence_regime/structure_panel/esmfold_pdb/YP_009342257.1.pdb
YP_009333197.1	2047	completed	runs/v2_full_test_evidence_regime/structure_panel/esmfold_pdb/YP_009333197.1.pdb
YP_009333423.1	1659	completed	runs/v2_full_test_evidence_regime/structure_panel/esmfold_pdb/YP_009333423.1.pdb
YP_009333143.1	2645	completed	runs/v2_full_test_evidence_regime/structure_panel/esmfold_pdb/YP_009333143.1.pdb
YP_009408586.1	2650	completed	runs/v2_full_test_evidence_regime/structure_panel/esmfold_pdb/YP_009408586.1.pdb
YP_009337195.1	1792	completed	runs/v2_full_test_evidence_regime/structure_panel/esmfold_pdb/YP_009337195.1.pdb
YP_009336529.1	3001	missing_or_failed	
YP_009345033.1	753	completed	runs/v2_full_test_evidence_regime/structure_panel/esmfold_pdb/YP_009345033.1.pdb
YP_009333535.1	1522	completed	runs/v2_full_test_evidence_regime/structure_panel/esmfold_pdb/YP_009333535.1.pdb
YP_009345029.1	1608	completed	runs/v2_full_test_evidence_regime/structure_panel/esmfold_pdb/YP_009345029.1.pdb
YP_009337271.1	2943	missing_or_failed	
YP_009179226.1	5809	missing_or_failed	
YP_009336738.1	715	completed	runs/v2_full_test_evidence_regime/structure_panel/esmfold_pdb/YP_009336738.1.pdb
YP_010084736.1	2324	completed	runs/v2_full_test_evidence_regime/structure_panel/esmfold_pdb/YP_010084736.1.pdb
YP_009336699.1	784	completed	runs/v2_full_test_evidence_regime/structure_panel/esmfold_pdb/YP_009336699.1.pdb
YP_009329976.1	1626	completed	runs/v2_full_test_evidence_regime/structure_panel/esmfold_pdb/YP_009329976.1.pdb
YP_009333501.1	4210	missing_or_failed	
YP_010084727.1	2310	completed	runs/v2_full_test_evidence_regime/structure_panel/esmfold_pdb/YP_010084727.1.pdb
YP_009337710.1	3092	missing_or_failed	
YP_009337405.1	3100	missing_or_failed	
YP_009333538.1	3287	missing_or_failed	
YP_009333546.1	2574	completed	runs/v2_full_test_evidence_regime/structure_panel/esmfold_pdb/YP_009333546.1.pdb
YP_009333563.1	2705	missing_or_failed	
YP_009337683.1	886	completed	runs/v2_full_test_evidence_regime/structure_panel/esmfold_pdb/YP_009337683.1.pdb
YP_009336830.1	3146	missing_or_failed	
YP_009337644.1	3230	missing_or_failed	
NP_653145.1	2322	completed	runs/v2_full_test_evidence_regime/structure_panel/esmfold_pdb/NP_653145.1.pdb
YP_009336810.1	2661	completed	runs/v2_full_test_evidence_regime/structure_panel/esmfold_pdb/YP_009336810.1.pdb
YP_009336855.1	1959	completed	runs/v2_full_test_evidence_regime/structure_panel/esmfold_pdb/YP_009336855.1.pdb
YP_009337400.1	1799	completed	runs/v2_full_test_evidence_regime/structure_panel/esmfold_pdb/YP_009337400.1.pdb
YP_009336662.1	757	completed	runs/v2_full_test_evidence_regime/structure_panel/esmfold_pdb/YP_009336662.1.pdb
YP_009796904.1	133	completed	runs/v2_full_test_evidence_regime/structure_panel/esmfold_pdb/YP_009796904.1.pdb
YP_009666197.1	133	completed	runs/v2_full_test_evidence_regime/structure_panel/esmfold_pdb/YP_009666197.1.pdb
YP_010087211.1	129	completed	runs/v2_full_test_evidence_regime/structure_panel/esmfold_pdb/YP_010087211.1.pdb
YP_009887117.1	98	completed	runs/v2_full_test_evidence_regime/structure_panel/esmfold_pdb/YP_009887117.1.pdb
YP_009844421.1	96	completed	runs/v2_full_test_evidence_regime/structure_panel/esmfold_pdb/YP_009844421.1.pdb
YP_009322375.1	250	completed	runs/v2_full_test_evidence_regime/structure_panel/esmfold_pdb/YP_009322375.1.pdb
YP_010680383.1	277	completed	runs/v2_full_test_evidence_regime/structure_panel/esmfold_pdb/YP_010680383.1.pdb
YP_010065017.1	126	completed	runs/v2_full_test_evidence_regime/structure_panel/esmfold_pdb/YP_010065017.1.pdb
YP_008531959.1	117	completed	runs/v2_full_test_evidence_regime/structure_panel/esmfold_pdb/YP_008531959.1.pdb
YP_007001447.1	237	completed	runs/v2_full_test_evidence_regime/structure_panel/esmfold_pdb/YP_007001447.1.pdb
YP_009213153.1	410	completed	runs/v2_full_test_evidence_regime/structure_panel/esmfold_pdb/YP_009213153.1.pdb
YP_009032194.1	65	completed	runs/v2_full_test_evidence_regime/structure_panel/esmfold_pdb/YP_009032194.1.pdb
YP_009807014.1	87	completed	runs/v2_full_test_evidence_regime/structure_panel/esmfold_pdb/YP_009807014.1.pdb
YP_009807423.1	133	completed	runs/v2_full_test_evidence_regime/structure_panel/esmfold_pdb/YP_009807423.1.pdb
YP_009902886.1	133	completed	runs/v2_full_test_evidence_regime/structure_panel/esmfold_pdb/YP_009902886.1.pdb
YP_010357021.1	181	completed	runs/v2_full_test_evidence_regime/structure_panel/esmfold_pdb/YP_010357021.1.pdb
YP_009818757.1	133	completed	runs/v2_full_test_evidence_regime/structure_panel/esmfold_pdb/YP_009818757.1.pdb
YP_009508295.1	131	completed	runs/v2_full_test_evidence_regime/structure_panel/esmfold_pdb/YP_009508295.1.pdb
YP_010681121.1	278	completed	runs/v2_full_test_evidence_regime/structure_panel/esmfold_pdb/YP_010681121.1.pdb
YP_010112388.1	79	completed	runs/v2_full_test_evidence_regime/structure_panel/esmfold_pdb/YP_010112388.1.pdb
YP_009112875.1	135	completed	runs/v2_full_test_evidence_regime/structure_panel/esmfold_pdb/YP_009112875.1.pdb
YP_224054.2	70	completed	runs/v2_full_test_evidence_regime/structure_panel/esmfold_pdb/YP_224054.2.pdb
YP_010680683.1	278	completed	runs/v2_full_test_evidence_regime/structure_panel/esmfold_pdb/YP_010680683.1.pdb
YP_009284896.1	70	completed	runs/v2_full_test_evidence_regime/structure_panel/esmfold_pdb/YP_009284896.1.pdb
YP_009190534.1	261	completed	runs/v2_full_test_evidence_regime/structure_panel/esmfold_pdb/YP_009190534.1.pdb
YP_009882178.1	88	completed	runs/v2_full_test_evidence_regime/structure_panel/esmfold_pdb/YP_009882178.1.pdb
YP_001110765.1	131	completed	runs/v2_full_test_evidence_regime/structure_panel/esmfold_pdb/YP_001110765.1.pdb
YP_006906849.1	237	completed	runs/v2_full_test_evidence_regime/structure_panel/esmfold_pdb/YP_006906849.1.pdb
YP_009889865.1	99	completed	runs/v2_full_test_evidence_regime/structure_panel/esmfold_pdb/YP_009889865.1.pdb
YP_009100095.1	109	completed	runs/v2_full_test_evidence_regime/structure_panel/esmfold_pdb/YP_009100095.1.pdb
YP_008410946.1	84	completed	runs/v2_full_test_evidence_regime/structure_panel/esmfold_pdb/YP_008410946.1.pdb
YP_009887005.1	99	completed	runs/v2_full_test_evidence_regime/structure_panel/esmfold_pdb/YP_009887005.1.pdb
YP_009796248.1	117	completed	runs/v2_full_test_evidence_regime/structure_panel/esmfold_pdb/YP_009796248.1.pdb
YP_010747032.1	72	completed	runs/v2_full_test_evidence_regime/structure_panel/esmfold_pdb/YP_010747032.1.pdb
YP_009903015.1	70	completed	runs/v2_full_test_evidence_regime/structure_panel/esmfold_pdb/YP_009903015.1.pdb
YP_010681643.1	138	completed	runs/v2_full_test_evidence_regime/structure_panel/esmfold_pdb/YP_010681643.1.pdb
YP_010749669.1	171	completed	runs/v2_full_test_evidence_regime/structure_panel/esmfold_pdb/YP_010749669.1.pdb
YP_009204988.1	99	completed	runs/v2_full_test_evidence_regime/structure_panel/esmfold_pdb/YP_009204988.1.pdb
YP_009214226.1	127	completed	runs/v2_full_test_evidence_regime/structure_panel/esmfold_pdb/YP_009214226.1.pdb
YP_009882179.1	98	completed	runs/v2_full_test_evidence_regime/structure_panel/esmfold_pdb/YP_009882179.1.pdb
YP_009497863.1	96	completed	runs/v2_full_test_evidence_regime/structure_panel/esmfold_pdb/YP_009497863.1.pdb
YP_010839275.1	129	completed	runs/v2_full_test_evidence_regime/structure_panel/esmfold_pdb/YP_010839275.1.pdb
YP_009196681.1	133	completed	runs/v2_full_test_evidence_regime/structure_panel/esmfold_pdb/YP_009196681.1.pdb
YP_009850288.1	128	completed	runs/v2_full_test_evidence_regime/structure_panel/esmfold_pdb/YP_009850288.1.pdb
YP_009214229.1	73	completed	runs/v2_full_test_evidence_regime/structure_panel/esmfold_pdb/YP_009214229.1.pdb
YP_009321992.1	113	completed	runs/v2_full_test_evidence_regime/structure_panel/esmfold_pdb/YP_009321992.1.pdb
YP_010087827.1	141	completed	runs/v2_full_test_evidence_regime/structure_panel/esmfold_pdb/YP_010087827.1.pdb
YP_004010375.1	98	completed	runs/v2_full_test_evidence_regime/structure_panel/esmfold_pdb/YP_004010375.1.pdb
YP_010653536.1	319	completed	runs/v2_full_test_evidence_regime/structure_panel/esmfold_pdb/YP_010653536.1.pdb
YP_009903062.1	133	completed	runs/v2_full_test_evidence_regime/structure_panel/esmfold_pdb/YP_009903062.1.pdb
YP_009322362.1	231	completed	runs/v2_full_test_evidence_regime/structure_panel/esmfold_pdb/YP_009322362.1.pdb
YP_009222481.1	179	completed	runs/v2_full_test_evidence_regime/structure_panel/esmfold_pdb/YP_009222481.1.pdb
YP_009807427.1	243	completed	runs/v2_full_test_evidence_regime/structure_panel/esmfold_pdb/YP_009807427.1.pdb
YP_010052654.1	344	completed	runs/v2_full_test_evidence_regime/structure_panel/esmfold_pdb/YP_010052654.1.pdb
YP_009321804.1	168	completed	runs/v2_full_test_evidence_regime/structure_panel/esmfold_pdb/YP_009321804.1.pdb
YP_009168865.1	230	completed	runs/v2_full_test_evidence_regime/structure_panel/esmfold_pdb/YP_009168865.1.pdb
YP_011807639.1	243	completed	runs/v2_full_test_evidence_regime/structure_panel/esmfold_pdb/YP_011807639.1.pdb
YP_010109716.1	404	completed	runs/v2_full_test_evidence_regime/structure_panel/esmfold_pdb/YP_010109716.1.pdb
YP_009903509.1	230	completed	runs/v2_full_test_evidence_regime/structure_panel/esmfold_pdb/YP_009903509.1.pdb
YP_009808754.1	230	completed	runs/v2_full_test_evidence_regime/structure_panel/esmfold_pdb/YP_009808754.1.pdb
YP_009903006.1	230	completed	runs/v2_full_test_evidence_regime/structure_panel/esmfold_pdb/YP_009903006.1.pdb
YP_009187319.1	208	completed	runs/v2_full_test_evidence_regime/structure_panel/esmfold_pdb/YP_009187319.1.pdb
YP_009226020.1	243	completed	runs/v2_full_test_evidence_regime/structure_panel/esmfold_pdb/YP_009226020.1.pdb
YP_008433501.1	258	completed	runs/v2_full_test_evidence_regime/structure_panel/esmfold_pdb/YP_008433501.1.pdb
YP_010115753.1	230	completed	runs/v2_full_test_evidence_regime/structure_panel/esmfold_pdb/YP_010115753.1.pdb
YP_009907908.1	50	completed	runs/v2_full_test_evidence_regime/structure_panel/esmfold_pdb/YP_009907908.1.pdb
YP_010748026.1	227	completed	runs/v2_full_test_evidence_regime/structure_panel/esmfold_pdb/YP_010748026.1.pdb
NP_050531.1	175	completed	runs/v2_full_test_evidence_regime/structure_panel/esmfold_pdb/NP_050531.1.pdb
YP_001648926.1	175	completed	runs/v2_full_test_evidence_regime/structure_panel/esmfold_pdb/YP_001648926.1.pdb
YP_011879410.1	230	completed	runs/v2_full_test_evidence_regime/structure_panel/esmfold_pdb/YP_011879410.1.pdb
YP_009180929.1	50	completed	runs/v2_full_test_evidence_regime/structure_panel/esmfold_pdb/YP_009180929.1.pdb
YP_009362821.1	160	completed	runs/v2_full_test_evidence_regime/structure_panel/esmfold_pdb/YP_009362821.1.pdb
YP_009597363.1	309	completed	runs/v2_full_test_evidence_regime/structure_panel/esmfold_pdb/YP_009597363.1.pdb
YP_009854742.1	280	completed	runs/v2_full_test_evidence_regime/structure_panel/esmfold_pdb/YP_009854742.1.pdb
YP_009903089.1	242	completed	runs/v2_full_test_evidence_regime/structure_panel/esmfold_pdb/YP_009903089.1.pdb
YP_010096665.1	318	completed	runs/v2_full_test_evidence_regime/structure_panel/esmfold_pdb/YP_010096665.1.pdb
YP_009284700.1	229	completed	runs/v2_full_test_evidence_regime/structure_panel/esmfold_pdb/YP_009284700.1.pdb
YP_009902591.1	243	completed	runs/v2_full_test_evidence_regime/structure_panel/esmfold_pdb/YP_009902591.1.pdb
YP_009903555.1	243	completed	runs/v2_full_test_evidence_regime/structure_panel/esmfold_pdb/YP_009903555.1.pdb
YP_009902505.1	233	completed	runs/v2_full_test_evidence_regime/structure_panel/esmfold_pdb/YP_009902505.1.pdb
YP_009597364.1	265	completed	runs/v2_full_test_evidence_regime/structure_panel/esmfold_pdb/YP_009597364.1.pdb
YP_007002859.1	131	completed	runs/v2_full_test_evidence_regime/structure_panel/esmfold_pdb/YP_007002859.1.pdb
YP_009791594.1	230	completed	runs/v2_full_test_evidence_regime/structure_panel/esmfold_pdb/YP_009791594.1.pdb
YP_011879395.1	243	completed	runs/v2_full_test_evidence_regime/structure_panel/esmfold_pdb/YP_011879395.1.pdb
YP_009908140.1	175	completed	runs/v2_full_test_evidence_regime/structure_panel/esmfold_pdb/YP_009908140.1.pdb
YP_010747605.1	242	completed	runs/v2_full_test_evidence_regime/structure_panel/esmfold_pdb/YP_010747605.1.pdb
YP_010098243.1	404	completed	runs/v2_full_test_evidence_regime/structure_panel/esmfold_pdb/YP_010098243.1.pdb
YP_009902606.1	230	completed	runs/v2_full_test_evidence_regime/structure_panel/esmfold_pdb/YP_009902606.1.pdb
YP_009902682.1	242	completed	runs/v2_full_test_evidence_regime/structure_panel/esmfold_pdb/YP_009902682.1.pdb
YP_012054232.1	274	completed	runs/v2_full_test_evidence_regime/structure_panel/esmfold_pdb/YP_012054232.1.pdb
YP_009304735.1	227	completed	runs/v2_full_test_evidence_regime/structure_panel/esmfold_pdb/YP_009304735.1.pdb
YP_009854183.1	283	completed	runs/v2_full_test_evidence_regime/structure_panel/esmfold_pdb/YP_009854183.1.pdb
YP_009223992.1	252	completed	runs/v2_full_test_evidence_regime/structure_panel/esmfold_pdb/YP_009223992.1.pdb
YP_007001426.1	208	completed	runs/v2_full_test_evidence_regime/structure_panel/esmfold_pdb/YP_007001426.1.pdb
YP_009855174.1	208	completed	runs/v2_full_test_evidence_regime/structure_panel/esmfold_pdb/YP_009855174.1.pdb
YP_009620114.1	309	completed	runs/v2_full_test_evidence_regime/structure_panel/esmfold_pdb/YP_009620114.1.pdb
YP_009497879.1	168	completed	runs/v2_full_test_evidence_regime/structure_panel/esmfold_pdb/YP_009497879.1.pdb
YP_009791579.1	242	completed	runs/v2_full_test_evidence_regime/structure_panel/esmfold_pdb/YP_009791579.1.pdb
YP_009624453.1	227	completed	runs/v2_full_test_evidence_regime/structure_panel/esmfold_pdb/YP_009624453.1.pdb
YP_009215287.1	250	completed	runs/v2_full_test_evidence_regime/structure_panel/esmfold_pdb/YP_009215287.1.pdb
YP_001648938.1	177	completed	runs/v2_full_test_evidence_regime/structure_panel/esmfold_pdb/YP_001648938.1.pdb
YP_009808746.1	71	completed	runs/v2_full_test_evidence_regime/structure_panel/esmfold_pdb/YP_009808746.1.pdb
YP_010653518.1	81	completed	runs/v2_full_test_evidence_regime/structure_panel/esmfold_pdb/YP_010653518.1.pdb
YP_010061889.1	139	completed	runs/v2_full_test_evidence_regime/structure_panel/esmfold_pdb/YP_010061889.1.pdb
YP_010655643.1	306	completed	runs/v2_full_test_evidence_regime/structure_panel/esmfold_pdb/YP_010655643.1.pdb
YP_009275114.1	259	completed	runs/v2_full_test_evidence_regime/structure_panel/esmfold_pdb/YP_009275114.1.pdb
YP_010078656.1	178	completed	runs/v2_full_test_evidence_regime/structure_panel/esmfold_pdb/YP_010078656.1.pdb
YP_009791819.1	1254	completed	runs/v2_full_test_evidence_regime/structure_panel/esmfold_pdb/YP_009791819.1.pdb
YP_009152763.1	157	completed	runs/v2_full_test_evidence_regime/structure_panel/esmfold_pdb/YP_009152763.1.pdb
YP_009622920.1	155	completed	runs/v2_full_test_evidence_regime/structure_panel/esmfold_pdb/YP_009622920.1.pdb
YP_010103052.1	346	completed	runs/v2_full_test_evidence_regime/structure_panel/esmfold_pdb/YP_010103052.1.pdb
YP_010655522.1	101	completed	runs/v2_full_test_evidence_regime/structure_panel/esmfold_pdb/YP_010655522.1.pdb
YP_009903268.1	141	completed	runs/v2_full_test_evidence_regime/structure_panel/esmfold_pdb/YP_009903268.1.pdb
YP_009796972.1	71	completed	runs/v2_full_test_evidence_regime/structure_panel/esmfold_pdb/YP_009796972.1.pdb
YP_010660737.1	83	completed	runs/v2_full_test_evidence_regime/structure_panel/esmfold_pdb/YP_010660737.1.pdb
YP_010060053.1	321	completed	runs/v2_full_test_evidence_regime/structure_panel/esmfold_pdb/YP_010060053.1.pdb
YP_009638094.1	305	completed	runs/v2_full_test_evidence_regime/structure_panel/esmfold_pdb/YP_009638094.1.pdb
YP_010745774.1	44	completed	runs/v2_full_test_evidence_regime/structure_panel/esmfold_pdb/YP_010745774.1.pdb
YP_009168829.1	90	completed	runs/v2_full_test_evidence_regime/structure_panel/esmfold_pdb/YP_009168829.1.pdb
YP_009280187.1	47	completed	runs/v2_full_test_evidence_regime/structure_panel/esmfold_pdb/YP_009280187.1.pdb
YP_009821335.1	205	completed	runs/v2_full_test_evidence_regime/structure_panel/esmfold_pdb/YP_009821335.1.pdb
YP_009624446.1	160	completed	runs/v2_full_test_evidence_regime/structure_panel/esmfold_pdb/YP_009624446.1.pdb
YP_009150313.1	179	completed	runs/v2_full_test_evidence_regime/structure_panel/esmfold_pdb/YP_009150313.1.pdb
NP_050546.1	155	completed	runs/v2_full_test_evidence_regime/structure_panel/esmfold_pdb/NP_050546.1.pdb
YP_010102099.1	346	completed	runs/v2_full_test_evidence_regime/structure_panel/esmfold_pdb/YP_010102099.1.pdb
YP_009635687.1	321	completed	runs/v2_full_test_evidence_regime/structure_panel/esmfold_pdb/YP_009635687.1.pdb
YP_009205494.1	389	completed	runs/v2_full_test_evidence_regime/structure_panel/esmfold_pdb/YP_009205494.1.pdb
YP_010742980.1	173	completed	runs/v2_full_test_evidence_regime/structure_panel/esmfold_pdb/YP_010742980.1.pdb
YP_010109674.1	346	completed	runs/v2_full_test_evidence_regime/structure_panel/esmfold_pdb/YP_010109674.1.pdb
YP_004009584.1	120	completed	runs/v2_full_test_evidence_regime/structure_panel/esmfold_pdb/YP_004009584.1.pdb
YP_010509860.1	169	completed	runs/v2_full_test_evidence_regime/structure_panel/esmfold_pdb/YP_010509860.1.pdb
YP_010655526.1	317	completed	runs/v2_full_test_evidence_regime/structure_panel/esmfold_pdb/YP_010655526.1.pdb
YP_009621505.1	115	completed	runs/v2_full_test_evidence_regime/structure_panel/esmfold_pdb/YP_009621505.1.pdb
YP_009223935.1	148	completed	runs/v2_full_test_evidence_regime/structure_panel/esmfold_pdb/YP_009223935.1.pdb
YP_009856339.1	285	completed	runs/v2_full_test_evidence_regime/structure_panel/esmfold_pdb/YP_009856339.1.pdb
YP_009595777.1	107	completed	runs/v2_full_test_evidence_regime/structure_panel/esmfold_pdb/YP_009595777.1.pdb
YP_009821892.1	95	completed	runs/v2_full_test_evidence_regime/structure_panel/esmfold_pdb/YP_009821892.1.pdb
YP_009607569.1	325	completed	runs/v2_full_test_evidence_regime/structure_panel/esmfold_pdb/YP_009607569.1.pdb
YP_005098117.1	96	completed	runs/v2_full_test_evidence_regime/structure_panel/esmfold_pdb/YP_005098117.1.pdb
YP_009211023.1	154	completed	runs/v2_full_test_evidence_regime/structure_panel/esmfold_pdb/YP_009211023.1.pdb
YP_010747503.1	162	completed	runs/v2_full_test_evidence_regime/structure_panel/esmfold_pdb/YP_010747503.1.pdb
YP_009666184.1	141	completed	runs/v2_full_test_evidence_regime/structure_panel/esmfold_pdb/YP_009666184.1.pdb
YP_009791876.1	1191	completed	runs/v2_full_test_evidence_regime/structure_panel/esmfold_pdb/YP_009791876.1.pdb
YP_007010632.1	181	completed	runs/v2_full_test_evidence_regime/structure_panel/esmfold_pdb/YP_007010632.1.pdb
YP_008410903.1	323	completed	runs/v2_full_test_evidence_regime/structure_panel/esmfold_pdb/YP_008410903.1.pdb
YP_009908077.1	71	completed	runs/v2_full_test_evidence_regime/structure_panel/esmfold_pdb/YP_009908077.1.pdb
YP_009098383.1	134	completed	runs/v2_full_test_evidence_regime/structure_panel/esmfold_pdb/YP_009098383.1.pdb
YP_010582300.1	79	completed	runs/v2_full_test_evidence_regime/structure_panel/esmfold_pdb/YP_010582300.1.pdb
YP_009903169.1	160	completed	runs/v2_full_test_evidence_regime/structure_panel/esmfold_pdb/YP_009903169.1.pdb
YP_010653813.1	235	completed	runs/v2_full_test_evidence_regime/structure_panel/esmfold_pdb/YP_010653813.1.pdb
YP_009237256.1	667	completed	runs/v2_full_test_evidence_regime/structure_panel/esmfold_pdb/YP_009237256.1.pdb
YP_009044395.1	848	completed	runs/v2_full_test_evidence_regime/structure_panel/esmfold_pdb/YP_009044395.1.pdb
YP_010839602.1	1434	completed	runs/v2_full_test_evidence_regime/structure_panel/esmfold_pdb/YP_010839602.1.pdb
YP_224071.2	684	completed	runs/v2_full_test_evidence_regime/structure_panel/esmfold_pdb/YP_224071.2.pdb
YP_010747707.1	684	completed	runs/v2_full_test_evidence_regime/structure_panel/esmfold_pdb/YP_010747707.1.pdb
YP_010746472.1	684	completed	runs/v2_full_test_evidence_regime/structure_panel/esmfold_pdb/YP_010746472.1.pdb
YP_009666878.1	1400	completed	runs/v2_full_test_evidence_regime/structure_panel/esmfold_pdb/YP_009666878.1.pdb
YP_010839606.1	1430	completed	runs/v2_full_test_evidence_regime/structure_panel/esmfold_pdb/YP_010839606.1.pdb
YP_010801705.1	249	completed	runs/v2_full_test_evidence_regime/structure_panel/esmfold_pdb/YP_010801705.1.pdb
YP_010080439.1	666	completed	runs/v2_full_test_evidence_regime/structure_panel/esmfold_pdb/YP_010080439.1.pdb
YP_009113179.1	676	completed	runs/v2_full_test_evidence_regime/structure_panel/esmfold_pdb/YP_009113179.1.pdb
YP_007349017.1	602	completed	runs/v2_full_test_evidence_regime/structure_panel/esmfold_pdb/YP_007349017.1.pdb
YP_010799395.1	639	completed	runs/v2_full_test_evidence_regime/structure_panel/esmfold_pdb/YP_010799395.1.pdb
YP_010840626.1	1463	completed	runs/v2_full_test_evidence_regime/structure_panel/esmfold_pdb/YP_010840626.1.pdb
YP_010084526.1	465	completed	runs/v2_full_test_evidence_regime/structure_panel/esmfold_pdb/YP_010084526.1.pdb
YP_010840090.1	612	completed	runs/v2_full_test_evidence_regime/structure_panel/esmfold_pdb/YP_010840090.1.pdb
NP_044906.3	460	completed	runs/v2_full_test_evidence_regime/structure_panel/esmfold_pdb/NP_044906.3.pdb
YP_010745870.1	684	completed	runs/v2_full_test_evidence_regime/structure_panel/esmfold_pdb/YP_010745870.1.pdb
YP_009388513.1	890	completed	runs/v2_full_test_evidence_regime/structure_panel/esmfold_pdb/YP_009388513.1.pdb
YP_009551849.1	379	completed	runs/v2_full_test_evidence_regime/structure_panel/esmfold_pdb/YP_009551849.1.pdb
YP_010746740.1	684	completed	runs/v2_full_test_evidence_regime/structure_panel/esmfold_pdb/YP_010746740.1.pdb
YP_010840076.1	661	completed	runs/v2_full_test_evidence_regime/structure_panel/esmfold_pdb/YP_010840076.1.pdb
YP_010084468.1	834	completed	runs/v2_full_test_evidence_regime/structure_panel/esmfold_pdb/YP_010084468.1.pdb
YP_010659925.1	635	completed	runs/v2_full_test_evidence_regime/structure_panel/esmfold_pdb/YP_010659925.1.pdb
YP_010112095.1	307	completed	runs/v2_full_test_evidence_regime/structure_panel/esmfold_pdb/YP_010112095.1.pdb
YP_010839445.1	1437	completed	runs/v2_full_test_evidence_regime/structure_panel/esmfold_pdb/YP_010839445.1.pdb
YP_009666937.1	1446	completed	runs/v2_full_test_evidence_regime/structure_panel/esmfold_pdb/YP_009666937.1.pdb
YP_010582402.1	684	completed	runs/v2_full_test_evidence_regime/structure_panel/esmfold_pdb/YP_010582402.1.pdb
YP_010840717.1	1428	completed	runs/v2_full_test_evidence_regime/structure_panel/esmfold_pdb/YP_010840717.1.pdb
YP_009337441.1	1229	completed	runs/v2_full_test_evidence_regime/structure_panel/esmfold_pdb/YP_009337441.1.pdb
YP_008709777.1	1371	completed	runs/v2_full_test_evidence_regime/structure_panel/esmfold_pdb/YP_008709777.1.pdb
YP_010747412.1	220	completed	runs/v2_full_test_evidence_regime/structure_panel/esmfold_pdb/YP_010747412.1.pdb
YP_010084479.1	774	completed	runs/v2_full_test_evidence_regime/structure_panel/esmfold_pdb/YP_010084479.1.pdb
YP_009118412.1	739	completed	runs/v2_full_test_evidence_regime/structure_panel/esmfold_pdb/YP_009118412.1.pdb
YP_010839410.1	1441	completed	runs/v2_full_test_evidence_regime/structure_panel/esmfold_pdb/YP_010839410.1.pdb
YP_010840679.1	1461	completed	runs/v2_full_test_evidence_regime/structure_panel/esmfold_pdb/YP_010840679.1.pdb
YP_010582526.1	680	completed	runs/v2_full_test_evidence_regime/structure_panel/esmfold_pdb/YP_010582526.1.pdb
YP_008239742.1	684	completed	runs/v2_full_test_evidence_regime/structure_panel/esmfold_pdb/YP_008239742.1.pdb
YP_010839572.1	1437	completed	runs/v2_full_test_evidence_regime/structure_panel/esmfold_pdb/YP_010839572.1.pdb
YP_010840908.1	1387	completed	runs/v2_full_test_evidence_regime/structure_panel/esmfold_pdb/YP_010840908.1.pdb
YP_009666932.1	1461	completed	runs/v2_full_test_evidence_regime/structure_panel/esmfold_pdb/YP_009666932.1.pdb
YP_009337011.1	527	completed	runs/v2_full_test_evidence_regime/structure_panel/esmfold_pdb/YP_009337011.1.pdb
YP_009616011.1	729	completed	runs/v2_full_test_evidence_regime/structure_panel/esmfold_pdb/YP_009616011.1.pdb
YP_010840687.1	1442	completed	runs/v2_full_test_evidence_regime/structure_panel/esmfold_pdb/YP_010840687.1.pdb
YP_004327590.1	645	completed	runs/v2_full_test_evidence_regime/structure_panel/esmfold_pdb/YP_004327590.1.pdb
YP_009666918.1	1433	completed	runs/v2_full_test_evidence_regime/structure_panel/esmfold_pdb/YP_009666918.1.pdb
YP_010839480.1	1462	completed	runs/v2_full_test_evidence_regime/structure_panel/esmfold_pdb/YP_010839480.1.pdb
YP_010085066.1	1419	completed	runs/v2_full_test_evidence_regime/structure_panel/esmfold_pdb/YP_010085066.1.pdb
YP_006590070.1	1404	completed	runs/v2_full_test_evidence_regime/structure_panel/esmfold_pdb/YP_006590070.1.pdb
YP_009512926.1	1417	completed	runs/v2_full_test_evidence_regime/structure_panel/esmfold_pdb/YP_009512926.1.pdb
YP_009886974.1	496	completed	runs/v2_full_test_evidence_regime/structure_panel/esmfold_pdb/YP_009886974.1.pdb
YP_010012543.1	432	completed	runs/v2_full_test_evidence_regime/structure_panel/esmfold_pdb/YP_010012543.1.pdb
YP_009703707.1	419	completed	runs/v2_full_test_evidence_regime/structure_panel/esmfold_pdb/YP_009703707.1.pdb
NP_858978.1	332	completed	runs/v2_full_test_evidence_regime/structure_panel/esmfold_pdb/NP_858978.1.pdb
YP_009880971.1	496	completed	runs/v2_full_test_evidence_regime/structure_panel/esmfold_pdb/YP_009880971.1.pdb
YP_010680566.1	300	completed	runs/v2_full_test_evidence_regime/structure_panel/esmfold_pdb/YP_010680566.1.pdb
YP_453588.1	288	completed	runs/v2_full_test_evidence_regime/structure_panel/esmfold_pdb/YP_453588.1.pdb
YP_009277060.1	311	completed	runs/v2_full_test_evidence_regime/structure_panel/esmfold_pdb/YP_009277060.1.pdb
YP_009703552.1	419	completed	runs/v2_full_test_evidence_regime/structure_panel/esmfold_pdb/YP_009703552.1.pdb
YP_009881499.1	496	completed	runs/v2_full_test_evidence_regime/structure_panel/esmfold_pdb/YP_009881499.1.pdb
YP_010114782.1	425	completed	runs/v2_full_test_evidence_regime/structure_panel/esmfold_pdb/YP_010114782.1.pdb
YP_009886230.1	496	completed	runs/v2_full_test_evidence_regime/structure_panel/esmfold_pdb/YP_009886230.1.pdb
YP_009885193.1	335	completed	runs/v2_full_test_evidence_regime/structure_panel/esmfold_pdb/YP_009885193.1.pdb
YP_009145685.1	366	completed	runs/v2_full_test_evidence_regime/structure_panel/esmfold_pdb/YP_009145685.1.pdb
YP_008408743.1	432	completed	runs/v2_full_test_evidence_regime/structure_panel/esmfold_pdb/YP_008408743.1.pdb
YP_009882264.1	152	completed	runs/v2_full_test_evidence_regime/structure_panel/esmfold_pdb/YP_009882264.1.pdb
YP_010681548.1	434	completed	runs/v2_full_test_evidence_regime/structure_panel/esmfold_pdb/YP_010681548.1.pdb
YP_009796514.1	473	completed	runs/v2_full_test_evidence_regime/structure_panel/esmfold_pdb/YP_009796514.1.pdb
YP_001285700.1	293	completed	runs/v2_full_test_evidence_regime/structure_panel/esmfold_pdb/YP_001285700.1.pdb
YP_010680317.1	303	completed	runs/v2_full_test_evidence_regime/structure_panel/esmfold_pdb/YP_010680317.1.pdb
YP_009277122.1	340	completed	runs/v2_full_test_evidence_regime/structure_panel/esmfold_pdb/YP_009277122.1.pdb
YP_010681049.1	301	completed	runs/v2_full_test_evidence_regime/structure_panel/esmfold_pdb/YP_010681049.1.pdb
YP_009100062.1	181	completed	runs/v2_full_test_evidence_regime/structure_panel/esmfold_pdb/YP_009100062.1.pdb
YP_010105485.1	424	completed	runs/v2_full_test_evidence_regime/structure_panel/esmfold_pdb/YP_010105485.1.pdb
YP_009881552.1	151	completed	runs/v2_full_test_evidence_regime/structure_panel/esmfold_pdb/YP_009881552.1.pdb
YP_009885331.1	151	completed	runs/v2_full_test_evidence_regime/structure_panel/esmfold_pdb/YP_009885331.1.pdb
YP_010100979.1	426	completed	runs/v2_full_test_evidence_regime/structure_panel/esmfold_pdb/YP_010100979.1.pdb
YP_009606890.1	366	completed	runs/v2_full_test_evidence_regime/structure_panel/esmfold_pdb/YP_009606890.1.pdb
YP_008873424.1	300	completed	runs/v2_full_test_evidence_regime/structure_panel/esmfold_pdb/YP_008873424.1.pdb
YP_006489077.1	502	completed	runs/v2_full_test_evidence_regime/structure_panel/esmfold_pdb/YP_006489077.1.pdb
YP_003857216.1	425	completed	runs/v2_full_test_evidence_regime/structure_panel/esmfold_pdb/YP_003857216.1.pdb
YP_007002873.1	317	completed	runs/v2_full_test_evidence_regime/structure_panel/esmfold_pdb/YP_007002873.1.pdb
YP_009822431.1	473	completed	runs/v2_full_test_evidence_regime/structure_panel/esmfold_pdb/YP_009822431.1.pdb
YP_009886783.1	335	completed	runs/v2_full_test_evidence_regime/structure_panel/esmfold_pdb/YP_009886783.1.pdb
YP_009880779.1	335	completed	runs/v2_full_test_evidence_regime/structure_panel/esmfold_pdb/YP_009880779.1.pdb
YP_006489176.1	151	completed	runs/v2_full_test_evidence_regime/structure_panel/esmfold_pdb/YP_006489176.1.pdb
YP_009324641.1	367	completed	runs/v2_full_test_evidence_regime/structure_panel/esmfold_pdb/YP_009324641.1.pdb
YP_009177293.1	366	completed	runs/v2_full_test_evidence_regime/structure_panel/esmfold_pdb/YP_009177293.1.pdb
YP_009880920.1	151	completed	runs/v2_full_test_evidence_regime/structure_panel/esmfold_pdb/YP_009880920.1.pdb
YP_010080467.1	197	completed	runs/v2_full_test_evidence_regime/structure_panel/esmfold_pdb/YP_010080467.1.pdb
YP_009881441.1	335	completed	runs/v2_full_test_evidence_regime/structure_panel/esmfold_pdb/YP_009881441.1.pdb
YP_009100063.1	217	completed	runs/v2_full_test_evidence_regime/structure_panel/esmfold_pdb/YP_009100063.1.pdb
YP_010681283.1	437	completed	runs/v2_full_test_evidence_regime/structure_panel/esmfold_pdb/YP_010681283.1.pdb
YP_009204993.1	366	completed	runs/v2_full_test_evidence_regime/structure_panel/esmfold_pdb/YP_009204993.1.pdb
YP_009886036.1	335	completed	runs/v2_full_test_evidence_regime/structure_panel/esmfold_pdb/YP_009886036.1.pdb
YP_009886476.1	496	completed	runs/v2_full_test_evidence_regime/structure_panel/esmfold_pdb/YP_009886476.1.pdb
YP_009886177.1	151	completed	runs/v2_full_test_evidence_regime/structure_panel/esmfold_pdb/YP_009886177.1.pdb
YP_010681286.1	300	completed	runs/v2_full_test_evidence_regime/structure_panel/esmfold_pdb/YP_010681286.1.pdb
YP_009833060.1	461	completed	runs/v2_full_test_evidence_regime/structure_panel/esmfold_pdb/YP_009833060.1.pdb
YP_010012672.1	432	completed	runs/v2_full_test_evidence_regime/structure_panel/esmfold_pdb/YP_010012672.1.pdb
YP_009844347.1	166	completed	runs/v2_full_test_evidence_regime/structure_panel/esmfold_pdb/YP_009844347.1.pdb
YP_010676172.1	489	completed	runs/v2_full_test_evidence_regime/structure_panel/esmfold_pdb/YP_010676172.1.pdb
YP_009838287.1	316	completed	runs/v2_full_test_evidence_regime/structure_panel/esmfold_pdb/YP_009838287.1.pdb
YP_009880931.1	1030	completed	runs/v2_full_test_evidence_regime/structure_panel/esmfold_pdb/YP_009880931.1.pdb
YP_009324889.1	2146	completed	runs/v2_full_test_evidence_regime/structure_panel/esmfold_pdb/YP_009324889.1.pdb
YP_009219525.1	489	completed	runs/v2_full_test_evidence_regime/structure_panel/esmfold_pdb/YP_009219525.1.pdb
YP_010681513.1	163	completed	runs/v2_full_test_evidence_regime/structure_panel/esmfold_pdb/YP_010681513.1.pdb
YP_010667570.1	503	completed	runs/v2_full_test_evidence_regime/structure_panel/esmfold_pdb/YP_010667570.1.pdb
YP_007349007.1	590	completed	runs/v2_full_test_evidence_regime/structure_panel/esmfold_pdb/YP_007349007.1.pdb
YP_010001120.1	110	completed	runs/v2_full_test_evidence_regime/structure_panel/esmfold_pdb/YP_010001120.1.pdb
YP_009606701.1	360	completed	runs/v2_full_test_evidence_regime/structure_panel/esmfold_pdb/YP_009606701.1.pdb
YP_009616006.1	593	completed	runs/v2_full_test_evidence_regime/structure_panel/esmfold_pdb/YP_009616006.1.pdb
YP_004010302.1	334	completed	runs/v2_full_test_evidence_regime/structure_panel/esmfold_pdb/YP_004010302.1.pdb
YP_009616102.1	126	completed	runs/v2_full_test_evidence_regime/structure_panel/esmfold_pdb/YP_009616102.1.pdb
YP_008433403.1	315	completed	runs/v2_full_test_evidence_regime/structure_panel/esmfold_pdb/YP_008433403.1.pdb
YP_009886933.1	334	completed	runs/v2_full_test_evidence_regime/structure_panel/esmfold_pdb/YP_009886933.1.pdb
YP_009822437.1	185	completed	runs/v2_full_test_evidence_regime/structure_panel/esmfold_pdb/YP_009822437.1.pdb
YP_009850423.1	385	completed	runs/v2_full_test_evidence_regime/structure_panel/esmfold_pdb/YP_009850423.1.pdb
YP_009884665.1	322	completed	runs/v2_full_test_evidence_regime/structure_panel/esmfold_pdb/YP_009884665.1.pdb
YP_009889829.1	363	completed	runs/v2_full_test_evidence_regime/structure_panel/esmfold_pdb/YP_009889829.1.pdb
YP_010653413.1	110	completed	runs/v2_full_test_evidence_regime/structure_panel/esmfold_pdb/YP_010653413.1.pdb
YP_009883563.1	267	completed	runs/v2_full_test_evidence_regime/structure_panel/esmfold_pdb/YP_009883563.1.pdb
YP_009618724.1	138	completed	runs/v2_full_test_evidence_regime/structure_panel/esmfold_pdb/YP_009618724.1.pdb
YP_008531998.1	185	completed	runs/v2_full_test_evidence_regime/structure_panel/esmfold_pdb/YP_008531998.1.pdb
YP_009836865.1	385	completed	runs/v2_full_test_evidence_regime/structure_panel/esmfold_pdb/YP_009836865.1.pdb
YP_009889851.1	381	completed	runs/v2_full_test_evidence_regime/structure_panel/esmfold_pdb/YP_009889851.1.pdb
YP_010653547.1	101	completed	runs/v2_full_test_evidence_regime/structure_panel/esmfold_pdb/YP_010653547.1.pdb
YP_009600270.1	325	completed	runs/v2_full_test_evidence_regime/structure_panel/esmfold_pdb/YP_009600270.1.pdb
YP_009880962.1	132	completed	runs/v2_full_test_evidence_regime/structure_panel/esmfold_pdb/YP_009880962.1.pdb
YP_002922863.1	284	completed	runs/v2_full_test_evidence_regime/structure_panel/esmfold_pdb/YP_002922863.1.pdb
YP_009880933.1	288	completed	runs/v2_full_test_evidence_regime/structure_panel/esmfold_pdb/YP_009880933.1.pdb
YP_009851111.1	253	completed	runs/v2_full_test_evidence_regime/structure_panel/esmfold_pdb/YP_009851111.1.pdb
YP_009845677.1	126	completed	runs/v2_full_test_evidence_regime/structure_panel/esmfold_pdb/YP_009845677.1.pdb
YP_009789511.1	487	completed	runs/v2_full_test_evidence_regime/structure_panel/esmfold_pdb/YP_009789511.1.pdb
YP_007673842.1	232	completed	runs/v2_full_test_evidence_regime/structure_panel/esmfold_pdb/YP_007673842.1.pdb
YP_009606702.1	214	completed	runs/v2_full_test_evidence_regime/structure_panel/esmfold_pdb/YP_009606702.1.pdb
YP_009844538.1	553	completed	runs/v2_full_test_evidence_regime/structure_panel/esmfold_pdb/YP_009844538.1.pdb
YP_009798888.1	593	completed	runs/v2_full_test_evidence_regime/structure_panel/esmfold_pdb/YP_009798888.1.pdb
YP_010653768.1	102	completed	runs/v2_full_test_evidence_regime/structure_panel/esmfold_pdb/YP_010653768.1.pdb
YP_009886967.1	527	completed	runs/v2_full_test_evidence_regime/structure_panel/esmfold_pdb/YP_009886967.1.pdb
YP_004010305.1	218	completed	runs/v2_full_test_evidence_regime/structure_panel/esmfold_pdb/YP_004010305.1.pdb
YP_009836905.1	129	completed	runs/v2_full_test_evidence_regime/structure_panel/esmfold_pdb/YP_009836905.1.pdb
YP_004009833.1	385	completed	runs/v2_full_test_evidence_regime/structure_panel/esmfold_pdb/YP_004009833.1.pdb
YP_010052616.1	89	completed	runs/v2_full_test_evidence_regime/structure_panel/esmfold_pdb/YP_010052616.1.pdb
YP_002456087.1	214	completed	runs/v2_full_test_evidence_regime/structure_panel/esmfold_pdb/YP_002456087.1.pdb
YP_009881505.1	182	completed	runs/v2_full_test_evidence_regime/structure_panel/esmfold_pdb/YP_009881505.1.pdb
YP_009145703.1	489	completed	runs/v2_full_test_evidence_regime/structure_panel/esmfold_pdb/YP_009145703.1.pdb
YP_007349114.1	253	completed	runs/v2_full_test_evidence_regime/structure_panel/esmfold_pdb/YP_007349114.1.pdb
YP_009837623.1	319	completed	runs/v2_full_test_evidence_regime/structure_panel/esmfold_pdb/YP_009837623.1.pdb
YP_004327041.1	138	completed	runs/v2_full_test_evidence_regime/structure_panel/esmfold_pdb/YP_004327041.1.pdb
YP_010740068.1	341	completed	runs/v2_full_test_evidence_regime/structure_panel/esmfold_pdb/YP_010740068.1.pdb
YP_009607592.1	486	completed	runs/v2_full_test_evidence_regime/structure_panel/esmfold_pdb/YP_009607592.1.pdb
YP_010102967.1	311	completed	runs/v2_full_test_evidence_regime/structure_panel/esmfold_pdb/YP_010102967.1.pdb
YP_010653823.1	397	completed	runs/v2_full_test_evidence_regime/structure_panel/esmfold_pdb/YP_010653823.1.pdb
YP_008857966.1	497	completed	runs/v2_full_test_evidence_regime/structure_panel/esmfold_pdb/YP_008857966.1.pdb
YP_010051051.1	368	completed	runs/v2_full_test_evidence_regime/structure_panel/esmfold_pdb/YP_010051051.1.pdb
YP_010679913.1	330	completed	runs/v2_full_test_evidence_regime/structure_panel/esmfold_pdb/YP_010679913.1.pdb
YP_009322002.1	375	completed	runs/v2_full_test_evidence_regime/structure_panel/esmfold_pdb/YP_009322002.1.pdb
YP_009043989.1	481	completed	runs/v2_full_test_evidence_regime/structure_panel/esmfold_pdb/YP_009043989.1.pdb
YP_010754372.1	370	completed	runs/v2_full_test_evidence_regime/structure_panel/esmfold_pdb/YP_010754372.1.pdb
YP_009321545.1	375	completed	runs/v2_full_test_evidence_regime/structure_panel/esmfold_pdb/YP_009321545.1.pdb
YP_010653976.1	389	completed	runs/v2_full_test_evidence_regime/structure_panel/esmfold_pdb/YP_010653976.1.pdb
YP_010653461.1	360	completed	runs/v2_full_test_evidence_regime/structure_panel/esmfold_pdb/YP_010653461.1.pdb
YP_009321821.1	481	completed	runs/v2_full_test_evidence_regime/structure_panel/esmfold_pdb/YP_009321821.1.pdb
YP_009187910.1	340	completed	runs/v2_full_test_evidence_regime/structure_panel/esmfold_pdb/YP_009187910.1.pdb
YP_010078696.1	397	completed	runs/v2_full_test_evidence_regime/structure_panel/esmfold_pdb/YP_010078696.1.pdb
YP_010679801.1	336	completed	runs/v2_full_test_evidence_regime/structure_panel/esmfold_pdb/YP_010679801.1.pdb
YP_008873469.1	325	completed	runs/v2_full_test_evidence_regime/structure_panel/esmfold_pdb/YP_008873469.1.pdb
YP_009593338.1	398	completed	runs/v2_full_test_evidence_regime/structure_panel/esmfold_pdb/YP_009593338.1.pdb
YP_010655689.1	271	completed	runs/v2_full_test_evidence_regime/structure_panel/esmfold_pdb/YP_010655689.1.pdb
YP_010098210.1	274	completed	runs/v2_full_test_evidence_regime/structure_panel/esmfold_pdb/YP_010098210.1.pdb
YP_009324934.1	481	completed	runs/v2_full_test_evidence_regime/structure_panel/esmfold_pdb/YP_009324934.1.pdb
YP_010001106.1	389	completed	runs/v2_full_test_evidence_regime/structure_panel/esmfold_pdb/YP_010001106.1.pdb
YP_009796778.1	571	completed	runs/v2_full_test_evidence_regime/structure_panel/esmfold_pdb/YP_009796778.1.pdb
YP_006906818.1	436	completed	runs/v2_full_test_evidence_regime/structure_panel/esmfold_pdb/YP_006906818.1.pdb
YP_009222524.1	265	completed	runs/v2_full_test_evidence_regime/structure_panel/esmfold_pdb/YP_009222524.1.pdb
YP_009907866.1	389	completed	runs/v2_full_test_evidence_regime/structure_panel/esmfold_pdb/YP_009907866.1.pdb
YP_009815793.1	395	completed	runs/v2_full_test_evidence_regime/structure_panel/esmfold_pdb/YP_009815793.1.pdb
YP_009042770.1	481	completed	runs/v2_full_test_evidence_regime/structure_panel/esmfold_pdb/YP_009042770.1.pdb
NP_859328.1	444	completed	runs/v2_full_test_evidence_regime/structure_panel/esmfold_pdb/NP_859328.1.pdb
YP_010104262.1	272	completed	runs/v2_full_test_evidence_regime/structure_panel/esmfold_pdb/YP_010104262.1.pdb
YP_010060910.1	486	completed	runs/v2_full_test_evidence_regime/structure_panel/esmfold_pdb/YP_010060910.1.pdb
YP_010680068.1	338	completed	runs/v2_full_test_evidence_regime/structure_panel/esmfold_pdb/YP_010680068.1.pdb
YP_009100059.1	359	completed	runs/v2_full_test_evidence_regime/structure_panel/esmfold_pdb/YP_009100059.1.pdb
YP_010681362.1	338	completed	runs/v2_full_test_evidence_regime/structure_panel/esmfold_pdb/YP_010681362.1.pdb
YP_010680125.1	334	completed	runs/v2_full_test_evidence_regime/structure_panel/esmfold_pdb/YP_010680125.1.pdb
YP_010653531.1	360	completed	runs/v2_full_test_evidence_regime/structure_panel/esmfold_pdb/YP_010653531.1.pdb
YP_009275391.1	371	completed	runs/v2_full_test_evidence_regime/structure_panel/esmfold_pdb/YP_009275391.1.pdb
YP_009190508.1	436	completed	runs/v2_full_test_evidence_regime/structure_panel/esmfold_pdb/YP_009190508.1.pdb
YP_008433447.1	501	completed	runs/v2_full_test_evidence_regime/structure_panel/esmfold_pdb/YP_008433447.1.pdb
YP_010680386.1	338	completed	runs/v2_full_test_evidence_regime/structure_panel/esmfold_pdb/YP_010680386.1.pdb
YP_009214300.1	497	completed	runs/v2_full_test_evidence_regime/structure_panel/esmfold_pdb/YP_009214300.1.pdb
YP_010681124.1	338	completed	runs/v2_full_test_evidence_regime/structure_panel/esmfold_pdb/YP_010681124.1.pdb
YP_009214227.1	388	completed	runs/v2_full_test_evidence_regime/structure_panel/esmfold_pdb/YP_009214227.1.pdb
YP_009908511.1	389	completed	runs/v2_full_test_evidence_regime/structure_panel/esmfold_pdb/YP_009908511.1.pdb
YP_001994852.1	377	completed	runs/v2_full_test_evidence_regime/structure_panel/esmfold_pdb/YP_001994852.1.pdb
YP_010102200.1	298	completed	runs/v2_full_test_evidence_regime/structure_panel/esmfold_pdb/YP_010102200.1.pdb
YP_009908110.1	389	completed	runs/v2_full_test_evidence_regime/structure_panel/esmfold_pdb/YP_009908110.1.pdb
YP_008051885.1	487	completed	runs/v2_full_test_evidence_regime/structure_panel/esmfold_pdb/YP_008051885.1.pdb
YP_010096654.1	311	completed	runs/v2_full_test_evidence_regime/structure_panel/esmfold_pdb/YP_010096654.1.pdb
YP_009336980.1	452	completed	runs/v2_full_test_evidence_regime/structure_panel/esmfold_pdb/YP_009336980.1.pdb
